route,language,region,family,primary_intent,research_state,assigned_queries,next_action,answer_completeness
/,en,shared,shared or regional page,Online Legal Consultation.,dated-observed-query-candidates,counselo,Validate candidate queries against full answers and jurisdiction before editing,not-established-by-assignment-or-html-parsing
/ar,ar,shared,shared or regional page,استشارة قانونية عبر الإنترنت.,no-direct-query-evidence-in-inputs,,Research same-language queries for this specific purpose; lack of evidence is not lack of demand,not-established-by-assignment-or-html-parsing
/ar/legal-library,ar,shared,shared or regional page,معرفة قانونية منظّمة لقرارات عملية.,keyword-export-candidates,إجراء قانوني | اعادة التماس النظر | اعادة النظر | اعادة النظر في الحكم | اعادة النظر في حكم المحكمة | اعتراض على حكم | اعتراض على حكم مطالبة مالية | اعداد المذكرات القانونية | الاعتراض على الحكم | الاعتراض على الحكم القضائي | الاعتراض على حكم | الاعتراض على حكم محكمة الاستئناف | الاعتراض على رد الدعوى | الاعتراض على محكمة الاستئناف | التعويض عن الضرر | التعويض عن الضرر في النظام السعودي | التماس إعادة النظر أمام محكمة الاستئناف | التماس اعادة النظر | التماس اعادة النظر في الحكم | التماس اعادة النظر في النظام السعودي | التماس اعادة النظر في حكم الاستئناف | الحكم الابتدائي | الدعوى الالكترونية | القضايا القانونية | المحكمة المختصة | المدونة القانونية | المذكرات القانونية | المراجع القانونية | المقالات القانونية | المكتبة القانونية | المكتبة القانونية الالكترونية | المكتبة القانونية السعودية | المكتبه القانونيه | بعد الاعتراض على الحكم | تحليل النص القانوني | حكم محكمة الاستئناف | خطوات الاعتراض على الحكم | دراسة القضية | دعوى التعويض عن الضرر | دعوى التماس اعادة النظر | دعوى الكترونية | رد الدعوى في النظام السعودي | رفض الاعتراض على الحكم | رفض الدعوى | رفض الدعوى في الاستئناف | رفض الدعوى في النظام السعودي | شروط الاعتراض على الحكم | شروط التماس اعادة النظر | صحيفة دعوى إلكترونية | طرق الاعتراض على الاحكام القضائية | طرق الاعتراض على الحكم | طريقة الاعتراض على الحكم | طريقة الاعتراض على حكم | طريقة الاعتراض على حكم محكمة الاستئناف | طريقة التماس إعادة النظر | طريقة تقديم التماس إعادة النظر | طريقة كتابة الاعتراض على الحكم | طلب إعادة النظر في حكم المحكمة | طلب اعادة نظر في حكم المحكمة | طلب الاستئناف | طلب الاعتراض على الحكم | طلب الاعتراض على حكم | طلب التعويض عن الضرر | طلب التماس إعادة النظر | عدم قبول التماس إعادة النظر | في حال الاعتراض على الحكم | قبول التماس اعادة النظر | قضايا السعودية | قضايا قانونية | قضايا قانونيه | كيفية دراسة قضية قانونية | محامي استئناف | محامي بالاستئناف | محامي في المحكمة | محامي قضايا | محتوى قانوني | مدة التماس إعادة النظر | مدة تقديم التماس إعادة النظر | معلومات قانونية | معلومات قانونية سريعة | معلومات قانونية سعودية | معلومات قانونية عامة | معلومات قانونية مهمة | مقال عن القانون | مقال قانوني | مقالات قانونية | مقالات قانونية سعودية | مقالات قانونيه | مكتبة القانونية | مكتبة قانونية | مكتبة قانونية الكترونية | مكتبة محامي | ميعاد التماس إعادة النظر | نموذج التماس إعادة النظر في السعودية,Review the completed scoped procedural answers within the broader library purpose,not-established-by-assignment-or-html-parsing
/ar/our-work,ar,shared,shared or regional page,خبرة قانونية يمكن الاطلاع عليها,no-direct-query-evidence-in-inputs,,Research same-language queries for this specific purpose; lack of evidence is not lack of demand,not-established-by-assignment-or-html-parsing
/ar/our-work/adrah-almkhatr-fy-aqd-tamyny,ar,shared,work example,إدارة المخاطر في عقد تأميني,no-direct-query-evidence-in-inputs,,"Monitor changes in purpose, services and observed searches; linked-page work remains separate",currently-reviewed-intents-complete-for-defined-page-purpose
/ar/our-work/alaatrad-ala-almkhalfat-albyyyh,ar,shared,work example,الاعتراض على المخالفات البيئية,no-direct-query-evidence-in-inputs,,"Monitor changes in purpose, services and observed searches; linked-page work remains separate",currently-reviewed-intents-complete-for-defined-page-purpose
/ar/our-work/alajrh-mqabl-almnfah-fy-aliyjar-altjary,ar,shared,work example,الأجرة مقابل المنفعة في الإيجار التجاري,no-direct-query-evidence-in-inputs,,"Monitor changes in purpose, services and observed searches; linked-page work remains separate",currently-reviewed-intents-complete-for-defined-page-purpose
/ar/our-work/algha-mkhalfat-aldfaa-almdny-bhkm-qdayy,ar,shared,work example,الغاء مخالفات الدفاع المدني بحكم قضائي,no-direct-query-evidence-in-inputs,,"Monitor changes in purpose, services and observed searches; linked-page work remains separate",currently-reviewed-intents-complete-for-defined-page-purpose
/ar/our-work/almttlbat-alqanwnyh-walhwkmh-aldakhlyh,ar,shared,work example,تسوية بين شركات مرتبطة: الموافقات وصلاحية التوقيع,no-direct-query-evidence-in-inputs,,"Monitor changes in purpose, services and observed searches; linked-page work remains separate",currently-reviewed-intents-complete-for-defined-page-purpose
/ar/our-work/altfawd-alqanwny-aldhky,ar,shared,work example,التفاوض على سرية مشروع تقني دولي وشروط عدم الالتفاف,no-direct-query-evidence-in-inputs,,"Monitor changes in purpose, services and observed searches; linked-page work remains separate",currently-reviewed-intents-complete-for-defined-page-purpose
/ar/our-work/andma-la-ykwn-alnzaa-hwl-alwaya-anma-altkyyf,ar,shared,work example,مدفوعات شريك أم دين على الشركة؟ دراسة أسباب الاستئناف,no-direct-query-evidence-in-inputs,,"Monitor changes in purpose, services and observed searches; linked-page work remains separate",currently-reviewed-intents-complete-for-defined-page-purpose
/ar/our-work/astratyjyh-kawnslw-lastrdad-sndat-lamr-bqymh-17-mlywn-ryal,ar,shared,work example,حكم بتسليم 16 سنداً لأمر تتجاوز قيمتها الاسمية 17 مليون ريال,no-direct-query-evidence-in-inputs,,"Monitor changes in purpose, services and observed searches; linked-page work remains separate",currently-reviewed-intents-complete-for-defined-page-purpose
/ar/our-work/astsharh-fy-ahtyal-maly,ar,shared,work example,استشاره في احتيال مالي,no-direct-query-evidence-in-inputs,,"Monitor changes in purpose, services and observed searches; linked-page work remains separate",currently-reviewed-intents-complete-for-defined-page-purpose
/ar/our-work/atfaqyh-atar-ltqdym-alkhdmat-altqnyh-whlwl-aldhka-alastnaay,ar,shared,work example,اتفاقية اطار لتقديم الخدمات التقنية وحلول الذكاء الاصطناعي,no-direct-query-evidence-in-inputs,,"Monitor changes in purpose, services and observed searches; linked-page work remains separate",currently-reviewed-intents-complete-for-defined-page-purpose
/ar/our-work/darsh-qdyh-qbl-alnzaa,ar,shared,work example,دراسة مطالبة بمستحقات توريد عمالة قبل رفع الدعوى,no-direct-query-evidence-in-inputs,,"Monitor changes in purpose, services and observed searches; linked-page work remains separate",currently-reviewed-intents-complete-for-defined-page-purpose
/ar/our-work/drash-qdyh-aqaryh-maqdh-fy-swrya,ar,shared,work example,دراسه قضيه عقاريه معقده في سوريا,no-direct-query-evidence-in-inputs,,"Monitor changes in purpose, services and observed searches; linked-page work remains separate",currently-reviewed-intents-complete-for-defined-page-purpose
/ar/our-work/drash-tan-amam-almhkmh-aladaryh-alalya,ar,shared,work example,دراسة طعن امام المحكمة الادارية العليا,no-direct-query-evidence-in-inputs,,"Monitor changes in purpose, services and observed searches; linked-page work remains separate",currently-reviewed-intents-complete-for-defined-page-purpose
/ar/our-work/fskh-aqd-iyjar-tjary-bsbb-khta-byanat-mnsh-iyjar,ar,shared,work example,فسخ عقد إيجار تجاري بسبب خطأ بيانات منصة إيجار,no-direct-query-evidence-in-inputs,,"Monitor changes in purpose, services and observed searches; linked-page work remains separate",currently-reviewed-intents-complete-for-defined-page-purpose
/ar/our-work/fskh-aqd-snaay-wastrdad-aldfah-almqdmh,ar,shared,work example,فسخ عقد صناعي واسترداد الدفعة المقدمة,no-direct-query-evidence-in-inputs,,"Monitor changes in purpose, services and observed searches; linked-page work remains separate",currently-reviewed-intents-complete-for-defined-page-purpose
/ar/our-work/hdwd-mswwlyh-alkfyl-fy-alsnd-lamr,ar,shared,work example,حدود مسؤولية الكفيل في السند لأمر,no-direct-query-evidence-in-inputs,,"Monitor changes in purpose, services and observed searches; linked-page work remains separate",currently-reviewed-intents-complete-for-defined-page-purpose
/ar/our-work/hl-ymkn-tjawz-altqadm-brfa-dawa-alithra-bla-sbb,ar,shared,work example,هل يمكن تجاوز التقادم برفع دعوى الإثراء بلا سبب؟,no-direct-query-evidence-in-inputs,,"Monitor changes in purpose, services and observed searches; linked-page work remains separate",currently-reviewed-intents-complete-for-defined-page-purpose
/ar/our-work/hyn-la-tnthy-alqdyh-balhkm-alawl-kyf-qlbt-kawnslw-msar-nzaa-amaly,ar,shared,work example,حين لا تنتهي القضية بالحكم الأول: كيف قلبت كاونسلو مسار نزاع عمالي؟,no-direct-query-evidence-in-inputs,,"Monitor changes in purpose, services and observed searches; linked-page work remains separate",currently-reviewed-intents-complete-for-defined-page-purpose
/ar/our-work/kawnslw-tdam-shrkh-lastrdad-448958-ryala-an-aqd-mqawlat,ar,shared,work example,"مطالبة بمستحقات مقاولات: حكم بـ448,958 ريالاً",no-direct-query-evidence-in-inputs,,"Monitor changes in purpose, services and observed searches; linked-page work remains separate",currently-reviewed-intents-complete-for-defined-page-purpose
/ar/our-work/kawnslw-w-tkhfyd-mtalbh-amwlh-tjaryh-mn-348-mlywn-ryal-ila-584-alf-ryal,ar,shared,work example,كاونسلو و تخفيض مطالبة عمولة تجارية من 3.48 مليون ريال إلى 584 ألف ريال,no-direct-query-evidence-in-inputs,,"Monitor changes in purpose, services and observed searches; linked-page work remains separate",currently-reviewed-intents-complete-for-defined-page-purpose
/ar/our-work/kawnslw-wtswyh-alarsdh-almalyh-qanwna,ar,shared,work example,كاونسلو وتسوية الارصدة المالية قانونا,no-direct-query-evidence-in-inputs,,"Monitor changes in purpose, services and observed searches; linked-page work remains separate",currently-reviewed-intents-complete-for-defined-page-purpose
/ar/our-work/kyf-adart-kawnslw-mrajah-mhasbyh-hsash,ar,shared,work example,كيف أدارت كاونسلو مراجعة محاسبية حساسة.,no-direct-query-evidence-in-inputs,,"Monitor changes in purpose, services and observed searches; linked-page work remains separate",currently-reviewed-intents-complete-for-defined-page-purpose
/ar/our-work/kyf-athbtt-kawnslw-alshrakh,ar,shared,work example,كيف اثبتت كاونسلو الشراكه,no-direct-query-evidence-in-inputs,,"Monitor changes in purpose, services and observed searches; linked-page work remains separate",currently-reviewed-intents-complete-for-defined-page-purpose
/ar/our-work/kyf-qadt-astratyjyh-kawnslw-ila-rfd-dawa-fskh-aqd-bya-wtawydat-bmlayyn-alryalat,ar,shared,work example,كيف قادت استراتيجية كاونسلو إلى رفض دعوى فسخ عقد بيع وتعويضات بملايين الريالات؟,no-direct-query-evidence-in-inputs,,"Monitor changes in purpose, services and observed searches; linked-page work remains separate",currently-reviewed-intents-complete-for-defined-page-purpose
/ar/our-work/kyf-saadt-kawnslw-fy-astrdad-300000-ryal-abr-slh-qdayy-fy-nzaa-tjary,ar,shared,work example,"كيف ساعدت كاونسلو في استرداد 300,000 ريال عبر صلح قضائي في نزاع تجاري؟",no-direct-query-evidence-in-inputs,,"Monitor changes in purpose, services and observed searches; linked-page work remains separate",currently-reviewed-intents-complete-for-defined-page-purpose
/ar/our-work/kyf-sahmt-kawnslw-fy-anjah-mlf-thkymy-kaml,ar,shared,work example,تحكيم مقاولات: تنظيم المطالبات وأدلة الخبرة,no-direct-query-evidence-in-inputs,,"Monitor changes in purpose, services and observed searches; linked-page work remains separate",currently-reviewed-intents-complete-for-defined-page-purpose
/ar/our-work/kyf-sahmt-kawnslw-fy-tkhfyd-mtalbh-mn-500-alf-ryal-ila-227,ar,shared,work example,تخفيض مطالبة تجارية من 500 ألف ريال إلى 227 ألف ريال,no-direct-query-evidence-in-inputs,,"Monitor changes in purpose, services and observed searches; linked-page work remains separate",currently-reviewed-intents-complete-for-defined-page-purpose
/ar/our-work/maaljh-halh-khta-tby,ar,shared,work example,معالجة حالة خطأ طبي,no-direct-query-evidence-in-inputs,,"Monitor changes in purpose, services and observed searches; linked-page work remains separate",currently-reviewed-intents-complete-for-defined-page-purpose
/ar/our-work/mn-alkhta-ala-altawyd-kyf-hddt-kawnslw-almswwl-almbashran-hadth,ar,shared,work example,من الخطأ الى التعويض: كيف حددت كاونسلو المسؤول المباشرعن حادث,no-direct-query-evidence-in-inputs,,"Monitor changes in purpose, services and observed searches; linked-page work remains separate",currently-reviewed-intents-complete-for-defined-page-purpose
/ar/our-work/mn-atham-maly-maqd-ila-brah-qtayh,ar,shared,work example,من اتهام مالي معقد إلى براءة قطعية,no-direct-query-evidence-in-inputs,,"Monitor changes in purpose, services and observed searches; linked-page work remains separate",currently-reviewed-intents-complete-for-defined-page-purpose
/ar/our-work/mn-drash-almstndat-ila-alhkm-bjmya-altlbat,ar,shared,work example,"مستحقات مقاولات: حكم في مطالبات بإجمالي 2,049,094 ريالاً",no-direct-query-evidence-in-inputs,,"Monitor changes in purpose, services and observed searches; linked-page work remains separate",currently-reviewed-intents-complete-for-defined-page-purpose
/ar/our-work/mnazah-tnfydh,ar,shared,work example,تحديد سبب الحوالة المالية في منازعة تنفيذ,no-direct-query-evidence-in-inputs,,"Monitor changes in purpose, services and observed searches; linked-page work remains separate",currently-reviewed-intents-complete-for-defined-page-purpose
/ar/our-work/mnhj-kawnslw-fy-mrajah-alaqwd-altjaryh,ar,shared,work example,منهج كاونسلو في مراجعة العقود التجارية,no-direct-query-evidence-in-inputs,,"Monitor changes in purpose, services and observed searches; linked-page work remains separate",currently-reviewed-intents-complete-for-defined-page-purpose
/ar/our-work/msandh-kawnslw-fy-qdyh-aabrh-llhdwd,ar,shared,work example,مسانده كاونسلو في قضية عابرة للحدود,no-direct-query-evidence-in-inputs,,"Monitor changes in purpose, services and observed searches; linked-page work remains separate",currently-reviewed-intents-complete-for-defined-page-purpose
/ar/our-work/mswwlyh-almqawlyn,ar,shared,work example,استبدال مقاول الباطن وتحميله التكاليف: دراسة المسؤولية,no-direct-query-evidence-in-inputs,,"Monitor changes in purpose, services and observed searches; linked-page work remains separate",currently-reviewed-intents-complete-for-defined-page-purpose
/ar/our-work/mta-tkwn-hyyh-althkym-ghyr-mkhtsh-athr-mkhalfh-shrt-althkym,ar,shared,work example,متى تكون هيئة التحكيم غير مختصة؟ أثر مخالفة شرط التحكيم,no-direct-query-evidence-in-inputs,,"Monitor changes in purpose, services and observed searches; linked-page work remains separate",currently-reviewed-intents-complete-for-defined-page-purpose
/ar/our-work/qdyh-mna-sfr-dd-aaml,ar,shared,work example,قضية منع سفر ضد عامل,no-direct-query-evidence-in-inputs,,"Monitor changes in purpose, services and observed searches; linked-page work remains separate",currently-reviewed-intents-complete-for-defined-page-purpose
/ar/our-work/ray-fy-mshrwa-qanwn-alwsath-alswry-maaljh-10-thghrat,ar,shared,work example,رأي في مشروع قانون الوساطة السوري/ معالجة 10 ثغرات,no-direct-query-evidence-in-inputs,,"Monitor changes in purpose, services and observed searches; linked-page work remains separate",currently-reviewed-intents-complete-for-defined-page-purpose
/ar/our-work/ray-qanwny-fy-tlb-aflas,ar,shared,work example,رأي قانوني في طلب افلاس,no-direct-query-evidence-in-inputs,,"Monitor changes in purpose, services and observed searches; linked-page work remains separate",currently-reviewed-intents-complete-for-defined-page-purpose
/ar/our-work/ray-qanwny-fy-tswyh-aabrh-llhdwd,ar,shared,work example,رأي قانوني في تسوية عابرة للحدود,no-direct-query-evidence-in-inputs,,"Monitor changes in purpose, services and observed searches; linked-page work remains separate",currently-reviewed-intents-complete-for-defined-page-purpose
/ar/our-work/rfd-dawa-fskh-aqd-amtyaz-tjary-wtawyd,ar,shared,work example,رفض دعوى فسخ عقد امتياز تجاري وتعويض,no-direct-query-evidence-in-inputs,,"Monitor changes in purpose, services and observed searches; linked-page work remains separate",currently-reviewed-intents-complete-for-defined-page-purpose
/ar/our-work/tfkyk-mstndat-altmas-aaadh-alnzr-bnjah,ar,shared,work example,تفكيك مستندات التماس اعاده النظر بنجاح,no-direct-query-evidence-in-inputs,,"Monitor changes in purpose, services and observed searches; linked-page work remains separate",currently-reviewed-intents-complete-for-defined-page-purpose
/ar/our-work/thlyl-mkhatr-nql-alaswl-walmsthqat-byn-alshrkat-almrtbth-athna-altsfyh,ar,shared,work example,تحليل مخاطر نقل الأصول والمستحقات بين الشركات المرتبطة أثناء التصفية,no-direct-query-evidence-in-inputs,,"Monitor changes in purpose, services and observed searches; linked-page work remains separate",currently-reviewed-intents-complete-for-defined-page-purpose
/ar/our-work/thwyl-qdyh-mn-rfd-ala-qbwl-wtayyd,ar,shared,work example,"عدم تسليم معدات: حكم بـ248,600 ريال بعد الاستئناف",no-direct-query-evidence-in-inputs,,"Monitor changes in purpose, services and observed searches; linked-page work remains separate",currently-reviewed-intents-complete-for-defined-page-purpose
/ar/our-work/tshyh-altkyyf-alqanwny-lanha-aqd-alaml,ar,shared,work example,تصحيح التكييف القانوني لانهاء عقد العمل,no-direct-query-evidence-in-inputs,,"Monitor changes in purpose, services and observed searches; linked-page work remains separate",currently-reviewed-intents-complete-for-defined-page-purpose
/blog,en,shared,shared or regional page,Articles & Guides,no-direct-query-evidence-in-inputs,,Research same-language queries for this specific purpose; lack of evidence is not lack of demand,not-established-by-assignment-or-html-parsing
/blog/ar,ar,shared,shared or regional page,مقالات وأدلة,no-direct-query-evidence-in-inputs,,Research same-language queries for this specific purpose; lack of evidence is not lack of demand,not-established-by-assignment-or-html-parsing
/blog/ar/Penalty-clause-in-saudi,ar,shared,article,الشرط الجزائي في العقود التجارية,no-direct-query-evidence-in-inputs,,"Monitor changes in purpose, services and observed searches; linked-page work remains separate",currently-reviewed-intents-complete-for-defined-page-purpose
/blog/ar/adarh-almkhatr-fy-alaqwd-wfq-alnzam-alsawdy,ar,shared,article,إدارة المخاطر في العقود وفق النظام السعودي,no-direct-query-evidence-in-inputs,,"Monitor changes in purpose, services and observed searches; linked-page work remains separate",currently-reviewed-intents-complete-for-defined-page-purpose
/blog/ar/alahlyh-fy-altaaqd-fy-alqanwn-alswry,ar,shared,article,الأهلية في التعاقد في القانون السوري,no-direct-query-evidence-in-inputs,,"Monitor changes in purpose, services and observed searches; linked-page work remains separate",currently-reviewed-intents-complete-for-defined-page-purpose
/blog/ar/alaqd-fy-alqanwn-alswry,ar,shared,article,العقد في القانون السوري,dated-observed-query-candidates,أركان عقد البيع في القانون السوري | شرح قانون العقود السوري | شروط صحة العقد في القانون السوري | شروط صحة عقد البيع في القانون السوري,"Monitor changes in purpose, services and observed searches; linked-page work remains separate",currently-reviewed-intents-complete-for-defined-page-purpose
/blog/ar/alaywb-alkhfyh-fy-alaqwd-wathrha-alqanwny,ar,shared,article,العيوب الخفية في العقود وأثرها القانوني,no-direct-query-evidence-in-inputs,,"Monitor changes in purpose, services and observed searches; linked-page work remains separate",currently-reviewed-intents-complete-for-defined-page-purpose
/blog/ar/alfrq-byn-alfskh-waltawyd-fy-alaqwd-altjaryh,ar,shared,article,الفرق بين الفسخ والتعويض في العقود التجارية,no-direct-query-evidence-in-inputs,,"Monitor changes in purpose, services and observed searches; linked-page work remains separate",currently-reviewed-intents-complete-for-defined-page-purpose
/blog/ar/almswwlyh-alaqdyh-fy-almaamlat-altjaryh,ar,shared,article,إثبات الإخلال بالعقد التجاري والضرر في السعودية,no-direct-query-evidence-in-inputs,,"Monitor changes in purpose, services and observed searches; linked-page work remains separate",currently-reviewed-intents-complete-for-defined-page-purpose
/blog/ar/almswwlyh-alaqdyh-fy-alqanwn-alswry,ar,shared,article,المسؤولية العقدية في القانون السوري,no-direct-query-evidence-in-inputs,,"Monitor changes in purpose, services and observed searches; linked-page work remains separate",currently-reviewed-intents-complete-for-defined-page-purpose
/blog/ar/almswwlyh-an-fal-alghyr,ar,shared,article,المسؤوليه عن فعل الغير,no-direct-query-evidence-in-inputs,,"Monitor changes in purpose, services and observed searches; linked-page work remains separate",currently-reviewed-intents-complete-for-defined-page-purpose
/blog/ar/alrda-fy-alqanwn-alswry,ar,shared,article,الرضا في القانون السوري,no-direct-query-evidence-in-inputs,,"Monitor changes in purpose, services and observed searches; linked-page work remains separate",currently-reviewed-intents-complete-for-defined-page-purpose
/blog/ar/alsnd-lamr-kadah-dman-mta-ythwl-ala-khtr-tnfydhy,ar,shared,article,السند لأمر كأداة ضمان: متى يتحول الى خطر تنفيذي.,no-direct-query-evidence-in-inputs,,"Monitor changes in purpose, services and observed searches; linked-page work remains separate",currently-reviewed-intents-complete-for-defined-page-purpose
/blog/ar/altakhr-fy-alrwatb-aw-alamtnaa-an-dfaha,ar,shared,article,التأخر في الرواتب أو الامتناع عن دفعها,no-direct-query-evidence-in-inputs,,"Monitor changes in purpose, services and observed searches; linked-page work remains separate",currently-reviewed-intents-complete-for-defined-page-purpose
/blog/ar/altawyd-an-alakhlal-balaqd-fy-alqanwn-alswry,ar,shared,article,التعويض عن الإخلال بالعقد في القانون السوري,no-direct-query-evidence-in-inputs,,"Monitor changes in purpose, services and observed searches; linked-page work remains separate",currently-reviewed-intents-complete-for-defined-page-purpose
/blog/ar/altwqya-ala-byad,ar,shared,article,التوقيع على بياض.,no-direct-query-evidence-in-inputs,,"Monitor changes in purpose, services and observed searches; linked-page work remains separate",currently-reviewed-intents-complete-for-defined-page-purpose
/blog/ar/altwsyat-alamlyh-lsyaghh-aqd-qwy,ar,shared,article,التوصيات العملية لصياغة عقد قوي,no-direct-query-evidence-in-inputs,,"Monitor changes in purpose, services and observed searches; linked-page work remains separate",currently-reviewed-intents-complete-for-defined-page-purpose
/blog/ar/anha-aqd-alaml-bdwn-sbb-mshrwa,ar,shared,article,إنهاء عقد العمل بدون سبب مشروع,no-direct-query-evidence-in-inputs,,"Monitor changes in purpose, services and observed searches; linked-page work remains separate",currently-reviewed-intents-complete-for-defined-page-purpose
/blog/ar/aqwd-alamtyaz-altjary-alfrnshayz-fy-alnzam-alsawdy,ar,shared,article,عقود الامتياز التجاري (الفرنشايز) في النظام السعودي,dated-observed-query-candidates,شروط الامتياز التجاري في السعودية | نظام الامتياز التجاري | نظام الامتياز التجاري في السعودية,"Monitor changes in purpose, services and observed searches; linked-page work remains separate",currently-reviewed-intents-complete-for-defined-page-purpose
/blog/ar/aqwd-almqawlat-fy-alnzam-alsawdy,ar,shared,article,عقود المقاولات في النظام السعودي,no-direct-query-evidence-in-inputs,,"Monitor changes in purpose, services and observed searches; linked-page work remains separate",currently-reviewed-intents-complete-for-defined-page-purpose
/blog/ar/aqwd-alwkalat-altjaryh-fy-alnzam-alsawd,ar,shared,article,عقود الوكالات التجارية في النظام السعودي,no-direct-query-evidence-in-inputs,,"Monitor changes in purpose, services and observed searches; linked-page work remains separate",currently-reviewed-intents-complete-for-defined-page-purpose
/blog/ar/athbat-alaqwd-amam-alqda-alsawdy,ar,shared,article,اثبات العقود أمام القضاء السعودي.,no-direct-query-evidence-in-inputs,,"Monitor changes in purpose, services and observed searches; linked-page work remains separate",currently-reviewed-intents-complete-for-defined-page-purpose
/blog/ar/bna-astratyjyh-aldfaa-qbl-bd-alkhswmh,ar,shared,article,بناء استراتيجية الدفاع قبل بدء الخصومة.,no-direct-query-evidence-in-inputs,,"Monitor changes in purpose, services and observed searches; linked-page work remains separate",currently-reviewed-intents-complete-for-defined-page-purpose
/blog/ar/commercial-supply-contracts-in-saudi,ar,shared,article,عقود التوريد التجارية في السعودية,no-direct-query-evidence-in-inputs,,"Monitor changes in purpose, services and observed searches; linked-page work remains separate",currently-reviewed-intents-complete-for-defined-page-purpose
/blog/ar/consensual-formal-real-contracts-syrian-law,ar,shared,article,العقود الرضائية والشكلية والعينية في القانون السوري.,no-direct-query-evidence-in-inputs,,"Monitor changes in purpose, services and observed searches; linked-page work remains separate",currently-reviewed-intents-complete-for-defined-page-purpose
/blog/ar/contract-interpretation-syrian-courts,ar,shared,article,تفسير العقود أمام القضاء السوري,dated-observed-query-candidates,القانون المدني السوري إذا كانت عبارة العقد واضحة فلا يجوز الانحراف عنها | القانون المدني السوري تفسير العقد نية المتعاقدين المادة,"Monitor changes in purpose, services and observed searches; linked-page work remains separate",currently-reviewed-intents-complete-for-defined-page-purpose
/blog/ar/contractual-liability-in-commercial-transactions,ar,shared,article,المسؤولية العقدية في المعاملات التجارية.,no-direct-query-evidence-in-inputs,,"Monitor changes in purpose, services and observed searches; linked-page work remains separate",currently-reviewed-intents-complete-for-defined-page-purpose
/blog/ar/defects-of-will-syrian-law,ar,shared,article,عيوب الإرادة في القانون السوري: الغلط والإكراه والتدليس والاستغلال,dated-observed-query-candidates,عيوب الارادة | عيوب الاراده,"Monitor changes in purpose, services and observed searches; linked-page work remains separate",currently-reviewed-intents-complete-for-defined-page-purpose
/blog/ar/e-contracts-legal-validity-saudi-arabia,ar,shared,article,العقود الإلكترونية في النظام السعودي,no-direct-query-evidence-in-inputs,,"Monitor changes in purpose, services and observed searches; linked-page work remains separate",currently-reviewed-intents-complete-for-defined-page-purpose
/blog/ar/formation-of-commercial-contracts-saudi-law,ar,shared,article,تكوين العقد التجاري في النظام السعودي,no-direct-query-evidence-in-inputs,,"Monitor changes in purpose, services and observed searches; linked-page work remains separate",currently-reviewed-intents-complete-for-defined-page-purpose
/blog/ar/fskh-alaqd-altjary-fy-alnzam-alsawdy,ar,shared,article,فسخ العقد التجاري في النظام السعودي,no-direct-query-evidence-in-inputs,,"Monitor changes in purpose, services and observed searches; linked-page work remains separate",currently-reviewed-intents-complete-for-defined-page-purpose
/blog/ar/hdwd-alymyn-alhasmh-fy-alathbat-almdny-swry,ar,shared,article,حدود اليمين الحاسمه في الاثبات المدني - سوري,no-direct-query-evidence-in-inputs,,"Monitor changes in purpose, services and observed searches; linked-page work remains separate",currently-reviewed-intents-complete-for-defined-page-purpose
/blog/ar/hmayh-alamyl-mn-mswdh-alaqd-ala-altwqya,ar,shared,article,حماية العميل من مسودة العقد الى التوقيع.,no-direct-query-evidence-in-inputs,,"Monitor changes in purpose, services and observed searches; linked-page work remains separate",currently-reviewed-intents-complete-for-defined-page-purpose
/blog/ar/hwkmh-alshrkat-kdmanh-mwdwayh-lhmayh-hqwq-msahmy-alaqlyh,ar,shared,article,حوكمة الشركات كضمانة موضوعية لحماية حقوق مساهمي الأقلية,no-direct-query-evidence-in-inputs,,"Monitor changes in purpose, services and observed searches; linked-page work remains separate",currently-reviewed-intents-complete-for-defined-page-purpose
/blog/ar/hyn-ykwn-alaqrar-aqwa-mn-alankar,ar,shared,article,حين يكون الإقرار أقوى من الإنكار,no-direct-query-evidence-in-inputs,,"Monitor changes in purpose, services and observed searches; linked-page work remains separate",currently-reviewed-intents-complete-for-defined-page-purpose
/blog/ar/lys-kl-mblgh-ytalb-bh-yhkm-bh-kyf-tfkk-almtalbat-altjaryh-qbl-bna-aldfaa,ar,shared,article,ليس كل مبلغ يُطالب به يُحكم به: كيف تُفكك المطالبات التجارية قبل بناء الدفاع؟,no-direct-query-evidence-in-inputs,,"Monitor changes in purpose, services and observed searches; linked-page work remains separate",currently-reviewed-intents-complete-for-defined-page-purpose
/blog/ar/mhl-alaqd-fy-alqanwn-alswry,ar,shared,article,محل العقد في القانون السوري,no-direct-query-evidence-in-inputs,,"Monitor changes in purpose, services and observed searches; linked-page work remains separate",currently-reviewed-intents-complete-for-defined-page-purpose
/blog/ar/mnhjyh-5why-fy-alaml-alqanwny,ar,shared,article,"منهجية ""5Why"" في العمل القانوني",no-direct-query-evidence-in-inputs,,"Monitor changes in purpose, services and observed searches; linked-page work remains separate",currently-reviewed-intents-complete-for-defined-page-purpose
/blog/ar/mta-yfqd-shrt-althkym-athrh-alamly-fy-alnzaa,ar,shared,article,متى يفقد شرط التحكيم أثره العملي في النزاع؟,no-direct-query-evidence-in-inputs,,"Monitor changes in purpose, services and observed searches; linked-page work remains separate",currently-reviewed-intents-complete-for-defined-page-purpose
/blog/ar/mta-ykwn-alqrar-aladary-qabla-llalgha-amam-dywan-almzalm,ar,shared,article,متى يكون القرار الإداري قابلًا للإلغاء أمام ديوان المظالم؟,no-direct-query-evidence-in-inputs,,"Monitor changes in purpose, services and observed searches; linked-page work remains separate",currently-reviewed-intents-complete-for-defined-page-purpose
/blog/ar/mta-ykwn-alslh-afdl-mn-alastmrar-fy-alkhswmh,ar,shared,article,متى يكون الصلح أفضل من الاستمرار في الخصومة؟,no-direct-query-evidence-in-inputs,,"Monitor changes in purpose, services and observed searches; linked-page work remains separate",currently-reviewed-intents-complete-for-defined-page-purpose
/blog/ar/mta-yqbl-altmas-aaadh-alnzr-atjahat-qdayyh-mhmh,ar,shared,article,متى يقبل التماس إعادة النظر في السعودية؟,no-direct-query-evidence-in-inputs,,"Monitor changes in purpose, services and observed searches; linked-page work remains separate",currently-reviewed-intents-complete-for-defined-page-purpose
/blog/ar/mta-ysbh-astamal-alhq-tasfa-fy-alnzam-alsawdy,ar,shared,article,متى يصبح استعمال الحق تعسفًا في النظام السعودي؟,no-direct-query-evidence-in-inputs,,"Monitor changes in purpose, services and observed searches; linked-page work remains separate",currently-reviewed-intents-complete-for-defined-page-purpose
/blog/ar/mta-ysthq-alwsyt-altjary-kaml-amwlth,ar,shared,article,متى يستحق الوسيط التجاري كامل عمولته؟,no-direct-query-evidence-in-inputs,,"Monitor changes in purpose, services and observed searches; linked-page work remains separate",currently-reviewed-intents-complete-for-defined-page-purpose
/blog/ar/mta-ythwl-twqya-alaaml-ala-mhdr-almrajah-ala-aqrar-balmswwlyh,ar,shared,article,متى يتحول توقيع العامل على محضر المراجعة إلى إقرار بالمسؤولية؟,no-direct-query-evidence-in-inputs,,"Monitor changes in purpose, services and observed searches; linked-page work remains separate",currently-reviewed-intents-complete-for-defined-page-purpose
/blog/ar/performance-of-contracts-in-good-faith-under-syrian-law,ar,shared,article,تنفيذ العقد بحسن النية في القانون السوري,no-direct-query-evidence-in-inputs,,"Monitor changes in purpose, services and observed searches; linked-page work remains separate",currently-reviewed-intents-complete-for-defined-page-purpose
/blog/ar/syghh-mdhkrh-tfahm-qablh-lltadyl,ar,shared,article,صيغة مذكرة تفاهم قابله للتعديل,no-direct-query-evidence-in-inputs,,"Monitor changes in purpose, services and observed searches; linked-page work remains separate",currently-reviewed-intents-complete-for-defined-page-purpose
/blog/en/Penalty-clause-in-saudi,en,shared,article,Penalty Clauses in Commercial Contracts,no-direct-query-evidence-in-inputs,,"Monitor changes in purpose, services and observed searches; linked-page work remains separate",currently-reviewed-intents-complete-for-defined-page-purpose
/blog/en/adarh-almkhatr-fy-alaqwd-wfq-alnzam-alsawdy,en,shared,article,Risk Management in Contracts Under Saudi Law,no-direct-query-evidence-in-inputs,,"Monitor changes in purpose, services and observed searches; linked-page work remains separate",currently-reviewed-intents-complete-for-defined-page-purpose
/blog/en/alahlyh-fy-altaaqd-fy-alqanwn-alswry,en,shared,article,Contractual Capacity under Syrian Law,no-direct-query-evidence-in-inputs,,"Monitor changes in purpose, services and observed searches; linked-page work remains separate",currently-reviewed-intents-complete-for-defined-page-purpose
/blog/en/alaqd-fy-alqanwn-alswry,en,shared,article,Contracts in Syrian Law,no-direct-query-evidence-in-inputs,,"Monitor changes in purpose, services and observed searches; linked-page work remains separate",currently-reviewed-intents-complete-for-defined-page-purpose
/blog/en/alaywb-alkhfyh-fy-alaqwd-wathrha-alqanwny,en,shared,article,Hidden Defects in Contracts and Their Legal Effect,no-direct-query-evidence-in-inputs,,"Monitor changes in purpose, services and observed searches; linked-page work remains separate",currently-reviewed-intents-complete-for-defined-page-purpose
/blog/en/alfrq-byn-alfskh-waltawyd-fy-alaqwd-altjaryh,en,shared,article,The Difference Between Rescission and Damages in Commercial Contracts,no-direct-query-evidence-in-inputs,,"Monitor changes in purpose, services and observed searches; linked-page work remains separate",currently-reviewed-intents-complete-for-defined-page-purpose
/blog/en/almswwlyh-alaqdyh-fy-almaamlat-altjaryh,en,shared,article,Proving Commercial Contract Breach and Loss in Saudi Arabia,no-direct-query-evidence-in-inputs,,"Monitor changes in purpose, services and observed searches; linked-page work remains separate",currently-reviewed-intents-complete-for-defined-page-purpose
/blog/en/almswwlyh-alaqdyh-fy-alqanwn-alswry,en,shared,article,Contractual Liability under Syrian Law,no-direct-query-evidence-in-inputs,,"Monitor changes in purpose, services and observed searches; linked-page work remains separate",currently-reviewed-intents-complete-for-defined-page-purpose
/blog/en/almswwlyh-an-fal-alghyr,en,shared,article,Liability for the Acts of Others,no-direct-query-evidence-in-inputs,,"Monitor changes in purpose, services and observed searches; linked-page work remains separate",currently-reviewed-intents-complete-for-defined-page-purpose
/blog/en/alrda-fy-alqanwn-alswry,en,shared,article,Consent in Syrian Law,no-direct-query-evidence-in-inputs,,"Monitor changes in purpose, services and observed searches; linked-page work remains separate",currently-reviewed-intents-complete-for-defined-page-purpose
/blog/en/alsnd-lamr-kadah-dman-mta-ythwl-ala-khtr-tnfydhy,en,shared,article,Promissory Notes as Security: When Do They Become an Enforcement Risk?,no-direct-query-evidence-in-inputs,,"Monitor changes in purpose, services and observed searches; linked-page work remains separate",currently-reviewed-intents-complete-for-defined-page-purpose
/blog/en/altakhr-fy-alrwatb-aw-alamtnaa-an-dfaha,en,shared,article,Delayed Wages or Non-Payment,no-direct-query-evidence-in-inputs,,"Monitor changes in purpose, services and observed searches; linked-page work remains separate",currently-reviewed-intents-complete-for-defined-page-purpose
/blog/en/altawyd-an-alakhlal-balaqd-fy-alqanwn-alswry,en,shared,article,Compensation for Breach of Contract under Syrian Law,no-direct-query-evidence-in-inputs,,"Monitor changes in purpose, services and observed searches; linked-page work remains separate",currently-reviewed-intents-complete-for-defined-page-purpose
/blog/en/altwqya-ala-byad,en,shared,article,Signing in Blank,no-direct-query-evidence-in-inputs,,"Monitor changes in purpose, services and observed searches; linked-page work remains separate",currently-reviewed-intents-complete-for-defined-page-purpose
/blog/en/altwsyat-alamlyh-lsyaghh-aqd-qwy,en,shared,article,Practical Recommendations for Drafting a Strong Contract,no-direct-query-evidence-in-inputs,,"Monitor changes in purpose, services and observed searches; linked-page work remains separate",currently-reviewed-intents-complete-for-defined-page-purpose
/blog/en/anha-aqd-alaml-bdwn-sbb-mshrwa,en,shared,article,Terminating an Employment Contract Without Lawful Cause,no-direct-query-evidence-in-inputs,,"Monitor changes in purpose, services and observed searches; linked-page work remains separate",currently-reviewed-intents-complete-for-defined-page-purpose
/blog/en/aqwd-alamtyaz-altjary-alfrnshayz-fy-alnzam-alsawdy,en,shared,article,Commercial Franchise Agreements in the Saudi Legal System,no-direct-query-evidence-in-inputs,,"Monitor changes in purpose, services and observed searches; linked-page work remains separate",currently-reviewed-intents-complete-for-defined-page-purpose
/blog/en/aqwd-almqawlat-fy-alnzam-alsawdy,en,shared,article,Construction Contracts under Saudi Law,no-direct-query-evidence-in-inputs,,"Monitor changes in purpose, services and observed searches; linked-page work remains separate",currently-reviewed-intents-complete-for-defined-page-purpose
/blog/en/aqwd-alwkalat-altjaryh-fy-alnzam-alsawd,en,shared,article,Commercial Agency Contracts in the Saudi Legal System,no-direct-query-evidence-in-inputs,,"Monitor changes in purpose, services and observed searches; linked-page work remains separate",currently-reviewed-intents-complete-for-defined-page-purpose
/blog/en/athbat-alaqwd-amam-alqda-alsawdy,en,shared,article,Proving Contracts Before the Saudi Courts,dated-observed-query-candidates,saudi evidence law private document evidentiary value signature | saudi evidence law private documents evidentiary value,"Monitor changes in purpose, services and observed searches; linked-page work remains separate",currently-reviewed-intents-complete-for-defined-page-purpose
/blog/en/bna-astratyjyh-aldfaa-qbl-bd-alkhswmh,en,shared,article,Building a Defense Strategy Before Litigation Begins,no-direct-query-evidence-in-inputs,,"Monitor changes in purpose, services and observed searches; linked-page work remains separate",currently-reviewed-intents-complete-for-defined-page-purpose
/blog/en/commercial-supply-contracts-in-saudi,en,shared,article,Commercial Supply Contracts in Saudi Arabia,no-direct-query-evidence-in-inputs,,"Monitor changes in purpose, services and observed searches; linked-page work remains separate",currently-reviewed-intents-complete-for-defined-page-purpose
/blog/en/consensual-formal-real-contracts-syrian-law,en,shared,article,"Consensual, Formal, and Real Contracts in Syrian Law",no-direct-query-evidence-in-inputs,,"Monitor changes in purpose, services and observed searches; linked-page work remains separate",currently-reviewed-intents-complete-for-defined-page-purpose
/blog/en/contract-interpretation-syrian-courts,en,shared,article,Contract Interpretation Before Syrian Courts,no-direct-query-evidence-in-inputs,,"Monitor changes in purpose, services and observed searches; linked-page work remains separate",currently-reviewed-intents-complete-for-defined-page-purpose
/blog/en/contractual-liability-in-commercial-transactions,en,shared,article,Contractual Liability in Commercial Transactions,no-direct-query-evidence-in-inputs,,"Monitor changes in purpose, services and observed searches; linked-page work remains separate",currently-reviewed-intents-complete-for-defined-page-purpose
/blog/en/defects-of-will-syrian-law,en,shared,article,"Defects of Consent in Syrian Law: Mistake, Duress, Fraud, and Exploitation",no-direct-query-evidence-in-inputs,,"Monitor changes in purpose, services and observed searches; linked-page work remains separate",currently-reviewed-intents-complete-for-defined-page-purpose
/blog/en/e-contracts-legal-validity-saudi-arabia,en,shared,article,Electronic Contracts in the Saudi Legal System,dated-observed-query-candidates,electronic signature in ksa | electronic signature in saudi arabia | saudi electronic transactions law,"Monitor changes in purpose, services and observed searches; linked-page work remains separate",currently-reviewed-intents-complete-for-defined-page-purpose
/blog/en/formation-of-commercial-contracts-saudi-law,en,shared,article,Formation of Commercial Contracts Under Saudi Law,no-direct-query-evidence-in-inputs,,"Monitor changes in purpose, services and observed searches; linked-page work remains separate",currently-reviewed-intents-complete-for-defined-page-purpose
/blog/en/fskh-alaqd-altjary-fy-alnzam-alsawdy,en,shared,article,Termination of Commercial Contracts under Saudi Law,no-direct-query-evidence-in-inputs,,"Monitor changes in purpose, services and observed searches; linked-page work remains separate",currently-reviewed-intents-complete-for-defined-page-purpose
/blog/en/hdwd-alymyn-alhasmh-fy-alathbat-almdny-swry,en,shared,article,Limits of the Conclusive Oath in Syrian Civil Evidence,no-direct-query-evidence-in-inputs,,"Monitor changes in purpose, services and observed searches; linked-page work remains separate",currently-reviewed-intents-complete-for-defined-page-purpose
/blog/en/hmayh-alamyl-mn-mswdh-alaqd-ala-altwqya,en,shared,article,Protecting the Client from Draft to Signature,no-direct-query-evidence-in-inputs,,"Monitor changes in purpose, services and observed searches; linked-page work remains separate",currently-reviewed-intents-complete-for-defined-page-purpose
/blog/en/hwkmh-alshrkat-kdmanh-mwdwayh-lhmayh-hqwq-msahmy-alaqlyh,en,shared,article,Corporate Governance as a Safeguard for Minority Shareholders,no-direct-query-evidence-in-inputs,,"Monitor changes in purpose, services and observed searches; linked-page work remains separate",currently-reviewed-intents-complete-for-defined-page-purpose
/blog/en/hyn-ykwn-alaqrar-aqwa-mn-alankar,en,shared,article,When Admission Is Stronger Than Denial,no-direct-query-evidence-in-inputs,,"Monitor changes in purpose, services and observed searches; linked-page work remains separate",currently-reviewed-intents-complete-for-defined-page-purpose
/blog/en/lys-kl-mblgh-ytalb-bh-yhkm-bh-kyf-tfkk-almtalbat-altjaryh-qbl-bna-aldfaa,en,shared,article,Not Every Claimed Amount Is Awarded: How to Break Down Commercial Claims Before Building a Defense,no-direct-query-evidence-in-inputs,,"Monitor changes in purpose, services and observed searches; linked-page work remains separate",currently-reviewed-intents-complete-for-defined-page-purpose
/blog/en/mhl-alaqd-fy-alqanwn-alswry,en,shared,article,Subject Matter of a Contract under Syrian Law,no-direct-query-evidence-in-inputs,,"Monitor changes in purpose, services and observed searches; linked-page work remains separate",currently-reviewed-intents-complete-for-defined-page-purpose
/blog/en/mnhjyh-5why-fy-alaml-alqanwny,en,shared,article,The 5Why Methodology in Legal Practice,no-direct-query-evidence-in-inputs,,"Monitor changes in purpose, services and observed searches; linked-page work remains separate",currently-reviewed-intents-complete-for-defined-page-purpose
/blog/en/mta-yfqd-shrt-althkym-athrh-alamly-fy-alnzaa,en,shared,article,When Does an Arbitration Clause Lose Its Practical Effect?,no-direct-query-evidence-in-inputs,,"Monitor changes in purpose, services and observed searches; linked-page work remains separate",currently-reviewed-intents-complete-for-defined-page-purpose
/blog/en/mta-ykwn-alqrar-aladary-qabla-llalgha-amam-dywan-almzalm,en,shared,article,When Can an Administrative Decision Be Annulled?,no-direct-query-evidence-in-inputs,,"Monitor changes in purpose, services and observed searches; linked-page work remains separate",currently-reviewed-intents-complete-for-defined-page-purpose
/blog/en/mta-ykwn-alslh-afdl-mn-alastmrar-fy-alkhswmh,en,shared,article,When Is Settlement Better Than Continuing Litigation?,no-direct-query-evidence-in-inputs,,"Monitor changes in purpose, services and observed searches; linked-page work remains separate",currently-reviewed-intents-complete-for-defined-page-purpose
/blog/en/mta-yqbl-altmas-aaadh-alnzr-atjahat-qdayyh-mhmh,en,shared,article,When Is a Saudi Petition for Reconsideration Accepted?,no-direct-query-evidence-in-inputs,,"Monitor changes in purpose, services and observed searches; linked-page work remains separate",currently-reviewed-intents-complete-for-defined-page-purpose
/blog/en/mta-ysbh-astamal-alhq-tasfa-fy-alnzam-alsawdy,en,shared,article,When Does Exercising a Right Become Abusive Under Saudi Law?,no-direct-query-evidence-in-inputs,,"Monitor changes in purpose, services and observed searches; linked-page work remains separate",currently-reviewed-intents-complete-for-defined-page-purpose
/blog/en/mta-ysthq-alwsyt-altjary-kaml-amwlth,en,shared,article,When Is a Commercial Broker Entitled to Full Commission?,no-direct-query-evidence-in-inputs,,"Monitor changes in purpose, services and observed searches; linked-page work remains separate",currently-reviewed-intents-complete-for-defined-page-purpose
/blog/en/mta-ythwl-twqya-alaaml-ala-mhdr-almrajah-ala-aqrar-balmswwlyh,en,shared,article,When Does an Employee’s Signature on an Audit Record Become an Admission of Liability?,no-direct-query-evidence-in-inputs,,"Monitor changes in purpose, services and observed searches; linked-page work remains separate",currently-reviewed-intents-complete-for-defined-page-purpose
/blog/en/performance-of-contracts-in-good-faith-under-syrian-law,en,shared,article,Performance of Contracts in Good Faith under Syrian Law,no-direct-query-evidence-in-inputs,,"Monitor changes in purpose, services and observed searches; linked-page work remains separate",currently-reviewed-intents-complete-for-defined-page-purpose
/blog/en/syghh-mdhkrh-tfahm-qablh-lltadyl,en,shared,article,Amendable Memorandum of Understanding Template,no-direct-query-evidence-in-inputs,,"Monitor changes in purpose, services and observed searches; linked-page work remains separate",currently-reviewed-intents-complete-for-defined-page-purpose
/legal-library,en,shared,shared or regional page,"Legal knowledge, organised for practical decisions.",no-direct-query-evidence-in-inputs,,Research same-language queries for this specific purpose; lack of evidence is not lack of demand,not-established-by-assignment-or-html-parsing
/our-work,en,shared,shared or regional page,Legal experience you can examine,no-direct-query-evidence-in-inputs,,Research same-language queries for this specific purpose; lack of evidence is not lack of demand,not-established-by-assignment-or-html-parsing
/our-work/adrah-almkhatr-fy-aqd-tamyny,en,shared,work example,Insurance Requirements in a Saudi Construction Contract,no-direct-query-evidence-in-inputs,,"Monitor changes in purpose, services and observed searches; linked-page work remains separate",currently-reviewed-intents-complete-for-defined-page-purpose
/our-work/alaatrad-ala-almkhalfat-albyyyh,en,shared,work example,Environmental Violations Objection,no-direct-query-evidence-in-inputs,,"Monitor changes in purpose, services and observed searches; linked-page work remains separate",currently-reviewed-intents-complete-for-defined-page-purpose
/our-work/alajrh-mqabl-almnfah-fy-aliyjar-altjary,en,shared,work example,Rent vs. Enjoyment in Commercial Leasing,no-direct-query-evidence-in-inputs,,"Monitor changes in purpose, services and observed searches; linked-page work remains separate",currently-reviewed-intents-complete-for-defined-page-purpose
/our-work/algha-mkhalfat-aldfaa-almdny-bhkm-qdayy,en,shared,work example,Civil Defense Violations Annulled by Court,no-direct-query-evidence-in-inputs,,"Monitor changes in purpose, services and observed searches; linked-page work remains separate",currently-reviewed-intents-complete-for-defined-page-purpose
/our-work/almttlbat-alqanwnyh-walhwkmh-aldakhlyh,en,shared,work example,Intercompany Settlement: Corporate Approvals and Signing Authority,no-direct-query-evidence-in-inputs,,"Monitor changes in purpose, services and observed searches; linked-page work remains separate",currently-reviewed-intents-complete-for-defined-page-purpose
/our-work/altfawd-alqanwny-aldhky,en,shared,work example,Negotiating an International Technology NDA and Non-Circumvention Terms,no-direct-query-evidence-in-inputs,,"Monitor changes in purpose, services and observed searches; linked-page work remains separate",currently-reviewed-intents-complete-for-defined-page-purpose
/our-work/andma-la-ykwn-alnzaa-hwl-alwaya-anma-altkyyf,en,shared,work example,Partner Payments or Company Debt? Assessing Grounds for Appeal,no-direct-query-evidence-in-inputs,,"Monitor changes in purpose, services and observed searches; linked-page work remains separate",currently-reviewed-intents-complete-for-defined-page-purpose
/our-work/astratyjyh-kawnslw-lastrdad-sndat-lamr-bqymh-17-mlywn-ryal,en,shared,work example,Order to Return 16 Promissory Notes with a Face Value over SAR 17 Million,no-direct-query-evidence-in-inputs,,"Monitor changes in purpose, services and observed searches; linked-page work remains separate",currently-reviewed-intents-complete-for-defined-page-purpose
/our-work/astsharh-fy-ahtyal-maly,en,shared,work example,Consultation on Financial Fraud,no-direct-query-evidence-in-inputs,,"Monitor changes in purpose, services and observed searches; linked-page work remains separate",currently-reviewed-intents-complete-for-defined-page-purpose
/our-work/atfaqyh-atar-ltqdym-alkhdmat-altqnyh-whlwl-aldhka-alastnaay,en,shared,work example,Framework Agreement for Technology Services and AI Solutions,no-direct-query-evidence-in-inputs,,"Monitor changes in purpose, services and observed searches; linked-page work remains separate",currently-reviewed-intents-complete-for-defined-page-purpose
/our-work/darsh-qdyh-qbl-alnzaa,en,shared,work example,Pre-Litigation Assessment of a Manpower Services Payment Claim,no-direct-query-evidence-in-inputs,,"Monitor changes in purpose, services and observed searches; linked-page work remains separate",currently-reviewed-intents-complete-for-defined-page-purpose
/our-work/drash-qdyh-aqaryh-maqdh-fy-swrya,en,shared,work example,Analysis of a Complex Real Estate Case in Syria,no-direct-query-evidence-in-inputs,,"Monitor changes in purpose, services and observed searches; linked-page work remains separate",currently-reviewed-intents-complete-for-defined-page-purpose
/our-work/drash-tan-amam-almhkmh-aladaryh-alalya,en,shared,work example,Study of an Appeal Before the Supreme Administrative Court,no-direct-query-evidence-in-inputs,,"Monitor changes in purpose, services and observed searches; linked-page work remains separate",currently-reviewed-intents-complete-for-defined-page-purpose
/our-work/fskh-aqd-iyjar-tjary-bsbb-khta-byanat-mnsh-iyjar,en,shared,work example,Termination of Commercial Lease Due to Ejar Data Error,no-direct-query-evidence-in-inputs,,"Monitor changes in purpose, services and observed searches; linked-page work remains separate",currently-reviewed-intents-complete-for-defined-page-purpose
/our-work/fskh-aqd-snaay-wastrdad-aldfah-almqdmh,en,shared,work example,Termination of Industrial Contract and Recovery of Advance Payment,no-direct-query-evidence-in-inputs,,"Monitor changes in purpose, services and observed searches; linked-page work remains separate",currently-reviewed-intents-complete-for-defined-page-purpose
/our-work/hdwd-mswwlyh-alkfyl-fy-alsnd-lamr,en,shared,work example,Limits of the Guarantor's Liability in a Promissory Note,no-direct-query-evidence-in-inputs,,"Monitor changes in purpose, services and observed searches; linked-page work remains separate",currently-reviewed-intents-complete-for-defined-page-purpose
/our-work/hl-ymkn-tjawz-altqadm-brfa-dawa-alithra-bla-sbb,en,shared,work example,Can Limitation Be Circumvented by Filing an Unjust Enrichment Claim?,no-direct-query-evidence-in-inputs,,"Monitor changes in purpose, services and observed searches; linked-page work remains separate",currently-reviewed-intents-complete-for-defined-page-purpose
/our-work/hyn-la-tnthy-alqdyh-balhkm-alawl-kyf-qlbt-kawnslw-msar-nzaa-amaly,en,shared,work example,When the First Judgment Is Not the End: How CounselO Reversed an Employment Dispute,no-direct-query-evidence-in-inputs,,"Monitor changes in purpose, services and observed searches; linked-page work remains separate",currently-reviewed-intents-complete-for-defined-page-purpose
/our-work/kawnslw-tdam-shrkh-lastrdad-448958-ryala-an-aqd-mqawlat,en,shared,work example,"Construction Payment Claim: Judgment for SAR 448,958",no-direct-query-evidence-in-inputs,,"Monitor changes in purpose, services and observed searches; linked-page work remains separate",currently-reviewed-intents-complete-for-defined-page-purpose
/our-work/kawnslw-w-tkhfyd-mtalbh-amwlh-tjaryh-mn-348-mlywn-ryal-ila-584-alf-ryal,en,shared,work example,"Reducing a Commercial Commission Claim from SAR 3.48 Million to SAR 584,131",no-direct-query-evidence-in-inputs,,"Monitor changes in purpose, services and observed searches; linked-page work remains separate",currently-reviewed-intents-complete-for-defined-page-purpose
/our-work/kawnslw-wtswyh-alarsdh-almalyh-qanwna,en,shared,work example,CounselO and Legal Settlement of Financial Balances,no-direct-query-evidence-in-inputs,,"Monitor changes in purpose, services and observed searches; linked-page work remains separate",currently-reviewed-intents-complete-for-defined-page-purpose
/our-work/kyf-adart-kawnslw-mrajah-mhasbyh-hsash,en,shared,work example,How CounselO Managed a Sensitive Accounting Review,no-direct-query-evidence-in-inputs,,"Monitor changes in purpose, services and observed searches; linked-page work remains separate",currently-reviewed-intents-complete-for-defined-page-purpose
/our-work/kyf-athbtt-kawnslw-alshrakh,en,shared,work example,How CounselO Proved the Partnership,no-direct-query-evidence-in-inputs,,"Monitor changes in purpose, services and observed searches; linked-page work remains separate",currently-reviewed-intents-complete-for-defined-page-purpose
/our-work/kyf-qadt-astratyjyh-kawnslw-ila-rfd-dawa-fskh-aqd-bya-wtawydat-bmlayyn-alryalat,en,shared,work example,How CounselO Defeated a Sale Contract Rescission Claim,no-direct-query-evidence-in-inputs,,"Monitor changes in purpose, services and observed searches; linked-page work remains separate",currently-reviewed-intents-complete-for-defined-page-purpose
/our-work/kyf-saadt-kawnslw-fy-astrdad-300000-ryal-abr-slh-qdayy-fy-nzaa-tjary,en,shared,work example,"How CounselO Recovered SAR 300,000 Through a Judicial Settlement in a Commercial Dispute",no-direct-query-evidence-in-inputs,,"Monitor changes in purpose, services and observed searches; linked-page work remains separate",currently-reviewed-intents-complete-for-defined-page-purpose
/our-work/kyf-sahmt-kawnslw-fy-anjah-mlf-thkymy-kaml,en,shared,work example,Construction Arbitration: Organising Claims and Expert Evidence,no-direct-query-evidence-in-inputs,,"Monitor changes in purpose, services and observed searches; linked-page work remains separate",currently-reviewed-intents-complete-for-defined-page-purpose
/our-work/kyf-sahmt-kawnslw-fy-tkhfyd-mtalbh-mn-500-alf-ryal-ila-227,en,shared,work example,"How CounselO Reduced a SAR 500,000 Claim to SAR 227,000",no-direct-query-evidence-in-inputs,,"Monitor changes in purpose, services and observed searches; linked-page work remains separate",currently-reviewed-intents-complete-for-defined-page-purpose
/our-work/maaljh-halh-khta-tby,en,shared,work example,Handling a Medical Malpractice Case,no-direct-query-evidence-in-inputs,,"Monitor changes in purpose, services and observed searches; linked-page work remains separate",currently-reviewed-intents-complete-for-defined-page-purpose
/our-work/mn-alkhta-ala-altawyd-kyf-hddt-kawnslw-almswwl-almbashran-hadth,en,shared,work example,From Error to Compensation: How CounselO Identified the Directly Responsible Party in an Accident,no-direct-query-evidence-in-inputs,,"Monitor changes in purpose, services and observed searches; linked-page work remains separate",currently-reviewed-intents-complete-for-defined-page-purpose
/our-work/mn-atham-maly-maqd-ila-brah-qtayh,en,shared,work example,From a Complex Financial Accusation to a Final Acquittal,no-direct-query-evidence-in-inputs,,"Monitor changes in purpose, services and observed searches; linked-page work remains separate",currently-reviewed-intents-complete-for-defined-page-purpose
/our-work/mn-drash-almstndat-ila-alhkm-bjmya-altlbat,en,shared,work example,"Construction Receivables: Judgment on SAR 2,049,094 in Claims",no-direct-query-evidence-in-inputs,,"Monitor changes in purpose, services and observed searches; linked-page work remains separate",currently-reviewed-intents-complete-for-defined-page-purpose
/our-work/mnazah-tnfydh,en,shared,work example,Bank Transfer Allocation in an Enforcement Dispute,no-direct-query-evidence-in-inputs,,"Monitor changes in purpose, services and observed searches; linked-page work remains separate",currently-reviewed-intents-complete-for-defined-page-purpose
/our-work/mnhj-kawnslw-fy-mrajah-alaqwd-altjaryh,en,shared,work example,CounselO’s Approach to Commercial Contract Review,no-direct-query-evidence-in-inputs,,"Monitor changes in purpose, services and observed searches; linked-page work remains separate",currently-reviewed-intents-complete-for-defined-page-purpose
/our-work/msandh-kawnslw-fy-qdyh-aabrh-llhdwd,en,shared,work example,CounselO’s Support in a Cross-Border Dispute,no-direct-query-evidence-in-inputs,,"Monitor changes in purpose, services and observed searches; linked-page work remains separate",currently-reviewed-intents-complete-for-defined-page-purpose
/our-work/mswwlyh-almqawlyn,en,shared,work example,Subcontractor Replacement and Back Charges: Liability Review,no-direct-query-evidence-in-inputs,,"Monitor changes in purpose, services and observed searches; linked-page work remains separate",currently-reviewed-intents-complete-for-defined-page-purpose
/our-work/mta-tkwn-hyyh-althkym-ghyr-mkhtsh-athr-mkhalfh-shrt-althkym,en,shared,work example,When Is an Arbitral Tribunal Incompetent? Effect of Breaching the Arbitration Clause,no-direct-query-evidence-in-inputs,,"Monitor changes in purpose, services and observed searches; linked-page work remains separate",currently-reviewed-intents-complete-for-defined-page-purpose
/our-work/qdyh-mna-sfr-dd-aaml,en,shared,work example,Travel Ban Case Against an Employee,no-direct-query-evidence-in-inputs,,"Monitor changes in purpose, services and observed searches; linked-page work remains separate",currently-reviewed-intents-complete-for-defined-page-purpose
/our-work/ray-fy-mshrwa-qanwn-alwsath-alswry-maaljh-10-thghrat,en,shared,work example,Opinion on Syria’s Mediation Law Bill: 10 Gaps,no-direct-query-evidence-in-inputs,,"Monitor changes in purpose, services and observed searches; linked-page work remains separate",currently-reviewed-intents-complete-for-defined-page-purpose
/our-work/ray-qanwny-fy-tlb-aflas,en,shared,work example,Legal Opinion on a Bankruptcy Application,no-direct-query-evidence-in-inputs,,"Monitor changes in purpose, services and observed searches; linked-page work remains separate",currently-reviewed-intents-complete-for-defined-page-purpose
/our-work/ray-qanwny-fy-tswyh-aabrh-llhdwd,en,shared,work example,Legal Opinion on a Cross-Border Settlement,no-direct-query-evidence-in-inputs,,"Monitor changes in purpose, services and observed searches; linked-page work remains separate",currently-reviewed-intents-complete-for-defined-page-purpose
/our-work/rfd-dawa-fskh-aqd-amtyaz-tjary-wtawyd,en,shared,work example,Dismissal of Franchise Agreement Termination and Compensation Claim,no-direct-query-evidence-in-inputs,,"Monitor changes in purpose, services and observed searches; linked-page work remains separate",currently-reviewed-intents-complete-for-defined-page-purpose
/our-work/tfkyk-mstndat-altmas-aaadh-alnzr-bnjah,en,shared,work example,Successful Defense of a Reconsideration Petition,no-direct-query-evidence-in-inputs,,"Monitor changes in purpose, services and observed searches; linked-page work remains separate",currently-reviewed-intents-complete-for-defined-page-purpose
/our-work/thlyl-mkhatr-nql-alaswl-walmsthqat-byn-alshrkat-almrtbth-athna-altsfyh,en,shared,work example,Analyzing the Risks of Transferring Assets and Receivables Between Related Companies During Liquidation,no-direct-query-evidence-in-inputs,,"Monitor changes in purpose, services and observed searches; linked-page work remains separate",currently-reviewed-intents-complete-for-defined-page-purpose
/our-work/thwyl-qdyh-mn-rfd-ala-qbwl-wtayyd,en,shared,work example,"Equipment Non-Delivery: SAR 248,600 Award After Appeal",no-direct-query-evidence-in-inputs,,"Monitor changes in purpose, services and observed searches; linked-page work remains separate",currently-reviewed-intents-complete-for-defined-page-purpose
/our-work/tshyh-altkyyf-alqanwny-lanha-aqd-alaml,en,shared,work example,Correcting the Legal Characterisation of Employment Contract Termination,no-direct-query-evidence-in-inputs,,"Monitor changes in purpose, services and observed searches; linked-page work remains separate",currently-reviewed-intents-complete-for-defined-page-purpose
/sa,en,sa,shared or regional page,Online Legal Consultation for Saudi Arabia — Focused & Structured.,no-direct-query-evidence-in-inputs,,Research same-language queries for this specific purpose; lack of evidence is not lack of demand,not-established-by-assignment-or-html-parsing
/sa/about,en,sa,shared or regional page,Saudi Arabia's Specialized Online Legal Consultation Platform,no-direct-query-evidence-in-inputs,,Research same-language queries for this specific purpose; lack of evidence is not lack of demand,not-established-by-assignment-or-html-parsing
/sa/ar,ar,sa,shared or regional page,استشارة قانونية أونلاين للمملكة العربية السعودية — مركزة ومنظمة.,keyword-export-candidates,استشارات قانونية | استشارات قانونية 24 ساعة | استشارات قانونية الرياض | استشارات قانونية السعودية | استشارات قانونية اونلاين | استشارات قانونية في السعودية | استشارة قانونية | استشارة قانونية فورية | استشارة قانونية مكتوبة | استشارة محامي | استشاره قانونيه محامي | استشاره محامي قانوني | الإستشارات القانونية | الإستشارة القانونية | الاستشارات القانونية | الاستشارات القانونيه | الاستشاره القانونيه | الاعمال القانونية | التحليل القانوني | الخبرة للاستشارات القانونية | الخدمات القانونية | المحامي الإلكتروني | المحامي القانوني | المحامي والمستشار القانوني | المسألة القانونية | المسائل القانونية | المستندات القانونية | المشورة القانونية | تحليل استشارة قانونية | تقديم الاستشارات القانونية | خدمات المحامي | خدمات قانونية | دور المستشار القانوني | شركات قانونية | شركات محاماة في السعودية | شركة استشارات قانونية | شركة المحامي | شركة قانونية | شركة محاماة | شركة محاماة واستشارات قانونية | قانون محاماة | للاستشارات القانونية | للاستشارات القانونية والمحاماة | محام عربي | محامي إلكتروني | محامي استشارات | محامي استشارة | محامي استشارة قانونية | محامي استشاره | محامي السعودية | محامي السعوديه | محامي الكتروني | محامي بالسعودية | محامي حقوقي | محامي في السعودية | محامي في السعوديه | محامي قانون | محامي قانوني | محامي قانوني بالرياض | محامي للاستشارات القانونيه | محامي للاستشاره | محامي متعاون | محامين السعودية | محامين في السعودية | محامين للاستشارات القانونية | مركز الاستشارات القانونية | مسألة قانونية | مسالة قانونية | معلومات المحامي | معلومات عن المحاماه | مكتب استشارات قانونية | مكتب استشارات قانونيه | مكتب الاستشارات القانونية | مكتب الاستشارة القانونية | مكتب المستشار القانوني | مكتب للاستشارات القانونية | مكتب محاماة | مكتب محاماة السعودية | مكتب محاماة سعودي | مكتب محاماة للاستشارات القانونية | مكتب محامي | منصات قانونية | منصة استشارات قانونية | منصة الاستشارات القانونية | منصة قانونية | منصة محامي | موقع استشارات قانونيه | موقع للاستشارات القانونية | موقع مكتب محاماة,Validate candidate queries against full answers and jurisdiction before editing,not-established-by-assignment-or-html-parsing
/sa/ar/about,ar,sa,shared or regional page,منصة قانونية متخصصة للاستشارات القانونية الأونلاين في المملكة العربية السعودية,no-direct-query-evidence-in-inputs,,Research same-language queries for this specific purpose; lack of evidence is not lack of demand,not-established-by-assignment-or-html-parsing
/sa/ar/contact,ar,sa,shared or regional page,ابدأ استشارتك القانونية,dated-observed-query-candidates,احتاج محامي | ارقام محامين استشارات قانونيه | اريد استشارة قانونية | اريد استشارة محامي | استشارة قانونية اون لاين | استشارة قانونية نموذج | استشر محامي | افضل محامي بالسعودية | افضل محامي سعودي | افضل مكتب محاماة في السعودية | اقوى محامي | اقوى محامي في السعوديه | التحقق من محامي | التواصل مع محامي | المحامي السعودي | تقديم استشارة قانونية | تكليف محامي | خطوات الاستشارة القانونية | رقم الاستشارات القانونية | رقم محامي سعودي | رقم محامي قانوني | شروط الاستشارة القانونية | طريقة الاستشارة القانونية | طريقة كتابة استشارة قانونية | طلب استشارة | طلب استشارة قانونية | طلب محامي | عرض تقديم خدمات قانونية | عرض خدمات قانونية | قيمة الاستشارة القانونية | كتابة استشارة قانونية | كيفية التواصل | كيفية كتابة استشارة قانونية | محامى سعودى | محامي سعودي | محامي مرخص | نموذج استشارة قانونية | نموذج الاستشارة القانونية | نموذج تقديم استشارة قانونية | نموذج طلب استشارة قانونية | نموذج عرض تقديم خدمات قانونية | نموذج عرض خدمات قانونية | نموذج عن استشارة قانونية,Validate candidate queries against full answers and jurisdiction before editing,not-established-by-assignment-or-html-parsing
/sa/ar/privacy-policy,ar,sa,shared or regional page,سياسة الخصوصية,no-direct-query-evidence-in-inputs,,Research same-language queries for this specific purpose; lack of evidence is not lack of demand,not-established-by-assignment-or-html-parsing
/sa/ar/services,ar,sa,shared or regional page,17 مجالاً قانونياً,no-direct-query-evidence-in-inputs,,"Monitor changes in purpose, services and observed searches; linked-page work remains separate",currently-reviewed-intents-complete-for-defined-page-purpose
/sa/ar/services/administrative-law,ar,sa,service,النظام الإداري في المملكة العربية السعودية,keyword-export-candidates,فسخ العقد الاداري,"Monitor changes in purpose, services and observed searches; linked-page work remains separate",currently-reviewed-intents-complete-for-defined-page-purpose
/sa/ar/services/administrative-law/administrative-objections-and-appeals,ar,sa,legal matter,الاعتراضات والطعون الإدارية,no-direct-query-evidence-in-inputs,,Research same-language queries for this specific purpose; lack of evidence is not lack of demand,not-established-by-assignment-or-html-parsing
/sa/ar/services/administrative-law/board-of-grievances-appeal-against-an-administrative-judgment,ar,sa,legal matter,الاستئناف أمام ديوان المظالم ضد الحكم الإداري,no-direct-query-evidence-in-inputs,,Research same-language queries for this specific purpose; lack of evidence is not lack of demand,not-established-by-assignment-or-html-parsing
/sa/ar/services/administrative-law/challenges-to-government-decisions,ar,sa,legal matter,الطعن في القرارات الحكومية,no-direct-query-evidence-in-inputs,,Research same-language queries for this specific purpose; lack of evidence is not lack of demand,not-established-by-assignment-or-html-parsing
/sa/ar/services/administrative-law/government-compensation-claim-for-an-administrative-decision,ar,sa,legal matter,مطالبة التعويض عن القرار الإداري,no-direct-query-evidence-in-inputs,,Research same-language queries for this specific purpose; lack of evidence is not lack of demand,not-established-by-assignment-or-html-parsing
/sa/ar/services/administrative-law/government-contract-disputes,ar,sa,legal matter,منازعات العقود الحكومية,no-direct-query-evidence-in-inputs,,Research same-language queries for this specific purpose; lack of evidence is not lack of demand,not-established-by-assignment-or-html-parsing
/sa/ar/services/administrative-law/government-penalty-challenge,ar,sa,legal matter,الطعن في الغرامة الحكومية,no-direct-query-evidence-in-inputs,,Research same-language queries for this specific purpose; lack of evidence is not lack of demand,not-established-by-assignment-or-html-parsing
/sa/ar/services/administrative-law/licence-refusal-or-cancellation,ar,sa,legal matter,رفض أو إلغاء الترخيص,no-direct-query-evidence-in-inputs,,Research same-language queries for this specific purpose; lack of evidence is not lack of demand,not-established-by-assignment-or-html-parsing
/sa/ar/services/administrative-law/licensing-refusals-and-penalties,ar,sa,legal matter,رفض التراخيص والعقوبات,no-direct-query-evidence-in-inputs,,Research same-language queries for this specific purpose; lack of evidence is not lack of demand,not-established-by-assignment-or-html-parsing
/sa/ar/services/administrative-law/municipal-licence-refusal-and-business-activity-suspension,ar,sa,legal matter,رفض الرخصة البلدية وإيقاف النشاط التجاري,no-direct-query-evidence-in-inputs,,Research same-language queries for this specific purpose; lack of evidence is not lack of demand,not-established-by-assignment-or-html-parsing
/sa/ar/services/administrative-law/public-procurement-dispute,ar,sa,legal matter,الطعن في استبعاد العرض أو ترسية المناقصة,no-direct-query-evidence-in-inputs,,Research same-language queries for this specific purpose; lack of evidence is not lack of demand,not-established-by-assignment-or-html-parsing
/sa/ar/services/administrative-law/public-procurement-disputes,ar,sa,legal matter,منازعات المشتريات العامة,no-direct-query-evidence-in-inputs,,Research same-language queries for this specific purpose; lack of evidence is not lack of demand,not-established-by-assignment-or-html-parsing
/sa/ar/services/administrative-law/public-sector-employment-and-disciplinary-dispute,ar,sa,legal matter,منازعة الوظيفة العامة والتأديب,no-direct-query-evidence-in-inputs,,Research same-language queries for this specific purpose; lack of evidence is not lack of demand,not-established-by-assignment-or-html-parsing
/sa/ar/services/arbitration,ar,sa,service,التحكيم والوساطة في المملكة العربية السعودية,no-direct-query-evidence-in-inputs,,"Monitor changes in purpose, services and observed searches; linked-page work remains separate",currently-reviewed-intents-complete-for-defined-page-purpose
/sa/ar/services/arbitration/arbitration-clause-review,ar,sa,legal matter,مراجعة شرط التحكيم,no-direct-query-evidence-in-inputs,,Research same-language queries for this specific purpose; lack of evidence is not lack of demand,not-established-by-assignment-or-html-parsing
/sa/ar/services/arbitration/challenge-to-arbitration-jurisdiction,ar,sa,legal matter,الطعن في اختصاص هيئة التحكيم,no-direct-query-evidence-in-inputs,,Research same-language queries for this specific purpose; lack of evidence is not lack of demand,not-established-by-assignment-or-html-parsing
/sa/ar/services/arbitration/commercial-arbitration,ar,sa,legal matter,التحكيم التجاري,no-direct-query-evidence-in-inputs,,Research same-language queries for this specific purpose; lack of evidence is not lack of demand,not-established-by-assignment-or-html-parsing
/sa/ar/services/arbitration/emergency-arbitration-and-interim-measures,ar,sa,legal matter,التحكيم الطارئ والتدابير المؤقتة,no-direct-query-evidence-in-inputs,,Research same-language queries for this specific purpose; lack of evidence is not lack of demand,not-established-by-assignment-or-html-parsing
/sa/ar/services/arbitration/foreign-arbitral-award-enforcement,ar,sa,legal matter,تنفيذ حكم التحكيم الأجنبي,no-direct-query-evidence-in-inputs,,Research same-language queries for this specific purpose; lack of evidence is not lack of demand,not-established-by-assignment-or-html-parsing
/sa/ar/services/arbitration/mediation-and-negotiated-settlement,ar,sa,legal matter,الوساطة والتسوية التفاوضية,no-direct-query-evidence-in-inputs,,Research same-language queries for this specific purpose; lack of evidence is not lack of demand,not-established-by-assignment-or-html-parsing
/sa/ar/services/arbitration/recognition-and-enforcement-of-awards,ar,sa,legal matter,الاعتراف بأحكام التحكيم وتنفيذها,no-direct-query-evidence-in-inputs,,Research same-language queries for this specific purpose; lack of evidence is not lack of demand,not-established-by-assignment-or-html-parsing
/sa/ar/services/arbitration/urgent-protective-measures,ar,sa,legal matter,التدابير التحفظية العاجلة,no-direct-query-evidence-in-inputs,,Research same-language queries for this specific purpose; lack of evidence is not lack of demand,not-established-by-assignment-or-html-parsing
/sa/ar/services/banking-finance,ar,sa,service,بنوك وتمويل في المملكة العربية السعودية,keyword-export-candidates,المحامي المصرفي | قضايا البنوك | محامي البنوك | محامي بنوك | محامي ضد البنوك | محامي مالي | محامي ماليه,"Monitor changes in purpose, services and observed searches; linked-page work remains separate",currently-reviewed-intents-complete-for-defined-page-purpose
/sa/ar/services/banking-finance/bank-and-customer-disputes,ar,sa,legal matter,منازعات البنوك والعملاء,no-direct-query-evidence-in-inputs,,Research same-language queries for this specific purpose; lack of evidence is not lack of demand,not-established-by-assignment-or-html-parsing
/sa/ar/services/banking-finance/credit-report-and-banking-record-dispute,ar,sa,legal matter,منازعة التقرير الائتماني والسجل المصرفي,no-direct-query-evidence-in-inputs,,Research same-language queries for this specific purpose; lack of evidence is not lack of demand,not-established-by-assignment-or-html-parsing
/sa/ar/services/banking-finance/debt-collection-harassment-and-bank-dispute,ar,sa,legal matter,مضايقات تحصيل الدين والمنازعة المصرفية,no-direct-query-evidence-in-inputs,,Research same-language queries for this specific purpose; lack of evidence is not lack of demand,not-established-by-assignment-or-html-parsing
/sa/ar/services/banking-finance/debt-settlement-and-financing-restructuring,ar,sa,legal matter,تسوية الدين وإعادة هيكلة التمويل,no-direct-query-evidence-in-inputs,,Research same-language queries for this specific purpose; lack of evidence is not lack of demand,not-established-by-assignment-or-html-parsing
/sa/ar/services/banking-finance/financial-regulatory-compliance,ar,sa,legal matter,الامتثال المالي والتنظيمي,no-direct-query-evidence-in-inputs,,Research same-language queries for this specific purpose; lack of evidence is not lack of demand,not-established-by-assignment-or-html-parsing
/sa/ar/services/banking-finance/financing-agreement-review,ar,sa,legal matter,مراجعة عقود التمويل,no-direct-query-evidence-in-inputs,,Research same-language queries for this specific purpose; lack of evidence is not lack of demand,not-established-by-assignment-or-html-parsing
/sa/ar/services/banking-finance/frozen-bank-account-and-lifting-request,ar,sa,legal matter,تجميد الحساب البنكي وطلب رفع التجميد,no-direct-query-evidence-in-inputs,,Research same-language queries for this specific purpose; lack of evidence is not lack of demand,not-established-by-assignment-or-html-parsing
/sa/ar/services/banking-finance/guarantees-and-security-enforcement,ar,sa,legal matter,الضمانات وتنفيذ التأمينات,no-direct-query-evidence-in-inputs,,Research same-language queries for this specific purpose; lack of evidence is not lack of demand,not-established-by-assignment-or-html-parsing
/sa/ar/services/banking-finance/loan-default-and-restructuring,ar,sa,legal matter,التعثر في سداد القرض وإعادة الهيكلة,no-direct-query-evidence-in-inputs,,Research same-language queries for this specific purpose; lack of evidence is not lack of demand,not-established-by-assignment-or-html-parsing
/sa/ar/services/banking-finance/personal-guarantee-enforcement,ar,sa,legal matter,تنفيذ الكفالة الشخصية,no-direct-query-evidence-in-inputs,,Research same-language queries for this specific purpose; lack of evidence is not lack of demand,not-established-by-assignment-or-html-parsing
/sa/ar/services/banking-finance/unauthorized-bank-transaction,ar,sa,legal matter,المعاملة المصرفية غير المصرح بها,no-direct-query-evidence-in-inputs,,Research same-language queries for this specific purpose; lack of evidence is not lack of demand,not-established-by-assignment-or-html-parsing
/sa/ar/services/business-law,ar,sa,service,النظام التجاري في المملكة العربية السعودية,keyword-export-candidates,استشارات قانونية تجارية | القضايا التجارية في السعودية | النزاعات التجارية | دعوى تجارية | قضية تجارية | محامي تجاري | محامي قانون تجاري | محامي قضايا تجارية | نموذج استشارة قانونية تجارية,"Monitor changes in purpose, services and observed searches; linked-page work remains separate",currently-reviewed-intents-complete-for-defined-page-purpose
/sa/ar/services/business-law/business-contract-risk,ar,sa,legal matter,مخاطر العقود التجارية,no-direct-query-evidence-in-inputs,,Research same-language queries for this specific purpose; lack of evidence is not lack of demand,not-established-by-assignment-or-html-parsing
/sa/ar/services/business-law/business-sale-and-purchase-dispute,ar,sa,legal matter,منازعة بيع وشراء المنشأة,no-direct-query-evidence-in-inputs,,Research same-language queries for this specific purpose; lack of evidence is not lack of demand,not-established-by-assignment-or-html-parsing
/sa/ar/services/business-law/commercial-agency-termination,ar,sa,legal matter,إنهاء الوكالة التجارية,no-direct-query-evidence-in-inputs,,Research same-language queries for this specific purpose; lack of evidence is not lack of demand,not-established-by-assignment-or-html-parsing
/sa/ar/services/business-law/commercial-concealment-dispute,ar,sa,legal matter,منازعة التستر التجاري,no-direct-query-evidence-in-inputs,,Research same-language queries for this specific purpose; lack of evidence is not lack of demand,not-established-by-assignment-or-html-parsing
/sa/ar/services/business-law/commercial-disputes,ar,sa,legal matter,المنازعات التجارية,no-direct-query-evidence-in-inputs,,Research same-language queries for this specific purpose; lack of evidence is not lack of demand,not-established-by-assignment-or-html-parsing
/sa/ar/services/business-law/commercial-distribution-and-agency-dispute,ar,sa,legal matter,منازعة التوزيع والوكالة التجارية,no-direct-query-evidence-in-inputs,,Research same-language queries for this specific purpose; lack of evidence is not lack of demand,not-established-by-assignment-or-html-parsing
/sa/ar/services/business-law/commercial-due-diligence-before-acquisition-or-investment,ar,sa,legal matter,الفحص القانوني التجاري قبل الاستحواذ أو الاستثمار,no-direct-query-evidence-in-inputs,,Research same-language queries for this specific purpose; lack of evidence is not lack of demand,not-established-by-assignment-or-html-parsing
/sa/ar/services/business-law/commercial-liability,ar,sa,legal matter,المسؤولية التجارية,no-direct-query-evidence-in-inputs,,Research same-language queries for this specific purpose; lack of evidence is not lack of demand,not-established-by-assignment-or-html-parsing
/sa/ar/services/business-law/commercial-supply-contract-dispute,ar,sa,legal matter,منازعة عقد التوريد التجاري,no-direct-query-evidence-in-inputs,,Research same-language queries for this specific purpose; lack of evidence is not lack of demand,not-established-by-assignment-or-html-parsing
/sa/ar/services/business-law/company-formation-and-registration,ar,sa,legal matter,تأسيس الشركة وتسجيلها,no-direct-query-evidence-in-inputs,,Research same-language queries for this specific purpose; lack of evidence is not lack of demand,not-established-by-assignment-or-html-parsing
/sa/ar/services/business-law/competition-and-unfair-trade-practice-complaint,ar,sa,legal matter,شكوى المنافسة والممارسات التجارية غير العادلة,no-direct-query-evidence-in-inputs,,Research same-language queries for this specific purpose; lack of evidence is not lack of demand,not-established-by-assignment-or-html-parsing
/sa/ar/services/business-law/franchise-agreement-and-termination-dispute,ar,sa,legal matter,منازعة عقد الامتياز التجاري وإنهائه,keyword-export-candidates,عقد امتياز | نموذج عقد الامتياز التجاري | نموذج عقد الامتياز التجاري في السعودية | نموذج عقد امتياز تجاري,Validate candidate queries against full answers and jurisdiction before editing,not-established-by-assignment-or-html-parsing
/sa/ar/services/business-law/government-tender-dispute,ar,sa,legal matter,منازعة المناقصة الحكومية,no-direct-query-evidence-in-inputs,,Research same-language queries for this specific purpose; lack of evidence is not lack of demand,not-established-by-assignment-or-html-parsing
/sa/ar/services/business-law/negotiation-and-settlement-strategy,ar,sa,legal matter,استراتيجية التفاوض والتسوية,no-direct-query-evidence-in-inputs,,Research same-language queries for this specific purpose; lack of evidence is not lack of demand,not-established-by-assignment-or-html-parsing
/sa/ar/services/business-law/shareholder-and-partner-dispute,ar,sa,legal matter,منازعة المساهمين والشركاء,no-direct-query-evidence-in-inputs,,Research same-language queries for this specific purpose; lack of evidence is not lack of demand,not-established-by-assignment-or-html-parsing
/sa/ar/services/business-law/supplier-and-customer-claims,ar,sa,legal matter,مطالبات الموردين والعملاء,no-direct-query-evidence-in-inputs,,Research same-language queries for this specific purpose; lack of evidence is not lack of demand,not-established-by-assignment-or-html-parsing
/sa/ar/services/business-law/unpaid-business-invoices,ar,sa,legal matter,الفواتير التجارية غير المدفوعة,no-direct-query-evidence-in-inputs,,Research same-language queries for this specific purpose; lack of evidence is not lack of demand,not-established-by-assignment-or-html-parsing
/sa/ar/services/companies-law,ar,sa,service,نظام الشركات والمنازعات التجارية في المملكة العربية السعودية,keyword-export-candidates,الخدمات القانونية للشركات | دور المستشار القانوني في الشركة | محامى الشركات | محامي الشركات | محامي تسجيل شركات | محامي شركات في السعودية | محامي شركة | منازعات الشركات التجارية,"Monitor changes in purpose, services and observed searches; linked-page work remains separate",currently-reviewed-intents-complete-for-defined-page-purpose
/sa/ar/services/companies-law/company-dissolution-and-liquidation-dispute,ar,sa,legal matter,منازعة حل الشركة وتصفيتها,no-direct-query-evidence-in-inputs,,Research same-language queries for this specific purpose; lack of evidence is not lack of demand,not-established-by-assignment-or-html-parsing
/sa/ar/services/companies-law/company-formation-and-restructuring,ar,sa,legal matter,تأسيس الشركات وإعادة الهيكلة,no-direct-query-evidence-in-inputs,,Research same-language queries for this specific purpose; lack of evidence is not lack of demand,not-established-by-assignment-or-html-parsing
/sa/ar/services/companies-law/company-valuation-and-shareholder-buyout-dispute,ar,sa,legal matter,منازعة تقييم الشركة وشراء حصة المساهم,no-direct-query-evidence-in-inputs,,Research same-language queries for this specific purpose; lack of evidence is not lack of demand,not-established-by-assignment-or-html-parsing
/sa/ar/services/companies-law/corporate-governance,ar,sa,legal matter,حوكمة الشركات,no-direct-query-evidence-in-inputs,,Research same-language queries for this specific purpose; lack of evidence is not lack of demand,not-established-by-assignment-or-html-parsing
/sa/ar/services/companies-law/director-and-manager-liability,ar,sa,legal matter,مسؤولية المديرين,no-direct-query-evidence-in-inputs,,Research same-language queries for this specific purpose; lack of evidence is not lack of demand,not-established-by-assignment-or-html-parsing
/sa/ar/services/companies-law/mergers-and-acquisitions-legal-due-diligence,ar,sa,legal matter,الفحص القانوني لعمليات الاندماج والاستحواذ,no-direct-query-evidence-in-inputs,,Research same-language queries for this specific purpose; lack of evidence is not lack of demand,not-established-by-assignment-or-html-parsing
/sa/ar/services/companies-law/mergers-dissolution-and-liquidation,ar,sa,legal matter,الاندماج والحل والتصفية,no-direct-query-evidence-in-inputs,,Research same-language queries for this specific purpose; lack of evidence is not lack of demand,not-established-by-assignment-or-html-parsing
/sa/ar/services/companies-law/minority-shareholder-oppression-dispute,ar,sa,legal matter,منازعة إضرار الأغلبية بحقوق الأقلية من المساهمين,no-direct-query-evidence-in-inputs,,Research same-language queries for this specific purpose; lack of evidence is not lack of demand,not-established-by-assignment-or-html-parsing
/sa/ar/services/companies-law/shareholder-and-partner-disputes,ar,sa,legal matter,منازعات الشركاء والمساهمين,no-direct-query-evidence-in-inputs,,Research same-language queries for this specific purpose; lack of evidence is not lack of demand,not-established-by-assignment-or-html-parsing
/sa/ar/services/companies-law/shareholder-exit-and-buyout-dispute,ar,sa,legal matter,خروج المساهم أو الشريك ومنازعة شراء الحصة,no-direct-query-evidence-in-inputs,,Research same-language queries for this specific purpose; lack of evidence is not lack of demand,not-established-by-assignment-or-html-parsing
/sa/ar/services/contracts,ar,sa,service,العقود في المملكة العربية السعودية,dated-observed-query-candidates,اتفاقية بيع | اتفاقية تسوية | العقود الالكترونية في النظام السعودي | العقود التجارية | العقود التجارية في النظام السعودي | العقود التجاريه | العقود القانونية | العقود المدنية في القانون السعودي | العقود في النظام السعودي | الفرق بين الامتياز التجاري والوكالة التجارية | الفرق بين العقود التجارية والعقود المدنية | المسؤولية القانونية للمحامي | تدقيق العقود | توقيع العقد | توقيع العقد الالكتروني | خدمات العقود | شروط الخدمة | شروط عقد البيع في النظام السعودي | عدم التوقيع على العقد | عقد إدارة | عقد استشارات قانونية | عقد استشارات مالية | عقد استشارة | عقد استشارة قانونية | عقد البيع في النظام السعودي | عقد بيع | عقد تجاري | عقد تقديم استشارات قانونية | عقد تقديم خدمات قانونية | عقد خدمات قانونية | عقد سعودي | عقد شركة محاماة | عقد محاماة | عقد محامي | عقد محامي مع عميل | عقود الامتياز التجاري | عقود السعودية | عقود تجارية | عقود قانونية | فسخ عقد محامي | قانون العقود التجارية | ماهو الامتياز التجاري | محامي عقود | محامي عقود تجارية | محامي عقود شركات | محضر بيع | مراجعة العقود | مراجعة عقود | منازعات العقود التجارية | نظام إدارة الامتياز التجاري (فرنشايز) | نظام العقود التجارية في السعودية | نموذج بيع | نموذج عقد استشارات قانونية | نموذج عقد البيع | نموذج عقد الكتروني | نموذج عقد بيع | نموذج عقد بيع سعودي | نموذج فسخ عقد مع محامي,"Monitor changes in purpose, services and observed searches; linked-page work remains separate",currently-reviewed-intents-complete-for-defined-page-purpose
/sa/ar/services/contracts/breach-of-contract,ar,sa,legal matter,الإخلال بالعقد,no-direct-query-evidence-in-inputs,,Research same-language queries for this specific purpose; lack of evidence is not lack of demand,not-established-by-assignment-or-html-parsing
/sa/ar/services/contracts/consumer-refund-and-purchase-cancellation-dispute,ar,sa,legal matter,منازعة استرداد قيمة الشراء وإلغاء المعاملة,no-direct-query-evidence-in-inputs,,Research same-language queries for this specific purpose; lack of evidence is not lack of demand,not-established-by-assignment-or-html-parsing
/sa/ar/services/contracts/contract-drafting-and-review,ar,sa,legal matter,صياغة العقود ومراجعتها,no-direct-query-evidence-in-inputs,,Research same-language queries for this specific purpose; lack of evidence is not lack of demand,not-established-by-assignment-or-html-parsing
/sa/ar/services/contracts/contract-evidence-and-electronic-messages,ar,sa,legal matter,إثبات العقد والرسائل الإلكترونية,no-direct-query-evidence-in-inputs,,"Monitor changes in purpose, services and observed searches; linked-page work remains separate",currently-reviewed-intents-complete-for-defined-page-purpose
/sa/ar/services/contracts/defective-goods-and-non-conforming-delivery,ar,sa,legal matter,عيوب البضائع وعدم مطابقة التسليم,no-direct-query-evidence-in-inputs,,"Monitor changes in purpose, services and observed searches; linked-page work remains separate",currently-reviewed-intents-complete-for-defined-page-purpose
/sa/ar/services/contracts/defective-product-and-consumer-compensation-claim,ar,sa,legal matter,المنتج المعيب ومطالبة المستهلك بالتعويض,no-direct-query-evidence-in-inputs,,Research same-language queries for this specific purpose; lack of evidence is not lack of demand,not-established-by-assignment-or-html-parsing
/sa/ar/services/contracts/document-attestation-and-contract-authentication-problem,ar,sa,legal matter,مشكلة تصديق المستند وتوثيق العقد,no-direct-query-evidence-in-inputs,,Research same-language queries for this specific purpose; lack of evidence is not lack of demand,not-established-by-assignment-or-html-parsing
/sa/ar/services/contracts/document-attestation-and-legalisation-problem,ar,sa,legal matter,مشكلة تصديق المستند وإضفاء الصفة القانونية,no-direct-query-evidence-in-inputs,,Research same-language queries for this specific purpose; lack of evidence is not lack of demand,not-established-by-assignment-or-html-parsing
/sa/ar/services/contracts/legal-notice-and-demand-letter-drafting,ar,sa,legal matter,صياغة الإنذار والمطالبة القانونية,no-direct-query-evidence-in-inputs,,Research same-language queries for this specific purpose; lack of evidence is not lack of demand,not-established-by-assignment-or-html-parsing
/sa/ar/services/contracts/negotiation-and-enforcement,ar,sa,legal matter,التفاوض والتنفيذ,no-direct-query-evidence-in-inputs,,Research same-language queries for this specific purpose; lack of evidence is not lack of demand,not-established-by-assignment-or-html-parsing
/sa/ar/services/contracts/penalty-and-compensation-clauses,ar,sa,legal matter,الشروط الجزائية والتعويض,dated-observed-query-candidates,الشرط الجزائي | صيغة الشرط الجزائي في العقود | ما هو الشرط الجزائي,Validate candidate queries against full answers and jurisdiction before editing,not-established-by-assignment-or-html-parsing
/sa/ar/services/contracts/power-of-attorney-drafting-and-authority-dispute,ar,sa,legal matter,صياغة الوكالة ومنازعة حدود الصلاحية,no-direct-query-evidence-in-inputs,,"Monitor changes in purpose, services and observed searches; linked-page work remains separate",currently-reviewed-intents-complete-for-defined-page-purpose
/sa/ar/services/contracts/power-of-attorney-drafting-and-authority-problem,ar,sa,legal matter,إساءة استخدام الوكالة أو رفضها أو تجاوز نطاقها,no-direct-query-evidence-in-inputs,,"Monitor changes in purpose, services and observed searches; linked-page work remains separate",currently-reviewed-intents-complete-for-defined-page-purpose
/sa/ar/services/contracts/service-agreement-breach,ar,sa,legal matter,الإخلال بعقد الخدمات,no-direct-query-evidence-in-inputs,,Research same-language queries for this specific purpose; lack of evidence is not lack of demand,not-established-by-assignment-or-html-parsing
/sa/ar/services/contracts/supply-contract-non-delivery,ar,sa,legal matter,عدم التسليم في عقد التوريد,no-direct-query-evidence-in-inputs,,Research same-language queries for this specific purpose; lack of evidence is not lack of demand,not-established-by-assignment-or-html-parsing
/sa/ar/services/contracts/termination-and-cancellation,ar,sa,legal matter,الفسخ والإنهاء,keyword-export-candidates,التعويض في حال فسخ العقد | تعويض فسخ العقد | تقادم دعوى فسخ عقد البيع | دعوى فسخ عقد | رفض دعوى فسخ عقد بيع | شروط فسخ العقد في القانون السعودي | صيغة دعوى فسخ عقد بيع مع التعويض | صيغة عقد فسخ عقد بيع | طريقة فسخ العقد | فسخ العقد | فسخ العقد في النظام السعودي | فسخ العقد مع التعويض | فسخ العقود | فسخ العقود التجارية | فسخ عقد | قضية فسخ عقد,Validate candidate queries against full answers and jurisdiction before editing,not-established-by-assignment-or-html-parsing
/sa/ar/services/contracts/unpaid-professional-fees-and-service-invoice-dispute,ar,sa,legal matter,منازعة أتعاب المهنة والفاتورة الخدمية غير المدفوعة,no-direct-query-evidence-in-inputs,,Research same-language queries for this specific purpose; lack of evidence is not lack of demand,not-established-by-assignment-or-html-parsing
/sa/ar/services/criminal-law,ar,sa,service,الجزائي في المملكة العربية السعودية,dated-observed-query-candidates,الاحتيال الالكتروني في السعودية | الاحتيال المالي في السعودية | انتحال شخصية محامي | قضايا الاحتيال | محامي احتيال | منع السفر,"Monitor changes in purpose, services and observed searches; linked-page work remains separate",currently-reviewed-intents-complete-for-defined-page-purpose
/sa/ar/services/criminal-law/arrest-and-detention-concerns,ar,sa,legal matter,القبض والتوقيف,no-direct-query-evidence-in-inputs,,Research same-language queries for this specific purpose; lack of evidence is not lack of demand,not-established-by-assignment-or-html-parsing
/sa/ar/services/criminal-law/breach-of-trust-complaint-or-defence,ar,sa,legal matter,شكوى أو دفاع في خيانة الأمانة,no-direct-query-evidence-in-inputs,,Research same-language queries for this specific purpose; lack of evidence is not lack of demand,not-established-by-assignment-or-html-parsing
/sa/ar/services/criminal-law/criminal-compensation-and-restitution-claim,ar,sa,legal matter,المطالبة بالتعويض والرد في الدعوى الجزائية,no-direct-query-evidence-in-inputs,,Research same-language queries for this specific purpose; lack of evidence is not lack of demand,not-established-by-assignment-or-html-parsing
/sa/ar/services/criminal-law/criminal-complaints-and-defence,ar,sa,legal matter,الشكاوى والدفاع الجزائي,no-direct-query-evidence-in-inputs,,Research same-language queries for this specific purpose; lack of evidence is not lack of demand,not-established-by-assignment-or-html-parsing
/sa/ar/services/criminal-law/cybercrime-accusation-and-defence,ar,sa,legal matter,اتهام بجريمة إلكترونية والدفاع فيها,no-direct-query-evidence-in-inputs,,Research same-language queries for this specific purpose; lack of evidence is not lack of demand,not-established-by-assignment-or-html-parsing
/sa/ar/services/criminal-law/digital-and-documentary-evidence,ar,sa,legal matter,الأدلة الرقمية والمستندية,no-direct-query-evidence-in-inputs,,Research same-language queries for this specific purpose; lack of evidence is not lack of demand,not-established-by-assignment-or-html-parsing
/sa/ar/services/criminal-law/forgery-and-false-document-accusation,ar,sa,legal matter,اتهام بالتزوير أو استعمال محرر مزور,no-direct-query-evidence-in-inputs,,Research same-language queries for this specific purpose; lack of evidence is not lack of demand,not-established-by-assignment-or-html-parsing
/sa/ar/services/criminal-law/fraud-and-financial-crime-accusation,ar,sa,legal matter,اتهام بالاحتيال أو جريمة مالية,no-direct-query-evidence-in-inputs,,Research same-language queries for this specific purpose; lack of evidence is not lack of demand,not-established-by-assignment-or-html-parsing
/sa/ar/services/criminal-law/investigation-and-questioning,ar,sa,legal matter,التحقيق والاستجواب,no-direct-query-evidence-in-inputs,,Research same-language queries for this specific purpose; lack of evidence is not lack of demand,not-established-by-assignment-or-html-parsing
/sa/ar/services/criminal-law/online-defamation-complaint,ar,sa,legal matter,شكوى التشهير الإلكتروني,no-direct-query-evidence-in-inputs,,Research same-language queries for this specific purpose; lack of evidence is not lack of demand,not-established-by-assignment-or-html-parsing
/sa/ar/services/criminal-law/police-complaint-defence,ar,sa,legal matter,الدفاع في الشكوى أمام الشرطة,no-direct-query-evidence-in-inputs,,Research same-language queries for this specific purpose; lack of evidence is not lack of demand,not-established-by-assignment-or-html-parsing
/sa/ar/services/criminal-law/public-prosecution-investigation-and-questioning,ar,sa,legal matter,التحقيق والاستجواب أمام النيابة العامة,no-direct-query-evidence-in-inputs,,Research same-language queries for this specific purpose; lack of evidence is not lack of demand,not-established-by-assignment-or-html-parsing
/sa/ar/services/criminal-law/travel-ban-and-detention-concern,ar,sa,legal matter,مشكلة منع السفر أو التوقيف,no-direct-query-evidence-in-inputs,,Research same-language queries for this specific purpose; lack of evidence is not lack of demand,not-established-by-assignment-or-html-parsing
/sa/ar/services/criminal-law/trial-and-appeal-preparation,ar,sa,legal matter,التحضير للمحاكمة والطعن,no-direct-query-evidence-in-inputs,,Research same-language queries for this specific purpose; lack of evidence is not lack of demand,not-established-by-assignment-or-html-parsing
/sa/ar/services/cyber-law,ar,sa,service,الجرائم المعلوماتية في المملكة العربية السعودية,keyword-export-candidates,الابتزاز الالكتروني السعودية | القانون الالكتروني | القضايا الالكترونية في السعودية | جرائم الابتزاز | جرائم الابتزاز الإلكتروني | قانون الابتزاز الالكتروني في السعودية | قضايا الابتزاز | قضايا الابتزاز في السعودية | قضايا الجرائم المعلوماتية | قضية الكترونية | محامي الجرائم الالكترونية | محامي جرائم معلوماتيه | محامي قضايا الكترونية | محامي متخصص في الجرائم الإلكترونية,"Monitor changes in purpose, services and observed searches; linked-page work remains separate",currently-reviewed-intents-complete-for-defined-page-purpose
/sa/ar/services/cyber-law/cybercrime-allegations-and-defence,ar,sa,legal matter,ادعاءات الجرائم الإلكترونية والدفاع,no-direct-query-evidence-in-inputs,,Research same-language queries for this specific purpose; lack of evidence is not lack of demand,not-established-by-assignment-or-html-parsing
/sa/ar/services/cyber-law/data-protection-incidents,ar,sa,legal matter,حوادث حماية البيانات,no-direct-query-evidence-in-inputs,,Research same-language queries for this specific purpose; lack of evidence is not lack of demand,not-established-by-assignment-or-html-parsing
/sa/ar/services/cyber-law/digital-evidence-and-platform-disputes,ar,sa,legal matter,الأدلة الرقمية ومنازعات المنصات,no-direct-query-evidence-in-inputs,,Research same-language queries for this specific purpose; lack of evidence is not lack of demand,not-established-by-assignment-or-html-parsing
/sa/ar/services/cyber-law/hacked-account-and-unauthorized-access,ar,sa,legal matter,استرداد الحساب المخترق واستعادة الوصول,no-direct-query-evidence-in-inputs,,Research same-language queries for this specific purpose; lack of evidence is not lack of demand,not-established-by-assignment-or-html-parsing
/sa/ar/services/cyber-law/online-account-recovery-and-platform-complaint,ar,sa,legal matter,استرداد الحساب الإلكتروني والشكوى أمام المنصة,no-direct-query-evidence-in-inputs,,Research same-language queries for this specific purpose; lack of evidence is not lack of demand,not-established-by-assignment-or-html-parsing
/sa/ar/services/cyber-law/online-defamation-and-removal-request,ar,sa,legal matter,التشهير الإلكتروني وطلب الإزالة,keyword-export-candidates,التشهير في السعودية | السب والقذف في القانون السعودي | السب والقذف في النظام السعودي | قضايا الابتزاز والتشهير | قضايا التشهير | قضايا التعويض عن السب والقذف | محامي قضايا تشهير,Validate candidate queries against full answers and jurisdiction before editing,not-established-by-assignment-or-html-parsing
/sa/ar/services/cyber-law/personal-data-access-correction-or-deletion-request,ar,sa,legal matter,طلب الوصول إلى البيانات الشخصية أو تصحيحها أو حذفها,no-direct-query-evidence-in-inputs,,Research same-language queries for this specific purpose; lack of evidence is not lack of demand,not-established-by-assignment-or-html-parsing
/sa/ar/services/cyber-law/personal-data-breach-response,ar,sa,legal matter,الاستجابة لحادث خرق البيانات الشخصية,no-direct-query-evidence-in-inputs,,Research same-language queries for this specific purpose; lack of evidence is not lack of demand,not-established-by-assignment-or-html-parsing
/sa/ar/services/cyber-law/unauthorized-access-and-account-misuse,ar,sa,legal matter,الدخول غير المصرح به وإساءة استخدام الحسابات,no-direct-query-evidence-in-inputs,,Research same-language queries for this specific purpose; lack of evidence is not lack of demand,not-established-by-assignment-or-html-parsing
/sa/ar/services/employment-law,ar,sa,service,نظام العمل في المملكة العربية السعودية,dated-observed-query-candidates,استشارة قانونية في قانون الشغل | استشارة مكتب العمل | ما هي المحكمة العمالية | مباشرة العمل بعد توقيع العقد | محامي عمالة | محامي عمل | محامي عمل وعمال | محامي قانون العمل | محامي مكتب العمل,"Monitor changes in purpose, services and observed searches; linked-page work remains separate",currently-reviewed-intents-complete-for-defined-page-purpose
/sa/ar/services/employment-law/commission-and-bonus-payment-dispute,ar,sa,legal matter,منازعة صرف العمولة والمكافأة,no-direct-query-evidence-in-inputs,,"Monitor changes in purpose, services and observed searches; linked-page work remains separate",currently-reviewed-intents-complete-for-defined-page-purpose
/sa/ar/services/employment-law/delayed-or-unpaid-salary,ar,sa,legal matter,تأخر الراتب أو عدم دفعه,no-direct-query-evidence-in-inputs,,"Monitor changes in purpose, services and observed searches; linked-page work remains separate",currently-reviewed-intents-complete-for-defined-page-purpose
/sa/ar/services/employment-law/disciplinary-warning-and-workplace-investigation,ar,sa,legal matter,الإنذار التأديبي والتحقيق في مكان العمل,no-direct-query-evidence-in-inputs,,"Monitor changes in purpose, services and observed searches; linked-page work remains separate",currently-reviewed-intents-complete-for-defined-page-purpose
/sa/ar/services/employment-law/employment-contract-review,ar,sa,legal matter,مراجعة عقد العمل,no-direct-query-evidence-in-inputs,,"Monitor changes in purpose, services and observed searches; linked-page work remains separate",currently-reviewed-intents-complete-for-defined-page-purpose
/sa/ar/services/employment-law/employment-dispute-after-resignation-or-job-transfer,ar,sa,legal matter,منازعة عمالية بعد الاستقالة أو نقل الوظيفة,no-direct-query-evidence-in-inputs,,Research same-language queries for this specific purpose; lack of evidence is not lack of demand,not-established-by-assignment-or-html-parsing
/sa/ar/services/employment-law/employment-settlement-and-final-dues-calculation,ar,sa,legal matter,تسوية العمل وحساب المستحقات النهائية,no-direct-query-evidence-in-inputs,,Research same-language queries for this specific purpose; lack of evidence is not lack of demand,not-established-by-assignment-or-html-parsing
/sa/ar/services/employment-law/end-of-service-entitlements,ar,sa,legal matter,مستحقات نهاية الخدمة,no-direct-query-evidence-in-inputs,,Research same-language queries for this specific purpose; lack of evidence is not lack of demand,not-established-by-assignment-or-html-parsing
/sa/ar/services/employment-law/experience-certificate-and-service-transfer-dispute,ar,sa,legal matter,منازعة شهادة الخبرة ونقل الخدمات,no-direct-query-evidence-in-inputs,,Research same-language queries for this specific purpose; lack of evidence is not lack of demand,not-established-by-assignment-or-html-parsing
/sa/ar/services/employment-law/gosi-registration-or-contribution-dispute,ar,sa,legal matter,منازعة التسجيل أو الاشتراك في التأمينات الاجتماعية,no-direct-query-evidence-in-inputs,,Research same-language queries for this specific purpose; lack of evidence is not lack of demand,not-established-by-assignment-or-html-parsing
/sa/ar/services/employment-law/non-compete-and-confidentiality-clause-dispute,ar,sa,legal matter,منازعة شرط عدم المنافسة والسرية,no-direct-query-evidence-in-inputs,,"Monitor changes in purpose, services and observed searches; linked-page work remains separate",currently-reviewed-intents-complete-for-defined-page-purpose
/sa/ar/services/employment-law/resignation-because-of-unpaid-wages,ar,sa,legal matter,الاستقالة بسبب عدم دفع الأجور,no-direct-query-evidence-in-inputs,,Research same-language queries for this specific purpose; lack of evidence is not lack of demand,not-established-by-assignment-or-html-parsing
/sa/ar/services/employment-law/sick-leave-and-annual-leave-entitlement-dispute,ar,sa,legal matter,منازعة استحقاق الإجازة المرضية والسنوية,no-direct-query-evidence-in-inputs,,"Monitor changes in purpose, services and observed searches; linked-page work remains separate",currently-reviewed-intents-complete-for-defined-page-purpose
/sa/ar/services/employment-law/sponsorship-transfer-dispute,ar,sa,legal matter,منازعة نقل الكفالة,no-direct-query-evidence-in-inputs,,Research same-language queries for this specific purpose; lack of evidence is not lack of demand,not-established-by-assignment-or-html-parsing
/sa/ar/services/employment-law/unpaid-wages-and-benefits,ar,sa,legal matter,الأجور والمستحقات غير المدفوعة,no-direct-query-evidence-in-inputs,,Research same-language queries for this specific purpose; lack of evidence is not lack of demand,not-established-by-assignment-or-html-parsing
/sa/ar/services/employment-law/visa-exit-and-re-entry-restriction-affecting-employment,ar,sa,legal matter,قيود التأشيرة أو الخروج والعودة المؤثرة في العمل,no-direct-query-evidence-in-inputs,,Research same-language queries for this specific purpose; lack of evidence is not lack of demand,not-established-by-assignment-or-html-parsing
/sa/ar/services/employment-law/work-injury-and-compensation-claim,ar,sa,legal matter,إصابة العمل ومطالبة التعويض,no-direct-query-evidence-in-inputs,,Research same-language queries for this specific purpose; lack of evidence is not lack of demand,not-established-by-assignment-or-html-parsing
/sa/ar/services/employment-law/work-permit-residency-or-employment-status-problem,ar,sa,legal matter,قيود الإقامة أو الوضع الوظيفي المؤثرة في تصريح العمل,no-direct-query-evidence-in-inputs,,Research same-language queries for this specific purpose; lack of evidence is not lack of demand,not-established-by-assignment-or-html-parsing
/sa/ar/services/employment-law/workplace-and-disciplinary-disputes,ar,sa,legal matter,منازعات العمل والإجراءات التأديبية,no-direct-query-evidence-in-inputs,,"Monitor changes in purpose, services and observed searches; linked-page work remains separate",currently-reviewed-intents-complete-for-defined-page-purpose
/sa/ar/services/employment-law/workplace-discrimination-and-harassment-complaint,ar,sa,legal matter,شكوى التمييز والتحرش في مكان العمل,no-direct-query-evidence-in-inputs,,Research same-language queries for this specific purpose; lack of evidence is not lack of demand,not-established-by-assignment-or-html-parsing
/sa/ar/services/employment-law/wrongful-termination,ar,sa,legal matter,الفصل التعسفي,dated-observed-query-candidates,فصل تعسفي,"Monitor changes in purpose, services and observed searches; linked-page work remains separate",currently-reviewed-intents-complete-for-defined-page-purpose
/sa/ar/services/enforcement,ar,sa,service,التنفيذ وتحصيل الديون في المملكة العربية السعودية,keyword-export-candidates,الاعتراض على حكم محكمة التنفيذ | المطالبات المالية في المحاكم | دعوى المطالبة المالية | دعوى مطالبة مالية | رفع مطالبة مالية | قضايا المطالبات المالية | قضية مطالبة مالية | محامي محكمة التنفيذ | محامي مطالبات ماليه | مطالبة مالية | مطالبة ماليه | مطالبه ماليه في المحكمه,"Monitor changes in purpose, services and observed searches; linked-page work remains separate",currently-reviewed-intents-complete-for-defined-page-purpose
/sa/ar/services/enforcement/asset-tracing-and-debtor-investigation,ar,sa,legal matter,تتبع الأصول والتحري عن المدين,no-direct-query-evidence-in-inputs,,Research same-language queries for this specific purpose; lack of evidence is not lack of demand,not-established-by-assignment-or-html-parsing
/sa/ar/services/enforcement/bank-account-and-salary-seizure-dispute,ar,sa,legal matter,منازعة الحجز على الحساب البنكي والراتب,no-direct-query-evidence-in-inputs,,Research same-language queries for this specific purpose; lack of evidence is not lack of demand,not-established-by-assignment-or-html-parsing
/sa/ar/services/enforcement/bounced-cheque-defence-and-criminal-complaint-concern,ar,sa,legal matter,الدفاع في الشيك المرتجع ومشكلة الشكوى الجزائية,no-direct-query-evidence-in-inputs,,Research same-language queries for this specific purpose; lack of evidence is not lack of demand,not-established-by-assignment-or-html-parsing
/sa/ar/services/enforcement/bounced-cheque-execution,ar,sa,legal matter,تنفيذ الشيك المرتجع,no-direct-query-evidence-in-inputs,,Research same-language queries for this specific purpose; lack of evidence is not lack of demand,not-established-by-assignment-or-html-parsing
/sa/ar/services/enforcement/commercial-debt-recovery,ar,sa,legal matter,تحصيل الديون التجارية,no-direct-query-evidence-in-inputs,,Research same-language queries for this specific purpose; lack of evidence is not lack of demand,not-established-by-assignment-or-html-parsing
/sa/ar/services/enforcement/enforcement-objections-and-settlement,ar,sa,legal matter,منازعات التنفيذ والتسوية,no-direct-query-evidence-in-inputs,,Research same-language queries for this specific purpose; lack of evidence is not lack of demand,not-established-by-assignment-or-html-parsing
/sa/ar/services/enforcement/enforcement-of-court-judgments,ar,sa,legal matter,تنفيذ الأحكام القضائية,no-direct-query-evidence-in-inputs,,Research same-language queries for this specific purpose; lack of evidence is not lack of demand,not-established-by-assignment-or-html-parsing
/sa/ar/services/enforcement/execution-against-an-unavailable-or-absconding-debtor,ar,sa,legal matter,التنفيذ على مدين متعذر الوصول إليه أو هارب,no-direct-query-evidence-in-inputs,,Research same-language queries for this specific purpose; lack of evidence is not lack of demand,not-established-by-assignment-or-html-parsing
/sa/ar/services/enforcement/foreign-judgment-enforcement,ar,sa,legal matter,تنفيذ الحكم الأجنبي,no-direct-query-evidence-in-inputs,,Research same-language queries for this specific purpose; lack of evidence is not lack of demand,not-established-by-assignment-or-html-parsing
/sa/ar/services/enforcement/objection-to-an-execution-judge-s-decision,ar,sa,legal matter,الاعتراض على قرار قاضي التنفيذ,no-direct-query-evidence-in-inputs,,Research same-language queries for this specific purpose; lack of evidence is not lack of demand,not-established-by-assignment-or-html-parsing
/sa/ar/services/enforcement/payment-order-and-urgent-debt-recovery,ar,sa,legal matter,أمر الأداء والتحصيل العاجل للدين,no-direct-query-evidence-in-inputs,,Research same-language queries for this specific purpose; lack of evidence is not lack of demand,not-established-by-assignment-or-html-parsing
/sa/ar/services/enforcement/promissory-note-and-commercial-paper-enforcement,ar,sa,legal matter,تنفيذ السند لأمر والأوراق التجارية,keyword-export-candidates,الاعتراض على أمر تنفيذ سند لأمر | الاعتراض على تنفيذ سند لأمر | الاعتراض على سند لأمر | الاوراق التجارية في القانون السعودي | التوقيع على سند لامر | السند لأمر في النظام السعودي | سند لامر في القانون السعودي | طريقة الاعتراض على سند لامر | محامي سند لأمر | مدة الاعتراض على سند لأمر,Validate candidate queries against full answers and jurisdiction before editing,not-established-by-assignment-or-html-parsing
/sa/ar/services/enforcement/service-suspension-and-asset-freezing-request,ar,sa,legal matter,طلب إيقاف الخدمات وتجميد الأصول,no-direct-query-evidence-in-inputs,,Research same-language queries for this specific purpose; lack of evidence is not lack of demand,not-established-by-assignment-or-html-parsing
/sa/ar/services/enforcement/travel-ban-application-for-debt-recovery,ar,sa,legal matter,طلب منع السفر لتحصيل الدين,no-direct-query-evidence-in-inputs,,Research same-language queries for this specific purpose; lack of evidence is not lack of demand,not-established-by-assignment-or-html-parsing
/sa/ar/services/enforcement/unpaid-invoices-and-payment-claims,ar,sa,legal matter,الفواتير والمطالبات المالية غير المدفوعة,no-direct-query-evidence-in-inputs,,Research same-language queries for this specific purpose; lack of evidence is not lack of demand,not-established-by-assignment-or-html-parsing
/sa/ar/services/enforcement/wrongful-debt-collection-or-creditor-harassment-complaint,ar,sa,legal matter,شكوى التحصيل غير المشروع أو مضايقة الدائن,no-direct-query-evidence-in-inputs,,Research same-language queries for this specific purpose; lack of evidence is not lack of demand,not-established-by-assignment-or-html-parsing
/sa/ar/services/family-law,ar,sa,service,نظام الأحوال الشخصية في المملكة العربية السعودية,keyword-export-candidates,محامي الأحوال الشخصية,"Monitor changes in purpose, services and observed searches; linked-page work remains separate",currently-reviewed-intents-complete-for-defined-page-purpose
/sa/ar/services/family-law/alimony-and-child-maintenance,ar,sa,legal matter,النفقة الزوجية ونفقة الأطفال,no-direct-query-evidence-in-inputs,,"Monitor changes in purpose, services and observed searches; linked-page work remains separate",currently-reviewed-intents-complete-for-defined-page-purpose
/sa/ar/services/family-law/child-custody-and-visitation,ar,sa,legal matter,الحضانة والزيارة,no-direct-query-evidence-in-inputs,,"Monitor changes in purpose, services and observed searches; linked-page work remains separate",currently-reviewed-intents-complete-for-defined-page-purpose
/sa/ar/services/family-law/child-relocation-and-travel-disputes,ar,sa,legal matter,منازعات انتقال الأطفال والسفر بهم,no-direct-query-evidence-in-inputs,,Research same-language queries for this specific purpose; lack of evidence is not lack of demand,not-established-by-assignment-or-html-parsing
/sa/ar/services/family-law/contested-will-and-inheritance-distribution-dispute,ar,sa,legal matter,منازعة الوصية وتوزيع التركة,no-direct-query-evidence-in-inputs,,Research same-language queries for this specific purpose; lack of evidence is not lack of demand,not-established-by-assignment-or-html-parsing
/sa/ar/services/family-law/divorce-and-separation,ar,sa,legal matter,الطلاق والتفريق,no-direct-query-evidence-in-inputs,,Research same-language queries for this specific purpose; lack of evidence is not lack of demand,not-established-by-assignment-or-html-parsing
/sa/ar/services/family-law/domestic-violence-protection-and-family-safety-application,ar,sa,legal matter,طلب الحماية من العنف الأسري وحماية الأسرة,no-direct-query-evidence-in-inputs,,"Monitor changes in purpose, services and observed searches; linked-page work remains separate",currently-reviewed-intents-complete-for-defined-page-purpose
/sa/ar/services/family-law/inheritance-and-family-settlements,ar,sa,legal matter,الميراث والتسويات العائلية,no-direct-query-evidence-in-inputs,,Research same-language queries for this specific purpose; lack of evidence is not lack of demand,not-established-by-assignment-or-html-parsing
/sa/ar/services/family-law/inheritance-document-and-civil-record-correction,ar,sa,legal matter,تصحيح مستندات الميراث والسجل المدني,no-direct-query-evidence-in-inputs,,Research same-language queries for this specific purpose; lack of evidence is not lack of demand,not-established-by-assignment-or-html-parsing
/sa/ar/services/family-law/khul-and-marriage-annulment-dispute,ar,sa,legal matter,منازعة الخلع وفسخ الزواج,no-direct-query-evidence-in-inputs,,Research same-language queries for this specific purpose; lack of evidence is not lack of demand,not-established-by-assignment-or-html-parsing
/sa/ar/services/family-law/marital-status-document-and-record-correction,ar,sa,legal matter,تصحيح وثيقة أو سجل الحالة الزوجية,no-direct-query-evidence-in-inputs,,Research same-language queries for this specific purpose; lack of evidence is not lack of demand,not-established-by-assignment-or-html-parsing
/sa/ar/services/family-law/marriage-and-personal-status-disputes,ar,sa,legal matter,الزواج ومنازعات الأحوال الشخصية,no-direct-query-evidence-in-inputs,,Research same-language queries for this specific purpose; lack of evidence is not lack of demand,not-established-by-assignment-or-html-parsing
/sa/ar/services/family-law/marriage-registration-and-family-status-certificate-problem,ar,sa,legal matter,مشكلة تسجيل الزواج وشهادة الحالة الأسرية,no-direct-query-evidence-in-inputs,,Research same-language queries for this specific purpose; lack of evidence is not lack of demand,not-established-by-assignment-or-html-parsing
/sa/ar/services/family-law/paternity-dispute,ar,sa,legal matter,منازعة إثبات النسب,no-direct-query-evidence-in-inputs,,Research same-language queries for this specific purpose; lack of evidence is not lack of demand,not-established-by-assignment-or-html-parsing
/sa/ar/services/family-law/recognition-of-foreign-family-judgments,ar,sa,legal matter,الاعتراف بالأحكام الأسرية الأجنبية,no-direct-query-evidence-in-inputs,,Research same-language queries for this specific purpose; lack of evidence is not lack of demand,not-established-by-assignment-or-html-parsing
/sa/ar/services/family-law/visitation-order-enforcement,ar,sa,legal matter,تنفيذ أحكام الزيارة,no-direct-query-evidence-in-inputs,,Research same-language queries for this specific purpose; lack of evidence is not lack of demand,not-established-by-assignment-or-html-parsing
/sa/ar/services/family-law/will-validity-and-estate-distribution,ar,sa,legal matter,صحة الوصية وتوزيع التركة,no-direct-query-evidence-in-inputs,,Research same-language queries for this specific purpose; lack of evidence is not lack of demand,not-established-by-assignment-or-html-parsing
/sa/ar/services/foreign-investment,ar,sa,service,نظام الاستثمار في المملكة العربية السعودية,no-direct-query-evidence-in-inputs,,"Monitor changes in purpose, services and observed searches; linked-page work remains separate",currently-reviewed-intents-complete-for-defined-page-purpose
/sa/ar/services/foreign-investment/foreign-investor-and-local-partner-dispute,ar,sa,legal matter,منازعة المستثمر الأجنبي والشريك المحلي,no-direct-query-evidence-in-inputs,,Research same-language queries for this specific purpose; lack of evidence is not lack of demand,not-established-by-assignment-or-html-parsing
/sa/ar/services/foreign-investment/foreign-investor-compensation-claim,ar,sa,legal matter,مطالبة المستثمر الأجنبي بالتعويض,no-direct-query-evidence-in-inputs,,Research same-language queries for this specific purpose; lack of evidence is not lack of demand,not-established-by-assignment-or-html-parsing
/sa/ar/services/foreign-investment/foreign-investor-due-diligence-and-market-entry-review,ar,sa,legal matter,الفحص القانوني للمستثمر الأجنبي ومراجعة دخول السوق,no-direct-query-evidence-in-inputs,,Research same-language queries for this specific purpose; lack of evidence is not lack of demand,not-established-by-assignment-or-html-parsing
/sa/ar/services/foreign-investment/foreign-owned-company-formation,ar,sa,legal matter,تأسيس الشركات المملوكة لأجانب,no-direct-query-evidence-in-inputs,,Research same-language queries for this specific purpose; lack of evidence is not lack of demand,not-established-by-assignment-or-html-parsing
/sa/ar/services/foreign-investment/investment-and-business-licensing,ar,sa,legal matter,تراخيص الاستثمار والأعمال,no-direct-query-evidence-in-inputs,,Research same-language queries for this specific purpose; lack of evidence is not lack of demand,not-established-by-assignment-or-html-parsing
/sa/ar/services/foreign-investment/investment-exit-repatriation-and-shareholder-dispute,ar,sa,legal matter,خروج الاستثمار وتحويل الأموال ومنازعة المساهمين,no-direct-query-evidence-in-inputs,,Research same-language queries for this specific purpose; lack of evidence is not lack of demand,not-established-by-assignment-or-html-parsing
/sa/ar/services/foreign-investment/investment-licence-refusal-or-cancellation,ar,sa,legal matter,رفض أو إلغاء ترخيص الاستثمار,no-direct-query-evidence-in-inputs,,Research same-language queries for this specific purpose; lack of evidence is not lack of demand,not-established-by-assignment-or-html-parsing
/sa/ar/services/foreign-investment/investor-and-cross-border-disputes,ar,sa,legal matter,منازعات المستثمرين والمعاملات العابرة للحدود,no-direct-query-evidence-in-inputs,,Research same-language queries for this specific purpose; lack of evidence is not lack of demand,not-established-by-assignment-or-html-parsing
/sa/ar/services/foreign-investment/market-entry-legal-structure,ar,sa,legal matter,الهيكل القانوني لدخول السوق,no-direct-query-evidence-in-inputs,,Research same-language queries for this specific purpose; lack of evidence is not lack of demand,not-established-by-assignment-or-html-parsing
/sa/ar/services/foreign-investment/regulatory-compliance,ar,sa,legal matter,الامتثال التنظيمي,no-direct-query-evidence-in-inputs,,Research same-language queries for this specific purpose; lack of evidence is not lack of demand,not-established-by-assignment-or-html-parsing
/sa/ar/services/insurance-law,ar,sa,service,نظام التأمين في المملكة العربية السعودية,keyword-export-candidates,الاوراق المطلوبة لمطالبة التأمين | طريقة مطالبة شركة التأمين | عقد التأمين في النظام السعودي | قضايا التأمين | قوانين التامينات | كيفية مطالبة شركة التأمين | محامي تأمين | محامي شركات التأمين | محامي شركات تامين | محامي ضد شركات التأمين | مدة المطالبة بالتأمين | مدة مطالبة التأمين | مدة مطالبة شركة التأمين | مراجعة المطالبة من قبل شركة التأمين | مطالبة شركة التامين,"Monitor changes in purpose, services and observed searches; linked-page work remains separate",currently-reviewed-intents-complete-for-defined-page-purpose
/sa/ar/services/insurance-law/coverage-and-policy-interpretation,ar,sa,legal matter,تفسير التغطية ووثيقة التأمين,no-direct-query-evidence-in-inputs,,Research same-language queries for this specific purpose; lack of evidence is not lack of demand,not-established-by-assignment-or-html-parsing
/sa/ar/services/insurance-law/delayed-insurance-settlement,ar,sa,legal matter,تأخر تسوية مطالبة التأمين,no-direct-query-evidence-in-inputs,,Research same-language queries for this specific purpose; lack of evidence is not lack of demand,not-established-by-assignment-or-html-parsing
/sa/ar/services/insurance-law/denied-insurance-claim,ar,sa,legal matter,رفض مطالبة التأمين,no-direct-query-evidence-in-inputs,,Research same-language queries for this specific purpose; lack of evidence is not lack of demand,not-established-by-assignment-or-html-parsing
/sa/ar/services/insurance-law/insurer-and-broker-disputes,ar,sa,legal matter,منازعات شركات التأمين والوسطاء,no-direct-query-evidence-in-inputs,,Research same-language queries for this specific purpose; lack of evidence is not lack of demand,not-established-by-assignment-or-html-parsing
/sa/ar/services/insurance-law/personal-injury-compensation-after-an-accident,ar,sa,legal matter,التعويض عن الإصابة الشخصية في حادث غير مروري,no-direct-query-evidence-in-inputs,,Research same-language queries for this specific purpose; lack of evidence is not lack of demand,not-established-by-assignment-or-html-parsing
/sa/ar/services/insurance-law/policy-coverage-dispute,ar,sa,legal matter,رفض المطالبة استناداً إلى استثناء في الوثيقة,no-direct-query-evidence-in-inputs,,Research same-language queries for this specific purpose; lack of evidence is not lack of demand,not-established-by-assignment-or-html-parsing
/sa/ar/services/insurance-law/traffic-accident-compensation-and-liability-claim,ar,sa,legal matter,تعويض الحادث المروري عن الإصابة الشخصية وأضرار المركبة,no-direct-query-evidence-in-inputs,,Research same-language queries for this specific purpose; lack of evidence is not lack of demand,not-established-by-assignment-or-html-parsing
/sa/ar/services/insurance-law/traffic-accident-liability-and-compensation,ar,sa,legal matter,المسؤولية والتعويض عن حادث مروري,no-direct-query-evidence-in-inputs,,Research same-language queries for this specific purpose; lack of evidence is not lack of demand,not-established-by-assignment-or-html-parsing
/sa/ar/services/insurance-law/traffic-report-and-fault-dispute,ar,sa,legal matter,منازعة تقرير الحادث ونسبة الخطأ,no-direct-query-evidence-in-inputs,,Research same-language queries for this specific purpose; lack of evidence is not lack of demand,not-established-by-assignment-or-html-parsing
/sa/ar/services/insurance-law/uninsured-accident-compensation-claim,ar,sa,legal matter,مطالبة التعويض عن حادث دون تأمين,no-direct-query-evidence-in-inputs,,Research same-language queries for this specific purpose; lack of evidence is not lack of demand,not-established-by-assignment-or-html-parsing
/sa/ar/services/intellectual-property,ar,sa,service,الملكية الفكرية في المملكة العربية السعودية,keyword-export-candidates,أحكام قضائية العلامات التجارية | الاوراق المطلوبة لتسجيل العلامة التجارية | الاوراق المطلوبة لتسجيل علامة تجارية | المستندات المطلوبة لتسجيل العلامة التجارية | حماية العلامة التجارية في السعودية | قضايا الملكية الفكرية في السعودية | محامي الملكية الفكرية | محامي حقوق الملكية الفكرية | محامي علامات تجارية | محامي ملكية فكرية,"Monitor changes in purpose, services and observed searches; linked-page work remains separate",currently-reviewed-intents-complete-for-defined-page-purpose
/sa/ar/services/intellectual-property/copyright-infringement-online,ar,sa,legal matter,التعدي على حقوق المؤلف أونلاين,no-direct-query-evidence-in-inputs,,Research same-language queries for this specific purpose; lack of evidence is not lack of demand,not-established-by-assignment-or-html-parsing
/sa/ar/services/intellectual-property/copyright-protection,ar,sa,legal matter,حماية حقوق المؤلف,no-direct-query-evidence-in-inputs,,Research same-language queries for this specific purpose; lack of evidence is not lack of demand,not-established-by-assignment-or-html-parsing
/sa/ar/services/intellectual-property/counterfeit-and-brand-infringement,ar,sa,legal matter,تقليد العلامة التجارية والتعدي عليها,no-direct-query-evidence-in-inputs,,Research same-language queries for this specific purpose; lack of evidence is not lack of demand,not-established-by-assignment-or-html-parsing
/sa/ar/services/intellectual-property/infringement-and-counterfeit-claims,ar,sa,legal matter,التعدي والتقليد,no-direct-query-evidence-in-inputs,,Research same-language queries for this specific purpose; lack of evidence is not lack of demand,not-established-by-assignment-or-html-parsing
/sa/ar/services/intellectual-property/patent-and-licensing-matters,ar,sa,legal matter,البراءات والتراخيص,no-direct-query-evidence-in-inputs,,Research same-language queries for this specific purpose; lack of evidence is not lack of demand,not-established-by-assignment-or-html-parsing
/sa/ar/services/intellectual-property/trade-secret-protection,ar,sa,legal matter,حماية الأسرار التجارية,no-direct-query-evidence-in-inputs,,Research same-language queries for this specific purpose; lack of evidence is not lack of demand,not-established-by-assignment-or-html-parsing
/sa/ar/services/intellectual-property/trademark-opposition-and-cancellation,ar,sa,legal matter,الاعتراض على العلامة التجارية وإلغاؤها,no-direct-query-evidence-in-inputs,,Research same-language queries for this specific purpose; lack of evidence is not lack of demand,not-established-by-assignment-or-html-parsing
/sa/ar/services/intellectual-property/trademark-registration-and-disputes,ar,sa,legal matter,تسجيل العلامات التجارية ومنازعاتها,no-direct-query-evidence-in-inputs,,Research same-language queries for this specific purpose; lack of evidence is not lack of demand,not-established-by-assignment-or-html-parsing
/sa/ar/services/medical-malpractice,ar,sa,service,الأخطاء الطبية والنظام الصحي في المملكة العربية السعودية,keyword-export-candidates,الأخطاء الطبية في السعودية | الأخطاء الطبية في النظام السعودي | الاخطاء الطبية في السعودية | الاخطاء الطبيه في القانون السعودي | التعويض عن الاخطاء الطبية | التعويض عن الخطأ الطبي | الخطأ الطبي في القانون | الخطأ الطبي في القانون السعودي | الخطا الطبي | المسؤولية الطبية | قانون الأخطاء الطبية | قانون الاخطاء الطبية في السعودية | قضايا اخطاء طبية | قضايا التعويض عن الخطأ الطبي | قضية خطأ طبي في السعودية | محامي أخطاء طبية | محامي اخطاء طبية | محامي طبي | نظام الأخطاء الطبية في السعودية,"Monitor changes in purpose, services and observed searches; linked-page work remains separate",currently-reviewed-intents-complete-for-defined-page-purpose
/sa/ar/services/medical-malpractice/compensation-and-professional-liability-disputes,ar,sa,legal matter,التعويض ومنازعات المسؤولية المهنية,no-direct-query-evidence-in-inputs,,Research same-language queries for this specific purpose; lack of evidence is not lack of demand,not-established-by-assignment-or-html-parsing
/sa/ar/services/medical-malpractice/medical-negligence-claims,ar,sa,legal matter,مطالبات الإهمال الطبي,no-direct-query-evidence-in-inputs,,Research same-language queries for this specific purpose; lack of evidence is not lack of demand,not-established-by-assignment-or-html-parsing
/sa/ar/services/medical-malpractice/medical-record-access-dispute,ar,sa,legal matter,منازعة الحصول على السجل الطبي,no-direct-query-evidence-in-inputs,,Research same-language queries for this specific purpose; lack of evidence is not lack of demand,not-established-by-assignment-or-html-parsing
/sa/ar/services/medical-malpractice/medical-record-review,ar,sa,legal matter,مراجعة السجلات الطبية,no-direct-query-evidence-in-inputs,,Research same-language queries for this specific purpose; lack of evidence is not lack of demand,not-established-by-assignment-or-html-parsing
/sa/ar/services/medical-malpractice/misdiagnosis-and-delayed-diagnosis,ar,sa,legal matter,سوء التشخيص وتأخره,dated-observed-query-candidates,سوء تشخيص,Validate candidate queries against full answers and jurisdiction before editing,not-established-by-assignment-or-html-parsing
/sa/ar/services/medical-malpractice/surgical-and-treatment-errors,ar,sa,legal matter,الأخطاء الجراحية والعلاجية,no-direct-query-evidence-in-inputs,,Research same-language queries for this specific purpose; lack of evidence is not lack of demand,not-established-by-assignment-or-html-parsing
/sa/ar/services/medical-malpractice/treatment-injury-and-compensation-claim,ar,sa,legal matter,إصابة العلاج ومطالبة التعويض,no-direct-query-evidence-in-inputs,,Research same-language queries for this specific purpose; lack of evidence is not lack of demand,not-established-by-assignment-or-html-parsing
/sa/ar/services/real-estate,ar,sa,service,المنازعات العقارية في المملكة العربية السعودية,dated-observed-query-candidates,المحامي العقاري | المنازعات العقارية | المنازعات العقارية في النظام السعودي | عقود المقاولين,"Monitor changes in purpose, services and observed searches; linked-page work remains separate",currently-reviewed-intents-complete-for-defined-page-purpose
/sa/ar/services/real-estate/construction-and-contractor-claims,ar,sa,legal matter,مطالبات البناء والمقاولين,no-direct-query-evidence-in-inputs,,Research same-language queries for this specific purpose; lack of evidence is not lack of demand,not-established-by-assignment-or-html-parsing
/sa/ar/services/real-estate/construction-delay-and-defective-construction,ar,sa,legal matter,تأخر البناء وعيوب الإنشاء,no-direct-query-evidence-in-inputs,,Research same-language queries for this specific purpose; lack of evidence is not lack of demand,not-established-by-assignment-or-html-parsing
/sa/ar/services/real-estate/ejar-rental-contract-and-registration-dispute,ar,sa,legal matter,منازعة عقد الإيجار وتسجيله في إيجار,no-direct-query-evidence-in-inputs,,Research same-language queries for this specific purpose; lack of evidence is not lack of demand,not-established-by-assignment-or-html-parsing
/sa/ar/services/real-estate/eviction-notice-and-eviction-dispute,ar,sa,legal matter,إخطار الإخلاء ومنازعة الإخلاء,no-direct-query-evidence-in-inputs,,Research same-language queries for this specific purpose; lack of evidence is not lack of demand,not-established-by-assignment-or-html-parsing
/sa/ar/services/real-estate/expropriation-and-compensation-claim,ar,sa,legal matter,نزع الملكية ومطالبة التعويض,no-direct-query-evidence-in-inputs,,Research same-language queries for this specific purpose; lack of evidence is not lack of demand,not-established-by-assignment-or-html-parsing
/sa/ar/services/real-estate/foreign-property-ownership-eligibility-problem,ar,sa,legal matter,مشكلة أهلية تملك الأجنبي للعقار,no-direct-query-evidence-in-inputs,,Research same-language queries for this specific purpose; lack of evidence is not lack of demand,not-established-by-assignment-or-html-parsing
/sa/ar/services/real-estate/landlord-or-tenant-notice-and-settlement-problem,ar,sa,legal matter,مشكلة إخطار المالك أو المستأجر والتسوية,no-direct-query-evidence-in-inputs,,Research same-language queries for this specific purpose; lack of evidence is not lack of demand,not-established-by-assignment-or-html-parsing
/sa/ar/services/real-estate/lease-and-eviction-matters,ar,sa,legal matter,الإيجار والإخلاء,no-direct-query-evidence-in-inputs,,Research same-language queries for this specific purpose; lack of evidence is not lack of demand,not-established-by-assignment-or-html-parsing
/sa/ar/services/real-estate/mortgage-financing-and-property-lien-dispute,ar,sa,legal matter,منازعة الرهن والتمويل والحق العيني على العقار,no-direct-query-evidence-in-inputs,,Research same-language queries for this specific purpose; lack of evidence is not lack of demand,not-established-by-assignment-or-html-parsing
/sa/ar/services/real-estate/off-plan-property-purchase-and-developer-delay-claim,ar,sa,legal matter,شراء عقار على الخارطة ومطالبة تأخر المطور,no-direct-query-evidence-in-inputs,,Research same-language queries for this specific purpose; lack of evidence is not lack of demand,not-established-by-assignment-or-html-parsing
/sa/ar/services/real-estate/property-encroachment-and-boundary-dispute,ar,sa,legal matter,التعدي على العقار ومنازعة الحدود,no-direct-query-evidence-in-inputs,,Research same-language queries for this specific purpose; lack of evidence is not lack of demand,not-established-by-assignment-or-html-parsing
/sa/ar/services/real-estate/property-handover-and-defects-after-purchase,ar,sa,legal matter,منازعة تسليم العقار وعيوبه بعد الشراء,no-direct-query-evidence-in-inputs,,Research same-language queries for this specific purpose; lack of evidence is not lack of demand,not-established-by-assignment-or-html-parsing
/sa/ar/services/real-estate/property-ownership-disputes,ar,sa,legal matter,منازعات ملكية العقارات,no-direct-query-evidence-in-inputs,,Research same-language queries for this specific purpose; lack of evidence is not lack of demand,not-established-by-assignment-or-html-parsing
/sa/ar/services/real-estate/property-service-charge-and-maintenance-dispute,ar,sa,legal matter,منازعة رسوم الخدمات وصيانة العقار,no-direct-query-evidence-in-inputs,,Research same-language queries for this specific purpose; lack of evidence is not lack of demand,not-established-by-assignment-or-html-parsing
/sa/ar/services/real-estate/registration-and-title-problems,ar,sa,legal matter,مشكلات التسجيل والسندات,no-direct-query-evidence-in-inputs,,Research same-language queries for this specific purpose; lack of evidence is not lack of demand,not-established-by-assignment-or-html-parsing
/sa/ar/services/real-estate/sale-and-purchase-contract-disputes,ar,sa,legal matter,منازعات عقود البيع والشراء,no-direct-query-evidence-in-inputs,,Research same-language queries for this specific purpose; lack of evidence is not lack of demand,not-established-by-assignment-or-html-parsing
/sa/ar/services/real-estate/security-deposit-recovery,ar,sa,legal matter,استرداد مبلغ التأمين,no-direct-query-evidence-in-inputs,,Research same-language queries for this specific purpose; lack of evidence is not lack of demand,not-established-by-assignment-or-html-parsing
/sa/ar/services/real-estate/title-deed-and-registration-dispute,ar,sa,legal matter,منازعة سند الملكية والتسجيل,no-direct-query-evidence-in-inputs,,Research same-language queries for this specific purpose; lack of evidence is not lack of demand,not-established-by-assignment-or-html-parsing
/sa/ar/services/real-estate/unpaid-rent-and-rental-payment-claim,ar,sa,legal matter,الإيجار غير المدفوع ومطالبة الأجرة,no-direct-query-evidence-in-inputs,,Research same-language queries for this specific purpose; lack of evidence is not lack of demand,not-established-by-assignment-or-html-parsing
/sa/ar/services/tax-zakat,ar,sa,service,الزكاة والضريبة في المملكة العربية السعودية,keyword-export-candidates,إلغاء ضريبة القيمة المضافة على المحامين | الاعتراض على الزكاة | الاعتراض على فاتورة الزكاة | القيمة المضافة للمحامين | ضرائب المحامين | ضريبة القيمة المضافة على المحامين | ضريبة القيمة المضافة للمحامين | محامي ضرائب | نموذج اعتراض على ضريبة القيمة المضافة,"Monitor changes in purpose, services and observed searches; linked-page work remains separate",currently-reviewed-intents-complete-for-defined-page-purpose
/sa/ar/services/tax-zakat/business-tax-compliance,ar,sa,legal matter,الامتثال الضريبي للشركات,no-direct-query-evidence-in-inputs,,Research same-language queries for this specific purpose; lack of evidence is not lack of demand,not-established-by-assignment-or-html-parsing
/sa/ar/services/tax-zakat/corporate-tax-registration-and-filing-problem,ar,sa,legal matter,مشكلة التسجيل والإقرار بضريبة الشركات,no-direct-query-evidence-in-inputs,,Research same-language queries for this specific purpose; lack of evidence is not lack of demand,not-established-by-assignment-or-html-parsing
/sa/ar/services/tax-zakat/customs-penalty-challenge,ar,sa,legal matter,الطعن في الغرامة الجمركية,no-direct-query-evidence-in-inputs,,Research same-language queries for this specific purpose; lack of evidence is not lack of demand,not-established-by-assignment-or-html-parsing
/sa/ar/services/tax-zakat/objections-and-appeals,ar,sa,legal matter,الاعتراضات والطعون,no-direct-query-evidence-in-inputs,,Research same-language queries for this specific purpose; lack of evidence is not lack of demand,not-established-by-assignment-or-html-parsing
/sa/ar/services/tax-zakat/tax-and-zakat-assessments,ar,sa,legal matter,الربوط الضريبية والزكوية,no-direct-query-evidence-in-inputs,,Research same-language queries for this specific purpose; lack of evidence is not lack of demand,not-established-by-assignment-or-html-parsing
/sa/ar/services/tax-zakat/tax-audit-and-assessment-objection,ar,sa,legal matter,الفحص والربط الضريبي والاعتراض عليه,no-direct-query-evidence-in-inputs,,Research same-language queries for this specific purpose; lack of evidence is not lack of demand,not-established-by-assignment-or-html-parsing
/sa/ar/services/tax-zakat/tax-certificate-and-clearance-problem,ar,sa,legal matter,مشكلة الشهادة أو المخالصة الضريبية,no-direct-query-evidence-in-inputs,,Research same-language queries for this specific purpose; lack of evidence is not lack of demand,not-established-by-assignment-or-html-parsing
/sa/ar/services/tax-zakat/tax-penalties-and-disputes,ar,sa,legal matter,الغرامات والمنازعات الضريبية,no-direct-query-evidence-in-inputs,,Research same-language queries for this specific purpose; lack of evidence is not lack of demand,not-established-by-assignment-or-html-parsing
/sa/ar/services/tax-zakat/vat-and-customs-issues,ar,sa,legal matter,ضريبة القيمة المضافة والجمارك,no-direct-query-evidence-in-inputs,,Research same-language queries for this specific purpose; lack of evidence is not lack of demand,not-established-by-assignment-or-html-parsing
/sa/ar/services/tax-zakat/vat-invoice-and-tax-correction-dispute,ar,sa,legal matter,منازعة فاتورة ضريبة القيمة المضافة وتصحيحها,no-direct-query-evidence-in-inputs,,Research same-language queries for this specific purpose; lack of evidence is not lack of demand,not-established-by-assignment-or-html-parsing
/sa/ar/services/tax-zakat/vat-penalty-and-late-registration-dispute,ar,sa,legal matter,منازعة غرامة ضريبة القيمة المضافة والتسجيل المتأخر,no-direct-query-evidence-in-inputs,,Research same-language queries for this specific purpose; lack of evidence is not lack of demand,not-established-by-assignment-or-html-parsing
/sa/ar/services/tax-zakat/vat-refund-and-registration-dispute,ar,sa,legal matter,استرداد ضريبة القيمة المضافة ومنازعة التسجيل,no-direct-query-evidence-in-inputs,,Research same-language queries for this specific purpose; lack of evidence is not lack of demand,not-established-by-assignment-or-html-parsing
/sa/ar/services/tax-zakat/withholding-tax-assessment-and-objection,ar,sa,legal matter,الربط والاعتراض على ضريبة الاستقطاع,no-direct-query-evidence-in-inputs,,Research same-language queries for this specific purpose; lack of evidence is not lack of demand,not-established-by-assignment-or-html-parsing
/sa/ar/services/tax-zakat/zatca-e-invoicing-compliance-problem,ar,sa,legal matter,مشكلة الامتثال للفوترة الإلكترونية لدى زاتكا,no-direct-query-evidence-in-inputs,,Research same-language queries for this specific purpose; lack of evidence is not lack of demand,not-established-by-assignment-or-html-parsing
/sa/ar/terms-of-service,ar,sa,shared or regional page,شروط الخدمة,no-direct-query-evidence-in-inputs,,Research same-language queries for this specific purpose; lack of evidence is not lack of demand,not-established-by-assignment-or-html-parsing
/sa/ar/vision,ar,sa,shared or regional page,القانون… أقرب، أوضح، وأكثر موثوقية,no-direct-query-evidence-in-inputs,,Research same-language queries for this specific purpose; lack of evidence is not lack of demand,not-established-by-assignment-or-html-parsing
/sa/contact,en,sa,shared or regional page,Start Your Consultation,dated-observed-query-candidates,consult legal advice | counsel advice | law consultation | lawyer consultation | legal advice in saudi arabia | legal advice jeddah | legal consultant saudi arabia | legal consultation | legal consultation in saudi arabia | legal queries | online legal consultation | saudi arabia legal advice | saudi lawyer online | solicitor consultation,Validate candidate queries against full answers and jurisdiction before editing,not-established-by-assignment-or-html-parsing
/sa/privacy-policy,en,sa,shared or regional page,Privacy Policy,no-direct-query-evidence-in-inputs,,Research same-language queries for this specific purpose; lack of evidence is not lack of demand,not-established-by-assignment-or-html-parsing
/sa/services,en,sa,shared or regional page,17 Legal Practice Areas,no-direct-query-evidence-in-inputs,,"Monitor changes in purpose, services and observed searches; linked-page work remains separate",currently-reviewed-intents-complete-for-defined-page-purpose
/sa/services/administrative-law,en,sa,service,Administrative Law in Saudi Arabia,no-direct-query-evidence-in-inputs,,"Monitor changes in purpose, services and observed searches; linked-page work remains separate",currently-reviewed-intents-complete-for-defined-page-purpose
/sa/services/administrative-law/administrative-objections-and-appeals,en,sa,legal matter,Administrative objections and appeals,no-direct-query-evidence-in-inputs,,Research same-language queries for this specific purpose; lack of evidence is not lack of demand,not-established-by-assignment-or-html-parsing
/sa/services/administrative-law/board-of-grievances-appeal-against-an-administrative-judgment,en,sa,legal matter,Board of Grievances appeal against an administrative judgment,no-direct-query-evidence-in-inputs,,Research same-language queries for this specific purpose; lack of evidence is not lack of demand,not-established-by-assignment-or-html-parsing
/sa/services/administrative-law/challenges-to-government-decisions,en,sa,legal matter,Challenges to government decisions,no-direct-query-evidence-in-inputs,,Research same-language queries for this specific purpose; lack of evidence is not lack of demand,not-established-by-assignment-or-html-parsing
/sa/services/administrative-law/government-compensation-claim-for-an-administrative-decision,en,sa,legal matter,Government compensation claim for an administrative decision,no-direct-query-evidence-in-inputs,,Research same-language queries for this specific purpose; lack of evidence is not lack of demand,not-established-by-assignment-or-html-parsing
/sa/services/administrative-law/government-contract-disputes,en,sa,legal matter,Government contract disputes,no-direct-query-evidence-in-inputs,,Research same-language queries for this specific purpose; lack of evidence is not lack of demand,not-established-by-assignment-or-html-parsing
/sa/services/administrative-law/government-penalty-challenge,en,sa,legal matter,Government penalty challenge,no-direct-query-evidence-in-inputs,,Research same-language queries for this specific purpose; lack of evidence is not lack of demand,not-established-by-assignment-or-html-parsing
/sa/services/administrative-law/licence-refusal-or-cancellation,en,sa,legal matter,Licence refusal or cancellation,no-direct-query-evidence-in-inputs,,Research same-language queries for this specific purpose; lack of evidence is not lack of demand,not-established-by-assignment-or-html-parsing
/sa/services/administrative-law/licensing-refusals-and-penalties,en,sa,legal matter,Licensing refusals and penalties,no-direct-query-evidence-in-inputs,,Research same-language queries for this specific purpose; lack of evidence is not lack of demand,not-established-by-assignment-or-html-parsing
/sa/services/administrative-law/municipal-licence-refusal-and-business-activity-suspension,en,sa,legal matter,Municipal licence refusal and business-activity suspension,no-direct-query-evidence-in-inputs,,Research same-language queries for this specific purpose; lack of evidence is not lack of demand,not-established-by-assignment-or-html-parsing
/sa/services/administrative-law/public-procurement-dispute,en,sa,legal matter,Bid exclusion and tender-award challenge,no-direct-query-evidence-in-inputs,,Research same-language queries for this specific purpose; lack of evidence is not lack of demand,not-established-by-assignment-or-html-parsing
/sa/services/administrative-law/public-procurement-disputes,en,sa,legal matter,Public procurement disputes,no-direct-query-evidence-in-inputs,,Research same-language queries for this specific purpose; lack of evidence is not lack of demand,not-established-by-assignment-or-html-parsing
/sa/services/administrative-law/public-sector-employment-and-disciplinary-dispute,en,sa,legal matter,Public-sector employment and disciplinary dispute,no-direct-query-evidence-in-inputs,,Research same-language queries for this specific purpose; lack of evidence is not lack of demand,not-established-by-assignment-or-html-parsing
/sa/services/arbitration,en,sa,service,Arbitration & Mediation in Saudi Arabia,dated-observed-query-candidates,arbitral tribunal | arbitration services,"Monitor changes in purpose, services and observed searches; linked-page work remains separate",currently-reviewed-intents-complete-for-defined-page-purpose
/sa/services/arbitration/arbitration-clause-review,en,sa,legal matter,Arbitration clause review,no-direct-query-evidence-in-inputs,,Research same-language queries for this specific purpose; lack of evidence is not lack of demand,not-established-by-assignment-or-html-parsing
/sa/services/arbitration/challenge-to-arbitration-jurisdiction,en,sa,legal matter,Challenge to arbitration jurisdiction,dated-observed-query-candidates,competence of arbitral tribunal | competence of arbitral tribunal to rule on its jurisdiction | jurisdiction of arbitral tribunal,Validate candidate queries against full answers and jurisdiction before editing,not-established-by-assignment-or-html-parsing
/sa/services/arbitration/commercial-arbitration,en,sa,legal matter,Commercial arbitration,no-direct-query-evidence-in-inputs,,Research same-language queries for this specific purpose; lack of evidence is not lack of demand,not-established-by-assignment-or-html-parsing
/sa/services/arbitration/emergency-arbitration-and-interim-measures,en,sa,legal matter,Emergency arbitration and interim measures,no-direct-query-evidence-in-inputs,,Research same-language queries for this specific purpose; lack of evidence is not lack of demand,not-established-by-assignment-or-html-parsing
/sa/services/arbitration/foreign-arbitral-award-enforcement,en,sa,legal matter,Foreign arbitral award enforcement,no-direct-query-evidence-in-inputs,,Research same-language queries for this specific purpose; lack of evidence is not lack of demand,not-established-by-assignment-or-html-parsing
/sa/services/arbitration/mediation-and-negotiated-settlement,en,sa,legal matter,Mediation and negotiated settlement,no-direct-query-evidence-in-inputs,,Research same-language queries for this specific purpose; lack of evidence is not lack of demand,not-established-by-assignment-or-html-parsing
/sa/services/arbitration/recognition-and-enforcement-of-awards,en,sa,legal matter,Recognition and enforcement of awards,no-direct-query-evidence-in-inputs,,Research same-language queries for this specific purpose; lack of evidence is not lack of demand,not-established-by-assignment-or-html-parsing
/sa/services/arbitration/urgent-protective-measures,en,sa,legal matter,Urgent protective measures,no-direct-query-evidence-in-inputs,,Research same-language queries for this specific purpose; lack of evidence is not lack of demand,not-established-by-assignment-or-html-parsing
/sa/services/banking-finance,en,sa,service,Banking & Finance Law in Saudi Arabia,dated-observed-query-candidates,bank dispute lawyer | bank lawyer | bank lawyer in saudi | banking & finance lawyers | banking lawyer | banking lawyer in saudi | banking litigation lawyer | finance lawyers | finance lawyers in dammam | financial legal advisor | islamic finance | lawyer for bank disputes | lawyer for banking issues | lawyer for banking issues in saudi | lawyers that deal with bank issues | personal loan lawyer,"Monitor changes in purpose, services and observed searches; linked-page work remains separate",currently-reviewed-intents-complete-for-defined-page-purpose
/sa/services/banking-finance/bank-and-customer-disputes,en,sa,legal matter,Bank and customer disputes,no-direct-query-evidence-in-inputs,,Research same-language queries for this specific purpose; lack of evidence is not lack of demand,not-established-by-assignment-or-html-parsing
/sa/services/banking-finance/credit-report-and-banking-record-dispute,en,sa,legal matter,Credit report and banking-record dispute,no-direct-query-evidence-in-inputs,,Research same-language queries for this specific purpose; lack of evidence is not lack of demand,not-established-by-assignment-or-html-parsing
/sa/services/banking-finance/debt-collection-harassment-and-bank-dispute,en,sa,legal matter,Debt-collection harassment and bank dispute,no-direct-query-evidence-in-inputs,,Research same-language queries for this specific purpose; lack of evidence is not lack of demand,not-established-by-assignment-or-html-parsing
/sa/services/banking-finance/debt-settlement-and-financing-restructuring,en,sa,legal matter,Debt settlement and financing restructuring,no-direct-query-evidence-in-inputs,,Research same-language queries for this specific purpose; lack of evidence is not lack of demand,not-established-by-assignment-or-html-parsing
/sa/services/banking-finance/financial-regulatory-compliance,en,sa,legal matter,Financial regulatory compliance,no-direct-query-evidence-in-inputs,,Research same-language queries for this specific purpose; lack of evidence is not lack of demand,not-established-by-assignment-or-html-parsing
/sa/services/banking-finance/financing-agreement-review,en,sa,legal matter,Financing agreement review,no-direct-query-evidence-in-inputs,,Research same-language queries for this specific purpose; lack of evidence is not lack of demand,not-established-by-assignment-or-html-parsing
/sa/services/banking-finance/frozen-bank-account-and-lifting-request,en,sa,legal matter,Frozen bank account and lifting request,no-direct-query-evidence-in-inputs,,Research same-language queries for this specific purpose; lack of evidence is not lack of demand,not-established-by-assignment-or-html-parsing
/sa/services/banking-finance/guarantees-and-security-enforcement,en,sa,legal matter,Guarantees and security enforcement,no-direct-query-evidence-in-inputs,,Research same-language queries for this specific purpose; lack of evidence is not lack of demand,not-established-by-assignment-or-html-parsing
/sa/services/banking-finance/loan-default-and-restructuring,en,sa,legal matter,Loan default and restructuring,dated-observed-query-candidates,default on funds lawyer | loan default in saudi arabia,Validate candidate queries against full answers and jurisdiction before editing,not-established-by-assignment-or-html-parsing
/sa/services/banking-finance/personal-guarantee-enforcement,en,sa,legal matter,Personal guarantee enforcement,no-direct-query-evidence-in-inputs,,Research same-language queries for this specific purpose; lack of evidence is not lack of demand,not-established-by-assignment-or-html-parsing
/sa/services/banking-finance/unauthorized-bank-transaction,en,sa,legal matter,Unauthorized bank transaction,no-direct-query-evidence-in-inputs,,Research same-language queries for this specific purpose; lack of evidence is not lack of demand,not-established-by-assignment-or-html-parsing
/sa/services/business-law,en,sa,service,Commercial Law in Saudi Arabia,dated-observed-query-candidates,legal consultant business,"Monitor changes in purpose, services and observed searches; linked-page work remains separate",currently-reviewed-intents-complete-for-defined-page-purpose
/sa/services/business-law/business-contract-risk,en,sa,legal matter,Business contract risk,no-direct-query-evidence-in-inputs,,Research same-language queries for this specific purpose; lack of evidence is not lack of demand,not-established-by-assignment-or-html-parsing
/sa/services/business-law/business-sale-and-purchase-dispute,en,sa,legal matter,Business sale and purchase dispute,no-direct-query-evidence-in-inputs,,Research same-language queries for this specific purpose; lack of evidence is not lack of demand,not-established-by-assignment-or-html-parsing
/sa/services/business-law/commercial-agency-termination,en,sa,legal matter,Commercial agency termination,no-direct-query-evidence-in-inputs,,Research same-language queries for this specific purpose; lack of evidence is not lack of demand,not-established-by-assignment-or-html-parsing
/sa/services/business-law/commercial-concealment-dispute,en,sa,legal matter,Commercial concealment dispute,no-direct-query-evidence-in-inputs,,Research same-language queries for this specific purpose; lack of evidence is not lack of demand,not-established-by-assignment-or-html-parsing
/sa/services/business-law/commercial-disputes,en,sa,legal matter,Commercial disputes,no-direct-query-evidence-in-inputs,,Research same-language queries for this specific purpose; lack of evidence is not lack of demand,not-established-by-assignment-or-html-parsing
/sa/services/business-law/commercial-distribution-and-agency-dispute,en,sa,legal matter,Commercial distribution and agency dispute,no-direct-query-evidence-in-inputs,,Research same-language queries for this specific purpose; lack of evidence is not lack of demand,not-established-by-assignment-or-html-parsing
/sa/services/business-law/commercial-due-diligence-before-acquisition-or-investment,en,sa,legal matter,Commercial due diligence before acquisition or investment,no-direct-query-evidence-in-inputs,,Research same-language queries for this specific purpose; lack of evidence is not lack of demand,not-established-by-assignment-or-html-parsing
/sa/services/business-law/commercial-liability,en,sa,legal matter,Commercial liability,no-direct-query-evidence-in-inputs,,Research same-language queries for this specific purpose; lack of evidence is not lack of demand,not-established-by-assignment-or-html-parsing
/sa/services/business-law/commercial-supply-contract-dispute,en,sa,legal matter,Commercial supply contract dispute,no-direct-query-evidence-in-inputs,,Research same-language queries for this specific purpose; lack of evidence is not lack of demand,not-established-by-assignment-or-html-parsing
/sa/services/business-law/company-formation-and-registration,en,sa,legal matter,Company formation and registration,no-direct-query-evidence-in-inputs,,Research same-language queries for this specific purpose; lack of evidence is not lack of demand,not-established-by-assignment-or-html-parsing
/sa/services/business-law/competition-and-unfair-trade-practice-complaint,en,sa,legal matter,Competition and unfair-trade-practice complaint,no-direct-query-evidence-in-inputs,,Research same-language queries for this specific purpose; lack of evidence is not lack of demand,not-established-by-assignment-or-html-parsing
/sa/services/business-law/franchise-agreement-and-termination-dispute,en,sa,legal matter,Franchise agreement and termination dispute,no-direct-query-evidence-in-inputs,,Research same-language queries for this specific purpose; lack of evidence is not lack of demand,not-established-by-assignment-or-html-parsing
/sa/services/business-law/government-tender-dispute,en,sa,legal matter,Government tender dispute,no-direct-query-evidence-in-inputs,,Research same-language queries for this specific purpose; lack of evidence is not lack of demand,not-established-by-assignment-or-html-parsing
/sa/services/business-law/negotiation-and-settlement-strategy,en,sa,legal matter,Negotiation and settlement strategy,no-direct-query-evidence-in-inputs,,Research same-language queries for this specific purpose; lack of evidence is not lack of demand,not-established-by-assignment-or-html-parsing
/sa/services/business-law/shareholder-and-partner-dispute,en,sa,legal matter,Shareholder and partner dispute,no-direct-query-evidence-in-inputs,,Research same-language queries for this specific purpose; lack of evidence is not lack of demand,not-established-by-assignment-or-html-parsing
/sa/services/business-law/supplier-and-customer-claims,en,sa,legal matter,Supplier and customer claims,no-direct-query-evidence-in-inputs,,Research same-language queries for this specific purpose; lack of evidence is not lack of demand,not-established-by-assignment-or-html-parsing
/sa/services/business-law/unpaid-business-invoices,en,sa,legal matter,Unpaid business invoices,no-direct-query-evidence-in-inputs,,Research same-language queries for this specific purpose; lack of evidence is not lack of demand,not-established-by-assignment-or-html-parsing
/sa/services/companies-law,en,sa,service,Companies Law & Corporate Disputes in Saudi Arabia,dated-observed-query-candidates,corporate law in saudi arabia | corporate lawyers | corporate legal,"Monitor changes in purpose, services and observed searches; linked-page work remains separate",currently-reviewed-intents-complete-for-defined-page-purpose
/sa/services/companies-law/company-dissolution-and-liquidation-dispute,en,sa,legal matter,Company dissolution and liquidation dispute,dated-observed-query-candidates,company dissolution lawyer | company liquidation saudi arabia | corporate dissolution lawyer,Validate candidate queries against full answers and jurisdiction before editing,not-established-by-assignment-or-html-parsing
/sa/services/companies-law/company-formation-and-restructuring,en,sa,legal matter,Company formation and restructuring,no-direct-query-evidence-in-inputs,,Research same-language queries for this specific purpose; lack of evidence is not lack of demand,not-established-by-assignment-or-html-parsing
/sa/services/companies-law/company-valuation-and-shareholder-buyout-dispute,en,sa,legal matter,Company valuation and shareholder buyout dispute,no-direct-query-evidence-in-inputs,,Research same-language queries for this specific purpose; lack of evidence is not lack of demand,not-established-by-assignment-or-html-parsing
/sa/services/companies-law/corporate-governance,en,sa,legal matter,Corporate governance,no-direct-query-evidence-in-inputs,,Research same-language queries for this specific purpose; lack of evidence is not lack of demand,not-established-by-assignment-or-html-parsing
/sa/services/companies-law/director-and-manager-liability,en,sa,legal matter,Director and manager liability,no-direct-query-evidence-in-inputs,,Research same-language queries for this specific purpose; lack of evidence is not lack of demand,not-established-by-assignment-or-html-parsing
/sa/services/companies-law/mergers-and-acquisitions-legal-due-diligence,en,sa,legal matter,Mergers and acquisitions legal due diligence,no-direct-query-evidence-in-inputs,,Research same-language queries for this specific purpose; lack of evidence is not lack of demand,not-established-by-assignment-or-html-parsing
/sa/services/companies-law/mergers-dissolution-and-liquidation,en,sa,legal matter,"Mergers, dissolution, and liquidation",no-direct-query-evidence-in-inputs,,Research same-language queries for this specific purpose; lack of evidence is not lack of demand,not-established-by-assignment-or-html-parsing
/sa/services/companies-law/minority-shareholder-oppression-dispute,en,sa,legal matter,Minority shareholder oppression dispute,no-direct-query-evidence-in-inputs,,Research same-language queries for this specific purpose; lack of evidence is not lack of demand,not-established-by-assignment-or-html-parsing
/sa/services/companies-law/shareholder-and-partner-disputes,en,sa,legal matter,Shareholder and partner disputes,no-direct-query-evidence-in-inputs,,Research same-language queries for this specific purpose; lack of evidence is not lack of demand,not-established-by-assignment-or-html-parsing
/sa/services/companies-law/shareholder-exit-and-buyout-dispute,en,sa,legal matter,Shareholder exit and buyout dispute,no-direct-query-evidence-in-inputs,,Research same-language queries for this specific purpose; lack of evidence is not lack of demand,not-established-by-assignment-or-html-parsing
/sa/services/contracts,en,sa,service,Contracts in Saudi Arabia,dated-observed-query-candidates,absolute and relative simulation | breach of contract in saudi arabia | contract lawyer | contracts law firm | contracts lawyer | legal contract lawyer,"Monitor changes in purpose, services and observed searches; linked-page work remains separate",currently-reviewed-intents-complete-for-defined-page-purpose
/sa/services/contracts/breach-of-contract,en,sa,legal matter,Breach of contract,no-direct-query-evidence-in-inputs,,Research same-language queries for this specific purpose; lack of evidence is not lack of demand,not-established-by-assignment-or-html-parsing
/sa/services/contracts/consumer-refund-and-purchase-cancellation-dispute,en,sa,legal matter,Consumer refund and purchase cancellation dispute,no-direct-query-evidence-in-inputs,,Research same-language queries for this specific purpose; lack of evidence is not lack of demand,not-established-by-assignment-or-html-parsing
/sa/services/contracts/contract-drafting-and-review,en,sa,legal matter,Contract drafting and review,no-direct-query-evidence-in-inputs,,Research same-language queries for this specific purpose; lack of evidence is not lack of demand,not-established-by-assignment-or-html-parsing
/sa/services/contracts/contract-evidence-and-electronic-messages,en,sa,legal matter,Contract evidence and electronic messages,no-direct-query-evidence-in-inputs,,"Monitor changes in purpose, services and observed searches; linked-page work remains separate",currently-reviewed-intents-complete-for-defined-page-purpose
/sa/services/contracts/defective-goods-and-non-conforming-delivery,en,sa,legal matter,Defective goods and non-conforming delivery,no-direct-query-evidence-in-inputs,,"Monitor changes in purpose, services and observed searches; linked-page work remains separate",currently-reviewed-intents-complete-for-defined-page-purpose
/sa/services/contracts/defective-product-and-consumer-compensation-claim,en,sa,legal matter,Defective product and consumer compensation claim,no-direct-query-evidence-in-inputs,,Research same-language queries for this specific purpose; lack of evidence is not lack of demand,not-established-by-assignment-or-html-parsing
/sa/services/contracts/document-attestation-and-contract-authentication-problem,en,sa,legal matter,Document attestation and contract authentication problem,no-direct-query-evidence-in-inputs,,Research same-language queries for this specific purpose; lack of evidence is not lack of demand,not-established-by-assignment-or-html-parsing
/sa/services/contracts/document-attestation-and-legalisation-problem,en,sa,legal matter,Document attestation and legalisation problem,no-direct-query-evidence-in-inputs,,Research same-language queries for this specific purpose; lack of evidence is not lack of demand,not-established-by-assignment-or-html-parsing
/sa/services/contracts/legal-notice-and-demand-letter-drafting,en,sa,legal matter,Legal notice and demand letter drafting,no-direct-query-evidence-in-inputs,,Research same-language queries for this specific purpose; lack of evidence is not lack of demand,not-established-by-assignment-or-html-parsing
/sa/services/contracts/negotiation-and-enforcement,en,sa,legal matter,Negotiation and enforcement,no-direct-query-evidence-in-inputs,,Research same-language queries for this specific purpose; lack of evidence is not lack of demand,not-established-by-assignment-or-html-parsing
/sa/services/contracts/penalty-and-compensation-clauses,en,sa,legal matter,Penalty and compensation clauses,no-direct-query-evidence-in-inputs,,Research same-language queries for this specific purpose; lack of evidence is not lack of demand,not-established-by-assignment-or-html-parsing
/sa/services/contracts/power-of-attorney-drafting-and-authority-dispute,en,sa,legal matter,Power-of-attorney drafting and authority dispute,no-direct-query-evidence-in-inputs,,"Monitor changes in purpose, services and observed searches; linked-page work remains separate",currently-reviewed-intents-complete-for-defined-page-purpose
/sa/services/contracts/power-of-attorney-drafting-and-authority-problem,en,sa,legal matter,"Power-of-attorney misuse, rejection or scope dispute",no-direct-query-evidence-in-inputs,,"Monitor changes in purpose, services and observed searches; linked-page work remains separate",currently-reviewed-intents-complete-for-defined-page-purpose
/sa/services/contracts/service-agreement-breach,en,sa,legal matter,Service agreement breach,no-direct-query-evidence-in-inputs,,Research same-language queries for this specific purpose; lack of evidence is not lack of demand,not-established-by-assignment-or-html-parsing
/sa/services/contracts/supply-contract-non-delivery,en,sa,legal matter,Supply contract non-delivery,no-direct-query-evidence-in-inputs,,Research same-language queries for this specific purpose; lack of evidence is not lack of demand,not-established-by-assignment-or-html-parsing
/sa/services/contracts/termination-and-cancellation,en,sa,legal matter,Termination and cancellation,no-direct-query-evidence-in-inputs,,Research same-language queries for this specific purpose; lack of evidence is not lack of demand,not-established-by-assignment-or-html-parsing
/sa/services/contracts/unpaid-professional-fees-and-service-invoice-dispute,en,sa,legal matter,Unpaid professional fees and service invoice dispute,no-direct-query-evidence-in-inputs,,Research same-language queries for this specific purpose; lack of evidence is not lack of demand,not-established-by-assignment-or-html-parsing
/sa/services/criminal-law,en,sa,service,Criminal Law in Saudi Arabia,no-direct-query-evidence-in-inputs,,"Monitor changes in purpose, services and observed searches; linked-page work remains separate",currently-reviewed-intents-complete-for-defined-page-purpose
/sa/services/criminal-law/arrest-and-detention-concerns,en,sa,legal matter,Arrest and detention concerns,no-direct-query-evidence-in-inputs,,Research same-language queries for this specific purpose; lack of evidence is not lack of demand,not-established-by-assignment-or-html-parsing
/sa/services/criminal-law/breach-of-trust-complaint-or-defence,en,sa,legal matter,Breach-of-trust complaint or defence,dated-observed-query-candidates,breach of trust through embezzlement,Validate candidate queries against full answers and jurisdiction before editing,not-established-by-assignment-or-html-parsing
/sa/services/criminal-law/criminal-compensation-and-restitution-claim,en,sa,legal matter,Criminal compensation and restitution claim,no-direct-query-evidence-in-inputs,,Research same-language queries for this specific purpose; lack of evidence is not lack of demand,not-established-by-assignment-or-html-parsing
/sa/services/criminal-law/criminal-complaints-and-defence,en,sa,legal matter,Criminal complaints and defence,no-direct-query-evidence-in-inputs,,Research same-language queries for this specific purpose; lack of evidence is not lack of demand,not-established-by-assignment-or-html-parsing
/sa/services/criminal-law/cybercrime-accusation-and-defence,en,sa,legal matter,Cybercrime accusation and defence,no-direct-query-evidence-in-inputs,,Research same-language queries for this specific purpose; lack of evidence is not lack of demand,not-established-by-assignment-or-html-parsing
/sa/services/criminal-law/digital-and-documentary-evidence,en,sa,legal matter,Digital and documentary evidence,no-direct-query-evidence-in-inputs,,Research same-language queries for this specific purpose; lack of evidence is not lack of demand,not-established-by-assignment-or-html-parsing
/sa/services/criminal-law/forgery-and-false-document-accusation,en,sa,legal matter,Forgery and false-document accusation,no-direct-query-evidence-in-inputs,,Research same-language queries for this specific purpose; lack of evidence is not lack of demand,not-established-by-assignment-or-html-parsing
/sa/services/criminal-law/fraud-and-financial-crime-accusation,en,sa,legal matter,Fraud and financial-crime accusation,no-direct-query-evidence-in-inputs,,Research same-language queries for this specific purpose; lack of evidence is not lack of demand,not-established-by-assignment-or-html-parsing
/sa/services/criminal-law/investigation-and-questioning,en,sa,legal matter,Investigation and questioning,no-direct-query-evidence-in-inputs,,Research same-language queries for this specific purpose; lack of evidence is not lack of demand,not-established-by-assignment-or-html-parsing
/sa/services/criminal-law/online-defamation-complaint,en,sa,legal matter,Online defamation complaint,no-direct-query-evidence-in-inputs,,Research same-language queries for this specific purpose; lack of evidence is not lack of demand,not-established-by-assignment-or-html-parsing
/sa/services/criminal-law/police-complaint-defence,en,sa,legal matter,Police complaint defence,no-direct-query-evidence-in-inputs,,Research same-language queries for this specific purpose; lack of evidence is not lack of demand,not-established-by-assignment-or-html-parsing
/sa/services/criminal-law/public-prosecution-investigation-and-questioning,en,sa,legal matter,Public Prosecution investigation and questioning,no-direct-query-evidence-in-inputs,,Research same-language queries for this specific purpose; lack of evidence is not lack of demand,not-established-by-assignment-or-html-parsing
/sa/services/criminal-law/travel-ban-and-detention-concern,en,sa,legal matter,Travel-ban and detention concern,no-direct-query-evidence-in-inputs,,Research same-language queries for this specific purpose; lack of evidence is not lack of demand,not-established-by-assignment-or-html-parsing
/sa/services/criminal-law/trial-and-appeal-preparation,en,sa,legal matter,Trial and appeal preparation,no-direct-query-evidence-in-inputs,,Research same-language queries for this specific purpose; lack of evidence is not lack of demand,not-established-by-assignment-or-html-parsing
/sa/services/cyber-law,en,sa,service,Cyber & IT Law in Saudi Arabia,dated-observed-query-candidates,cyber crime lawyer,"Monitor changes in purpose, services and observed searches; linked-page work remains separate",currently-reviewed-intents-complete-for-defined-page-purpose
/sa/services/cyber-law/cybercrime-allegations-and-defence,en,sa,legal matter,Cybercrime allegations and defence,no-direct-query-evidence-in-inputs,,Research same-language queries for this specific purpose; lack of evidence is not lack of demand,not-established-by-assignment-or-html-parsing
/sa/services/cyber-law/data-protection-incidents,en,sa,legal matter,Data-protection incidents,no-direct-query-evidence-in-inputs,,Research same-language queries for this specific purpose; lack of evidence is not lack of demand,not-established-by-assignment-or-html-parsing
/sa/services/cyber-law/digital-evidence-and-platform-disputes,en,sa,legal matter,Digital evidence and platform disputes,no-direct-query-evidence-in-inputs,,Research same-language queries for this specific purpose; lack of evidence is not lack of demand,not-established-by-assignment-or-html-parsing
/sa/services/cyber-law/hacked-account-and-unauthorized-access,en,sa,legal matter,Compromised-account recovery and access restoration,no-direct-query-evidence-in-inputs,,Research same-language queries for this specific purpose; lack of evidence is not lack of demand,not-established-by-assignment-or-html-parsing
/sa/services/cyber-law/online-account-recovery-and-platform-complaint,en,sa,legal matter,Online account recovery and platform complaint,no-direct-query-evidence-in-inputs,,Research same-language queries for this specific purpose; lack of evidence is not lack of demand,not-established-by-assignment-or-html-parsing
/sa/services/cyber-law/online-defamation-and-removal-request,en,sa,legal matter,Online defamation and removal request,no-direct-query-evidence-in-inputs,,Research same-language queries for this specific purpose; lack of evidence is not lack of demand,not-established-by-assignment-or-html-parsing
/sa/services/cyber-law/personal-data-access-correction-or-deletion-request,en,sa,legal matter,"Personal-data access, correction or deletion request",no-direct-query-evidence-in-inputs,,Research same-language queries for this specific purpose; lack of evidence is not lack of demand,not-established-by-assignment-or-html-parsing
/sa/services/cyber-law/personal-data-breach-response,en,sa,legal matter,Personal-data breach response,no-direct-query-evidence-in-inputs,,Research same-language queries for this specific purpose; lack of evidence is not lack of demand,not-established-by-assignment-or-html-parsing
/sa/services/cyber-law/unauthorized-access-and-account-misuse,en,sa,legal matter,Unauthorized access and account misuse,no-direct-query-evidence-in-inputs,,Research same-language queries for this specific purpose; lack of evidence is not lack of demand,not-established-by-assignment-or-html-parsing
/sa/services/employment-law,en,sa,service,Employment Law in Saudi Arabia,dated-observed-query-candidates,employment attorney | employment dispute lawyer | employment law attorney | employment law firm | employment law specialist | employment lawyer | employment lawyers | unpaid leave in saudi arabia | সৌদি লেবার কোর্ট,"Monitor changes in purpose, services and observed searches; linked-page work remains separate",currently-reviewed-intents-complete-for-defined-page-purpose
/sa/services/employment-law/commission-and-bonus-payment-dispute,en,sa,legal matter,Commission and bonus payment dispute,no-direct-query-evidence-in-inputs,,"Monitor changes in purpose, services and observed searches; linked-page work remains separate",currently-reviewed-intents-complete-for-defined-page-purpose
/sa/services/employment-law/delayed-or-unpaid-salary,en,sa,legal matter,Delayed or unpaid salary,dated-observed-query-candidates,how to complaint salary delay in saudi arabia | pay disputes | payroll laws | salary delay in saudi arabia,"Monitor changes in purpose, services and observed searches; linked-page work remains separate",currently-reviewed-intents-complete-for-defined-page-purpose
/sa/services/employment-law/disciplinary-warning-and-workplace-investigation,en,sa,legal matter,Disciplinary warning and workplace investigation,no-direct-query-evidence-in-inputs,,"Monitor changes in purpose, services and observed searches; linked-page work remains separate",currently-reviewed-intents-complete-for-defined-page-purpose
/sa/services/employment-law/employment-contract-review,en,sa,legal matter,Employment contract review,no-direct-query-evidence-in-inputs,,"Monitor changes in purpose, services and observed searches; linked-page work remains separate",currently-reviewed-intents-complete-for-defined-page-purpose
/sa/services/employment-law/employment-dispute-after-resignation-or-job-transfer,en,sa,legal matter,Employment dispute after resignation or job transfer,no-direct-query-evidence-in-inputs,,Research same-language queries for this specific purpose; lack of evidence is not lack of demand,not-established-by-assignment-or-html-parsing
/sa/services/employment-law/employment-settlement-and-final-dues-calculation,en,sa,legal matter,Employment settlement and final-dues calculation,no-direct-query-evidence-in-inputs,,Research same-language queries for this specific purpose; lack of evidence is not lack of demand,not-established-by-assignment-or-html-parsing
/sa/services/employment-law/end-of-service-entitlements,en,sa,legal matter,End-of-service entitlements,no-direct-query-evidence-in-inputs,,Research same-language queries for this specific purpose; lack of evidence is not lack of demand,not-established-by-assignment-or-html-parsing
/sa/services/employment-law/experience-certificate-and-service-transfer-dispute,en,sa,legal matter,Experience certificate and service-transfer dispute,no-direct-query-evidence-in-inputs,,Research same-language queries for this specific purpose; lack of evidence is not lack of demand,not-established-by-assignment-or-html-parsing
/sa/services/employment-law/gosi-registration-or-contribution-dispute,en,sa,legal matter,GOSI registration or contribution dispute,no-direct-query-evidence-in-inputs,,Research same-language queries for this specific purpose; lack of evidence is not lack of demand,not-established-by-assignment-or-html-parsing
/sa/services/employment-law/non-compete-and-confidentiality-clause-dispute,en,sa,legal matter,Non-compete and confidentiality clause dispute,no-direct-query-evidence-in-inputs,,"Monitor changes in purpose, services and observed searches; linked-page work remains separate",currently-reviewed-intents-complete-for-defined-page-purpose
/sa/services/employment-law/resignation-because-of-unpaid-wages,en,sa,legal matter,Resignation because of unpaid wages,no-direct-query-evidence-in-inputs,,Research same-language queries for this specific purpose; lack of evidence is not lack of demand,not-established-by-assignment-or-html-parsing
/sa/services/employment-law/sick-leave-and-annual-leave-entitlement-dispute,en,sa,legal matter,Sick leave and annual leave entitlement dispute,no-direct-query-evidence-in-inputs,,"Monitor changes in purpose, services and observed searches; linked-page work remains separate",currently-reviewed-intents-complete-for-defined-page-purpose
/sa/services/employment-law/sponsorship-transfer-dispute,en,sa,legal matter,Sponsorship transfer dispute,no-direct-query-evidence-in-inputs,,Research same-language queries for this specific purpose; lack of evidence is not lack of demand,not-established-by-assignment-or-html-parsing
/sa/services/employment-law/unpaid-wages-and-benefits,en,sa,legal matter,Unpaid wages and benefits,no-direct-query-evidence-in-inputs,,Research same-language queries for this specific purpose; lack of evidence is not lack of demand,not-established-by-assignment-or-html-parsing
/sa/services/employment-law/visa-exit-and-re-entry-restriction-affecting-employment,en,sa,legal matter,"Visa, exit and re-entry restriction affecting employment",no-direct-query-evidence-in-inputs,,Research same-language queries for this specific purpose; lack of evidence is not lack of demand,not-established-by-assignment-or-html-parsing
/sa/services/employment-law/work-injury-and-compensation-claim,en,sa,legal matter,Work injury and compensation claim,no-direct-query-evidence-in-inputs,,Research same-language queries for this specific purpose; lack of evidence is not lack of demand,not-established-by-assignment-or-html-parsing
/sa/services/employment-law/work-permit-residency-or-employment-status-problem,en,sa,legal matter,Residency or employment-status restriction affecting work authorisation,no-direct-query-evidence-in-inputs,,Research same-language queries for this specific purpose; lack of evidence is not lack of demand,not-established-by-assignment-or-html-parsing
/sa/services/employment-law/workplace-and-disciplinary-disputes,en,sa,legal matter,Workplace and disciplinary disputes,no-direct-query-evidence-in-inputs,,"Monitor changes in purpose, services and observed searches; linked-page work remains separate",currently-reviewed-intents-complete-for-defined-page-purpose
/sa/services/employment-law/workplace-discrimination-and-harassment-complaint,en,sa,legal matter,Workplace discrimination and harassment complaint,no-direct-query-evidence-in-inputs,,Research same-language queries for this specific purpose; lack of evidence is not lack of demand,not-established-by-assignment-or-html-parsing
/sa/services/employment-law/wrongful-termination,en,sa,legal matter,Wrongful termination,dated-observed-query-candidates,unfair termination lawyers | wrongful termination lawyer | wrongful termination lawyer ksa,"Monitor changes in purpose, services and observed searches; linked-page work remains separate",currently-reviewed-intents-complete-for-defined-page-purpose
/sa/services/enforcement,en,sa,service,Enforcement & Debt Collection in Saudi Arabia,dated-observed-query-candidates,collection attorneys | debt collection agency in saudi arabia | debt collection agency saudi arabia | debt collection attorney | debt collection attorney in riyadh | debt collection in saudi arabia | debt collection lawyer | debt collection saudi arabia | debt recovery lawyer | debt recovery saudi arabia | debt recovery services | forderungseinzug in saudi-arabien | law recovery,"Monitor changes in purpose, services and observed searches; linked-page work remains separate",currently-reviewed-intents-complete-for-defined-page-purpose
/sa/services/enforcement/asset-tracing-and-debtor-investigation,en,sa,legal matter,Asset tracing and debtor investigation,no-direct-query-evidence-in-inputs,,Research same-language queries for this specific purpose; lack of evidence is not lack of demand,not-established-by-assignment-or-html-parsing
/sa/services/enforcement/bank-account-and-salary-seizure-dispute,en,sa,legal matter,Bank-account and salary seizure dispute,no-direct-query-evidence-in-inputs,,Research same-language queries for this specific purpose; lack of evidence is not lack of demand,not-established-by-assignment-or-html-parsing
/sa/services/enforcement/bounced-cheque-defence-and-criminal-complaint-concern,en,sa,legal matter,Bounced-cheque defence and criminal complaint concern,no-direct-query-evidence-in-inputs,,Research same-language queries for this specific purpose; lack of evidence is not lack of demand,not-established-by-assignment-or-html-parsing
/sa/services/enforcement/bounced-cheque-execution,en,sa,legal matter,Bounced cheque execution,no-direct-query-evidence-in-inputs,,Research same-language queries for this specific purpose; lack of evidence is not lack of demand,not-established-by-assignment-or-html-parsing
/sa/services/enforcement/commercial-debt-recovery,en,sa,legal matter,Commercial debt recovery,no-direct-query-evidence-in-inputs,,Research same-language queries for this specific purpose; lack of evidence is not lack of demand,not-established-by-assignment-or-html-parsing
/sa/services/enforcement/enforcement-objections-and-settlement,en,sa,legal matter,Enforcement objections and settlement,no-direct-query-evidence-in-inputs,,Research same-language queries for this specific purpose; lack of evidence is not lack of demand,not-established-by-assignment-or-html-parsing
/sa/services/enforcement/enforcement-of-court-judgments,en,sa,legal matter,Enforcement of court judgments,no-direct-query-evidence-in-inputs,,Research same-language queries for this specific purpose; lack of evidence is not lack of demand,not-established-by-assignment-or-html-parsing
/sa/services/enforcement/execution-against-an-unavailable-or-absconding-debtor,en,sa,legal matter,Execution against an unavailable or absconding debtor,no-direct-query-evidence-in-inputs,,Research same-language queries for this specific purpose; lack of evidence is not lack of demand,not-established-by-assignment-or-html-parsing
/sa/services/enforcement/foreign-judgment-enforcement,en,sa,legal matter,Foreign judgment enforcement,dated-observed-query-candidates,foreign judgment enforcement,Validate candidate queries against full answers and jurisdiction before editing,not-established-by-assignment-or-html-parsing
/sa/services/enforcement/objection-to-an-execution-judge-s-decision,en,sa,legal matter,Objection to an execution judge's decision,no-direct-query-evidence-in-inputs,,Research same-language queries for this specific purpose; lack of evidence is not lack of demand,not-established-by-assignment-or-html-parsing
/sa/services/enforcement/payment-order-and-urgent-debt-recovery,en,sa,legal matter,Payment order and urgent debt recovery,no-direct-query-evidence-in-inputs,,Research same-language queries for this specific purpose; lack of evidence is not lack of demand,not-established-by-assignment-or-html-parsing
/sa/services/enforcement/promissory-note-and-commercial-paper-enforcement,en,sa,legal matter,Promissory-note and commercial-paper enforcement,no-direct-query-evidence-in-inputs,,Research same-language queries for this specific purpose; lack of evidence is not lack of demand,not-established-by-assignment-or-html-parsing
/sa/services/enforcement/service-suspension-and-asset-freezing-request,en,sa,legal matter,Service suspension and asset-freezing request,no-direct-query-evidence-in-inputs,,Research same-language queries for this specific purpose; lack of evidence is not lack of demand,not-established-by-assignment-or-html-parsing
/sa/services/enforcement/travel-ban-application-for-debt-recovery,en,sa,legal matter,Travel-ban application for debt recovery,no-direct-query-evidence-in-inputs,,Research same-language queries for this specific purpose; lack of evidence is not lack of demand,not-established-by-assignment-or-html-parsing
/sa/services/enforcement/unpaid-invoices-and-payment-claims,en,sa,legal matter,Unpaid invoices and payment claims,no-direct-query-evidence-in-inputs,,Research same-language queries for this specific purpose; lack of evidence is not lack of demand,not-established-by-assignment-or-html-parsing
/sa/services/enforcement/wrongful-debt-collection-or-creditor-harassment-complaint,en,sa,legal matter,Wrongful debt-collection or creditor harassment complaint,no-direct-query-evidence-in-inputs,,Research same-language queries for this specific purpose; lack of evidence is not lack of demand,not-established-by-assignment-or-html-parsing
/sa/services/family-law,en,sa,service,Family Law in Saudi Arabia,dated-observed-query-candidates,family and estate,"Monitor changes in purpose, services and observed searches; linked-page work remains separate",currently-reviewed-intents-complete-for-defined-page-purpose
/sa/services/family-law/alimony-and-child-maintenance,en,sa,legal matter,Alimony and child maintenance,no-direct-query-evidence-in-inputs,,"Monitor changes in purpose, services and observed searches; linked-page work remains separate",currently-reviewed-intents-complete-for-defined-page-purpose
/sa/services/family-law/child-custody-and-visitation,en,sa,legal matter,Child custody and visitation,no-direct-query-evidence-in-inputs,,"Monitor changes in purpose, services and observed searches; linked-page work remains separate",currently-reviewed-intents-complete-for-defined-page-purpose
/sa/services/family-law/child-relocation-and-travel-disputes,en,sa,legal matter,Child relocation and travel disputes,no-direct-query-evidence-in-inputs,,Research same-language queries for this specific purpose; lack of evidence is not lack of demand,not-established-by-assignment-or-html-parsing
/sa/services/family-law/contested-will-and-inheritance-distribution-dispute,en,sa,legal matter,Contested will and inheritance distribution dispute,no-direct-query-evidence-in-inputs,,Research same-language queries for this specific purpose; lack of evidence is not lack of demand,not-established-by-assignment-or-html-parsing
/sa/services/family-law/divorce-and-separation,en,sa,legal matter,Divorce and separation,no-direct-query-evidence-in-inputs,,Research same-language queries for this specific purpose; lack of evidence is not lack of demand,not-established-by-assignment-or-html-parsing
/sa/services/family-law/domestic-violence-protection-and-family-safety-application,en,sa,legal matter,Domestic-violence protection and family-safety application,no-direct-query-evidence-in-inputs,,"Monitor changes in purpose, services and observed searches; linked-page work remains separate",currently-reviewed-intents-complete-for-defined-page-purpose
/sa/services/family-law/inheritance-and-family-settlements,en,sa,legal matter,Inheritance and family settlements,no-direct-query-evidence-in-inputs,,Research same-language queries for this specific purpose; lack of evidence is not lack of demand,not-established-by-assignment-or-html-parsing
/sa/services/family-law/inheritance-document-and-civil-record-correction,en,sa,legal matter,Inheritance document and civil-record correction,no-direct-query-evidence-in-inputs,,Research same-language queries for this specific purpose; lack of evidence is not lack of demand,not-established-by-assignment-or-html-parsing
/sa/services/family-law/khul-and-marriage-annulment-dispute,en,sa,legal matter,Khulʿ and marriage-annulment dispute,no-direct-query-evidence-in-inputs,,Research same-language queries for this specific purpose; lack of evidence is not lack of demand,not-established-by-assignment-or-html-parsing
/sa/services/family-law/marital-status-document-and-record-correction,en,sa,legal matter,Marital-status document and record correction,no-direct-query-evidence-in-inputs,,Research same-language queries for this specific purpose; lack of evidence is not lack of demand,not-established-by-assignment-or-html-parsing
/sa/services/family-law/marriage-and-personal-status-disputes,en,sa,legal matter,Marriage and personal-status disputes,no-direct-query-evidence-in-inputs,,Research same-language queries for this specific purpose; lack of evidence is not lack of demand,not-established-by-assignment-or-html-parsing
/sa/services/family-law/marriage-registration-and-family-status-certificate-problem,en,sa,legal matter,Marriage registration and family-status certificate problem,no-direct-query-evidence-in-inputs,,Research same-language queries for this specific purpose; lack of evidence is not lack of demand,not-established-by-assignment-or-html-parsing
/sa/services/family-law/paternity-dispute,en,sa,legal matter,Paternity dispute,no-direct-query-evidence-in-inputs,,Research same-language queries for this specific purpose; lack of evidence is not lack of demand,not-established-by-assignment-or-html-parsing
/sa/services/family-law/recognition-of-foreign-family-judgments,en,sa,legal matter,Recognition of foreign family judgments,no-direct-query-evidence-in-inputs,,Research same-language queries for this specific purpose; lack of evidence is not lack of demand,not-established-by-assignment-or-html-parsing
/sa/services/family-law/visitation-order-enforcement,en,sa,legal matter,Visitation order enforcement,no-direct-query-evidence-in-inputs,,Research same-language queries for this specific purpose; lack of evidence is not lack of demand,not-established-by-assignment-or-html-parsing
/sa/services/family-law/will-validity-and-estate-distribution,en,sa,legal matter,Will validity and estate distribution,no-direct-query-evidence-in-inputs,,Research same-language queries for this specific purpose; lack of evidence is not lack of demand,not-established-by-assignment-or-html-parsing
/sa/services/foreign-investment,en,sa,service,Foreign Investment & Business Law in Saudi Arabia,dated-observed-query-candidates,foreign investment law firms saudi arabia,"Monitor changes in purpose, services and observed searches; linked-page work remains separate",currently-reviewed-intents-complete-for-defined-page-purpose
/sa/services/foreign-investment/foreign-investor-and-local-partner-dispute,en,sa,legal matter,Foreign investor and local-partner dispute,no-direct-query-evidence-in-inputs,,Research same-language queries for this specific purpose; lack of evidence is not lack of demand,not-established-by-assignment-or-html-parsing
/sa/services/foreign-investment/foreign-investor-compensation-claim,en,sa,legal matter,Foreign investor compensation claim,no-direct-query-evidence-in-inputs,,Research same-language queries for this specific purpose; lack of evidence is not lack of demand,not-established-by-assignment-or-html-parsing
/sa/services/foreign-investment/foreign-investor-due-diligence-and-market-entry-review,en,sa,legal matter,Foreign investor due diligence and market-entry review,no-direct-query-evidence-in-inputs,,Research same-language queries for this specific purpose; lack of evidence is not lack of demand,not-established-by-assignment-or-html-parsing
/sa/services/foreign-investment/foreign-owned-company-formation,en,sa,legal matter,Foreign-owned company formation,no-direct-query-evidence-in-inputs,,Research same-language queries for this specific purpose; lack of evidence is not lack of demand,not-established-by-assignment-or-html-parsing
/sa/services/foreign-investment/investment-and-business-licensing,en,sa,legal matter,Investment and business licensing,no-direct-query-evidence-in-inputs,,Research same-language queries for this specific purpose; lack of evidence is not lack of demand,not-established-by-assignment-or-html-parsing
/sa/services/foreign-investment/investment-exit-repatriation-and-shareholder-dispute,en,sa,legal matter,"Investment exit, repatriation and shareholder dispute",no-direct-query-evidence-in-inputs,,Research same-language queries for this specific purpose; lack of evidence is not lack of demand,not-established-by-assignment-or-html-parsing
/sa/services/foreign-investment/investment-licence-refusal-or-cancellation,en,sa,legal matter,Investment licence refusal or cancellation,no-direct-query-evidence-in-inputs,,Research same-language queries for this specific purpose; lack of evidence is not lack of demand,not-established-by-assignment-or-html-parsing
/sa/services/foreign-investment/investor-and-cross-border-disputes,en,sa,legal matter,Investor and cross-border disputes,no-direct-query-evidence-in-inputs,,Research same-language queries for this specific purpose; lack of evidence is not lack of demand,not-established-by-assignment-or-html-parsing
/sa/services/foreign-investment/market-entry-legal-structure,en,sa,legal matter,Market-entry legal structure,no-direct-query-evidence-in-inputs,,Research same-language queries for this specific purpose; lack of evidence is not lack of demand,not-established-by-assignment-or-html-parsing
/sa/services/foreign-investment/regulatory-compliance,en,sa,legal matter,Regulatory compliance,no-direct-query-evidence-in-inputs,,Research same-language queries for this specific purpose; lack of evidence is not lack of demand,not-established-by-assignment-or-html-parsing
/sa/services/insurance-law,en,sa,service,Insurance Law in Saudi Arabia,dated-observed-query-candidates,auto insurance lawyer near me | car insurance lawyer | health insurance lawyer | insurance disputes lawyer | insurance lawyer | insurance regulatory lawyer,"Monitor changes in purpose, services and observed searches; linked-page work remains separate",currently-reviewed-intents-complete-for-defined-page-purpose
/sa/services/insurance-law/coverage-and-policy-interpretation,en,sa,legal matter,Coverage and policy interpretation,dated-observed-query-candidates,insurance coverage lawyer,Validate candidate queries against full answers and jurisdiction before editing,not-established-by-assignment-or-html-parsing
/sa/services/insurance-law/delayed-insurance-settlement,en,sa,legal matter,Delayed insurance settlement,no-direct-query-evidence-in-inputs,,Research same-language queries for this specific purpose; lack of evidence is not lack of demand,not-established-by-assignment-or-html-parsing
/sa/services/insurance-law/denied-insurance-claim,en,sa,legal matter,Denied insurance claim,no-direct-query-evidence-in-inputs,,Research same-language queries for this specific purpose; lack of evidence is not lack of demand,not-established-by-assignment-or-html-parsing
/sa/services/insurance-law/insurer-and-broker-disputes,en,sa,legal matter,Insurer and broker disputes,no-direct-query-evidence-in-inputs,,Research same-language queries for this specific purpose; lack of evidence is not lack of demand,not-established-by-assignment-or-html-parsing
/sa/services/insurance-law/personal-injury-compensation-after-an-accident,en,sa,legal matter,Personal injury compensation for a non-traffic accident,no-direct-query-evidence-in-inputs,,Research same-language queries for this specific purpose; lack of evidence is not lack of demand,not-established-by-assignment-or-html-parsing
/sa/services/insurance-law/policy-coverage-dispute,en,sa,legal matter,Claim denial based on a policy exclusion,no-direct-query-evidence-in-inputs,,Research same-language queries for this specific purpose; lack of evidence is not lack of demand,not-established-by-assignment-or-html-parsing
/sa/services/insurance-law/traffic-accident-compensation-and-liability-claim,en,sa,legal matter,Traffic accident compensation for personal injury and vehicle damage,no-direct-query-evidence-in-inputs,,Research same-language queries for this specific purpose; lack of evidence is not lack of demand,not-established-by-assignment-or-html-parsing
/sa/services/insurance-law/traffic-accident-liability-and-compensation,en,sa,legal matter,Traffic accident liability and compensation,no-direct-query-evidence-in-inputs,,Research same-language queries for this specific purpose; lack of evidence is not lack of demand,not-established-by-assignment-or-html-parsing
/sa/services/insurance-law/traffic-report-and-fault-dispute,en,sa,legal matter,Traffic report and fault dispute,no-direct-query-evidence-in-inputs,,Research same-language queries for this specific purpose; lack of evidence is not lack of demand,not-established-by-assignment-or-html-parsing
/sa/services/insurance-law/uninsured-accident-compensation-claim,en,sa,legal matter,Uninsured accident compensation claim,no-direct-query-evidence-in-inputs,,Research same-language queries for this specific purpose; lack of evidence is not lack of demand,not-established-by-assignment-or-html-parsing
/sa/services/intellectual-property,en,sa,service,Intellectual Property in Saudi Arabia,no-direct-query-evidence-in-inputs,,"Monitor changes in purpose, services and observed searches; linked-page work remains separate",currently-reviewed-intents-complete-for-defined-page-purpose
/sa/services/intellectual-property/copyright-infringement-online,en,sa,legal matter,Copyright infringement online,no-direct-query-evidence-in-inputs,,Research same-language queries for this specific purpose; lack of evidence is not lack of demand,not-established-by-assignment-or-html-parsing
/sa/services/intellectual-property/copyright-protection,en,sa,legal matter,Copyright protection,no-direct-query-evidence-in-inputs,,Research same-language queries for this specific purpose; lack of evidence is not lack of demand,not-established-by-assignment-or-html-parsing
/sa/services/intellectual-property/counterfeit-and-brand-infringement,en,sa,legal matter,Counterfeit and brand infringement,no-direct-query-evidence-in-inputs,,Research same-language queries for this specific purpose; lack of evidence is not lack of demand,not-established-by-assignment-or-html-parsing
/sa/services/intellectual-property/infringement-and-counterfeit-claims,en,sa,legal matter,Infringement and counterfeit claims,no-direct-query-evidence-in-inputs,,Research same-language queries for this specific purpose; lack of evidence is not lack of demand,not-established-by-assignment-or-html-parsing
/sa/services/intellectual-property/patent-and-licensing-matters,en,sa,legal matter,Patent and licensing matters,no-direct-query-evidence-in-inputs,,Research same-language queries for this specific purpose; lack of evidence is not lack of demand,not-established-by-assignment-or-html-parsing
/sa/services/intellectual-property/trade-secret-protection,en,sa,legal matter,Trade-secret protection,no-direct-query-evidence-in-inputs,,Research same-language queries for this specific purpose; lack of evidence is not lack of demand,not-established-by-assignment-or-html-parsing
/sa/services/intellectual-property/trademark-opposition-and-cancellation,en,sa,legal matter,Trademark opposition and cancellation,no-direct-query-evidence-in-inputs,,Research same-language queries for this specific purpose; lack of evidence is not lack of demand,not-established-by-assignment-or-html-parsing
/sa/services/intellectual-property/trademark-registration-and-disputes,en,sa,legal matter,Trademark registration and disputes,no-direct-query-evidence-in-inputs,,Research same-language queries for this specific purpose; lack of evidence is not lack of demand,not-established-by-assignment-or-html-parsing
/sa/services/medical-malpractice,en,sa,service,Medical Malpractice & Healthcare Law in Saudi Arabia,dated-observed-query-candidates,healthcare lawyer | lawyer medical negligence | medical injury lawyer | medical law attorney | medical legal consultant | medical liability attorneys | medical malpractice lawyer | medical malpractice lawyers near me,"Monitor changes in purpose, services and observed searches; linked-page work remains separate",currently-reviewed-intents-complete-for-defined-page-purpose
/sa/services/medical-malpractice/compensation-and-professional-liability-disputes,en,sa,legal matter,Compensation and professional-liability disputes,no-direct-query-evidence-in-inputs,,Research same-language queries for this specific purpose; lack of evidence is not lack of demand,not-established-by-assignment-or-html-parsing
/sa/services/medical-malpractice/medical-negligence-claims,en,sa,legal matter,Medical negligence claims,no-direct-query-evidence-in-inputs,,Research same-language queries for this specific purpose; lack of evidence is not lack of demand,not-established-by-assignment-or-html-parsing
/sa/services/medical-malpractice/medical-record-access-dispute,en,sa,legal matter,Medical-record access dispute,no-direct-query-evidence-in-inputs,,Research same-language queries for this specific purpose; lack of evidence is not lack of demand,not-established-by-assignment-or-html-parsing
/sa/services/medical-malpractice/medical-record-review,en,sa,legal matter,Medical-record review,no-direct-query-evidence-in-inputs,,Research same-language queries for this specific purpose; lack of evidence is not lack of demand,not-established-by-assignment-or-html-parsing
/sa/services/medical-malpractice/misdiagnosis-and-delayed-diagnosis,en,sa,legal matter,Misdiagnosis and delayed diagnosis,no-direct-query-evidence-in-inputs,,Research same-language queries for this specific purpose; lack of evidence is not lack of demand,not-established-by-assignment-or-html-parsing
/sa/services/medical-malpractice/surgical-and-treatment-errors,en,sa,legal matter,Surgical and treatment errors,no-direct-query-evidence-in-inputs,,Research same-language queries for this specific purpose; lack of evidence is not lack of demand,not-established-by-assignment-or-html-parsing
/sa/services/medical-malpractice/treatment-injury-and-compensation-claim,en,sa,legal matter,Treatment injury and compensation claim,no-direct-query-evidence-in-inputs,,Research same-language queries for this specific purpose; lack of evidence is not lack of demand,not-established-by-assignment-or-html-parsing
/sa/services/real-estate,en,sa,service,Property Law in Saudi Arabia,dated-observed-query-candidates,construction lawyer | land law lawyers | property dispute | real estate legal services,"Monitor changes in purpose, services and observed searches; linked-page work remains separate",currently-reviewed-intents-complete-for-defined-page-purpose
/sa/services/real-estate/construction-and-contractor-claims,en,sa,legal matter,Construction and contractor claims,no-direct-query-evidence-in-inputs,,Research same-language queries for this specific purpose; lack of evidence is not lack of demand,not-established-by-assignment-or-html-parsing
/sa/services/real-estate/construction-delay-and-defective-construction,en,sa,legal matter,Construction delay and defective construction,no-direct-query-evidence-in-inputs,,Research same-language queries for this specific purpose; lack of evidence is not lack of demand,not-established-by-assignment-or-html-parsing
/sa/services/real-estate/ejar-rental-contract-and-registration-dispute,en,sa,legal matter,Ejar rental contract and registration dispute,no-direct-query-evidence-in-inputs,,Research same-language queries for this specific purpose; lack of evidence is not lack of demand,not-established-by-assignment-or-html-parsing
/sa/services/real-estate/eviction-notice-and-eviction-dispute,en,sa,legal matter,Eviction notice and eviction dispute,no-direct-query-evidence-in-inputs,,Research same-language queries for this specific purpose; lack of evidence is not lack of demand,not-established-by-assignment-or-html-parsing
/sa/services/real-estate/expropriation-and-compensation-claim,en,sa,legal matter,Expropriation and compensation claim,no-direct-query-evidence-in-inputs,,Research same-language queries for this specific purpose; lack of evidence is not lack of demand,not-established-by-assignment-or-html-parsing
/sa/services/real-estate/foreign-property-ownership-eligibility-problem,en,sa,legal matter,Foreign property ownership eligibility problem,no-direct-query-evidence-in-inputs,,Research same-language queries for this specific purpose; lack of evidence is not lack of demand,not-established-by-assignment-or-html-parsing
/sa/services/real-estate/landlord-or-tenant-notice-and-settlement-problem,en,sa,legal matter,Landlord or tenant notice and settlement problem,no-direct-query-evidence-in-inputs,,Research same-language queries for this specific purpose; lack of evidence is not lack of demand,not-established-by-assignment-or-html-parsing
/sa/services/real-estate/lease-and-eviction-matters,en,sa,legal matter,Lease and eviction matters,no-direct-query-evidence-in-inputs,,Research same-language queries for this specific purpose; lack of evidence is not lack of demand,not-established-by-assignment-or-html-parsing
/sa/services/real-estate/mortgage-financing-and-property-lien-dispute,en,sa,legal matter,"Mortgage, financing and property-lien dispute",no-direct-query-evidence-in-inputs,,Research same-language queries for this specific purpose; lack of evidence is not lack of demand,not-established-by-assignment-or-html-parsing
/sa/services/real-estate/off-plan-property-purchase-and-developer-delay-claim,en,sa,legal matter,Off-plan property purchase and developer delay claim,no-direct-query-evidence-in-inputs,,Research same-language queries for this specific purpose; lack of evidence is not lack of demand,not-established-by-assignment-or-html-parsing
/sa/services/real-estate/property-encroachment-and-boundary-dispute,en,sa,legal matter,Property encroachment and boundary dispute,no-direct-query-evidence-in-inputs,,Research same-language queries for this specific purpose; lack of evidence is not lack of demand,not-established-by-assignment-or-html-parsing
/sa/services/real-estate/property-handover-and-defects-after-purchase,en,sa,legal matter,Property handover and defects after purchase,no-direct-query-evidence-in-inputs,,Research same-language queries for this specific purpose; lack of evidence is not lack of demand,not-established-by-assignment-or-html-parsing
/sa/services/real-estate/property-ownership-disputes,en,sa,legal matter,Property ownership disputes,no-direct-query-evidence-in-inputs,,Research same-language queries for this specific purpose; lack of evidence is not lack of demand,not-established-by-assignment-or-html-parsing
/sa/services/real-estate/property-service-charge-and-maintenance-dispute,en,sa,legal matter,Property service-charge and maintenance dispute,no-direct-query-evidence-in-inputs,,Research same-language queries for this specific purpose; lack of evidence is not lack of demand,not-established-by-assignment-or-html-parsing
/sa/services/real-estate/registration-and-title-problems,en,sa,legal matter,Registration and title problems,no-direct-query-evidence-in-inputs,,Research same-language queries for this specific purpose; lack of evidence is not lack of demand,not-established-by-assignment-or-html-parsing
/sa/services/real-estate/sale-and-purchase-contract-disputes,en,sa,legal matter,Sale and purchase contract disputes,no-direct-query-evidence-in-inputs,,Research same-language queries for this specific purpose; lack of evidence is not lack of demand,not-established-by-assignment-or-html-parsing
/sa/services/real-estate/security-deposit-recovery,en,sa,legal matter,Security deposit recovery,no-direct-query-evidence-in-inputs,,Research same-language queries for this specific purpose; lack of evidence is not lack of demand,not-established-by-assignment-or-html-parsing
/sa/services/real-estate/title-deed-and-registration-dispute,en,sa,legal matter,Title deed and registration dispute,no-direct-query-evidence-in-inputs,,Research same-language queries for this specific purpose; lack of evidence is not lack of demand,not-established-by-assignment-or-html-parsing
/sa/services/real-estate/unpaid-rent-and-rental-payment-claim,en,sa,legal matter,Unpaid rent and rental payment claim,no-direct-query-evidence-in-inputs,,Research same-language queries for this specific purpose; lack of evidence is not lack of demand,not-established-by-assignment-or-html-parsing
/sa/services/tax-zakat,en,sa,service,Tax & Zakat Law in Saudi Arabia,dated-observed-query-candidates,tax and legal services | tax attorney | tax attorneys | tax lawyer | tax lawyer in saudi arabia | vat | vat dispute resolution | zakat tax consultancy | zatca taxation advisory services in saudi arabia,"Monitor changes in purpose, services and observed searches; linked-page work remains separate",currently-reviewed-intents-complete-for-defined-page-purpose
/sa/services/tax-zakat/business-tax-compliance,en,sa,legal matter,Business tax compliance,no-direct-query-evidence-in-inputs,,Research same-language queries for this specific purpose; lack of evidence is not lack of demand,not-established-by-assignment-or-html-parsing
/sa/services/tax-zakat/corporate-tax-registration-and-filing-problem,en,sa,legal matter,Corporate-tax registration and filing problem,no-direct-query-evidence-in-inputs,,Research same-language queries for this specific purpose; lack of evidence is not lack of demand,not-established-by-assignment-or-html-parsing
/sa/services/tax-zakat/customs-penalty-challenge,en,sa,legal matter,Customs penalty challenge,no-direct-query-evidence-in-inputs,,Research same-language queries for this specific purpose; lack of evidence is not lack of demand,not-established-by-assignment-or-html-parsing
/sa/services/tax-zakat/objections-and-appeals,en,sa,legal matter,Objections and appeals,no-direct-query-evidence-in-inputs,,Research same-language queries for this specific purpose; lack of evidence is not lack of demand,not-established-by-assignment-or-html-parsing
/sa/services/tax-zakat/tax-and-zakat-assessments,en,sa,legal matter,Tax and zakat assessments,no-direct-query-evidence-in-inputs,,Research same-language queries for this specific purpose; lack of evidence is not lack of demand,not-established-by-assignment-or-html-parsing
/sa/services/tax-zakat/tax-audit-and-assessment-objection,en,sa,legal matter,Tax audit and assessment objection,no-direct-query-evidence-in-inputs,,Research same-language queries for this specific purpose; lack of evidence is not lack of demand,not-established-by-assignment-or-html-parsing
/sa/services/tax-zakat/tax-certificate-and-clearance-problem,en,sa,legal matter,Tax certificate and clearance problem,no-direct-query-evidence-in-inputs,,Research same-language queries for this specific purpose; lack of evidence is not lack of demand,not-established-by-assignment-or-html-parsing
/sa/services/tax-zakat/tax-penalties-and-disputes,en,sa,legal matter,Tax penalties and disputes,no-direct-query-evidence-in-inputs,,Research same-language queries for this specific purpose; lack of evidence is not lack of demand,not-established-by-assignment-or-html-parsing
/sa/services/tax-zakat/vat-and-customs-issues,en,sa,legal matter,VAT and customs issues,no-direct-query-evidence-in-inputs,,Research same-language queries for this specific purpose; lack of evidence is not lack of demand,not-established-by-assignment-or-html-parsing
/sa/services/tax-zakat/vat-invoice-and-tax-correction-dispute,en,sa,legal matter,VAT invoice and tax-correction dispute,no-direct-query-evidence-in-inputs,,Research same-language queries for this specific purpose; lack of evidence is not lack of demand,not-established-by-assignment-or-html-parsing
/sa/services/tax-zakat/vat-penalty-and-late-registration-dispute,en,sa,legal matter,VAT penalty and late-registration dispute,no-direct-query-evidence-in-inputs,,Research same-language queries for this specific purpose; lack of evidence is not lack of demand,not-established-by-assignment-or-html-parsing
/sa/services/tax-zakat/vat-refund-and-registration-dispute,en,sa,legal matter,VAT refund and registration dispute,no-direct-query-evidence-in-inputs,,Research same-language queries for this specific purpose; lack of evidence is not lack of demand,not-established-by-assignment-or-html-parsing
/sa/services/tax-zakat/withholding-tax-assessment-and-objection,en,sa,legal matter,Withholding-tax assessment and objection,no-direct-query-evidence-in-inputs,,Research same-language queries for this specific purpose; lack of evidence is not lack of demand,not-established-by-assignment-or-html-parsing
/sa/services/tax-zakat/zatca-e-invoicing-compliance-problem,en,sa,legal matter,ZATCA e-invoicing compliance problem,no-direct-query-evidence-in-inputs,,Research same-language queries for this specific purpose; lack of evidence is not lack of demand,not-established-by-assignment-or-html-parsing
/sa/terms-of-service,en,sa,shared or regional page,Terms of Service,no-direct-query-evidence-in-inputs,,Research same-language queries for this specific purpose; lack of evidence is not lack of demand,not-established-by-assignment-or-html-parsing
/sa/vision,en,sa,shared or regional page,"Law—closer, clearer, and more trustworthy",no-direct-query-evidence-in-inputs,,Research same-language queries for this specific purpose; lack of evidence is not lack of demand,not-established-by-assignment-or-html-parsing
/syr,en,syr,shared or regional page,Online Legal Consultation for Syria — Focused & Structured.,no-direct-query-evidence-in-inputs,,Research same-language queries for this specific purpose; lack of evidence is not lack of demand,not-established-by-assignment-or-html-parsing
/syr/about,en,syr,shared or regional page,Syria's Specialized Online Legal Consultation Platform,no-direct-query-evidence-in-inputs,,Research same-language queries for this specific purpose; lack of evidence is not lack of demand,not-established-by-assignment-or-html-parsing
/syr/ar,ar,syr,shared or regional page,استشارة قانونية إلكترونية في سوريا — مركزة ومنظمة.,keyword-export-candidates,استشارات قانونية | استشارات قانونية 24 ساعة | استشارات قانونية اونلاين | استشارة قانونية | استشارة قانونية فورية | استشارة قانونية مكتوبة | استشارة محامي | استشاره قانونيه محامي | استشاره محامي قانوني | الإستشارات القانونية | الإستشارة القانونية | الاستشارات القانونية | الاستشارات القانونيه | الاستشاره القانونيه | الاعمال القانونية | التحليل القانوني | الخبرة للاستشارات القانونية | الخدمات القانونية | المحامي الإلكتروني | المحامي القانوني | المحامي والمستشار القانوني | المسألة القانونية | المسائل القانونية | المستندات القانونية | المشورة القانونية | تحليل استشارة قانونية | تقديم الاستشارات القانونية | خدمات المحامي | خدمات قانونية | دور المستشار القانوني | شركات قانونية | شركة استشارات قانونية | شركة المحامي | شركة قانونية | شركة محاماة | شركة محاماة واستشارات قانونية | قانون محاماة | للاستشارات القانونية | للاستشارات القانونية والمحاماة | محام عربي | محامي إلكتروني | محامي استشارات | محامي استشارة | محامي استشارة قانونية | محامي استشاره | محامي الكتروني | محامي حقوقي | محامي قانون | محامي قانوني | محامي للاستشارات القانونيه | محامي للاستشاره | محامي متعاون | محامين للاستشارات القانونية | مركز الاستشارات القانونية | مسألة قانونية | مسالة قانونية | معلومات المحامي | معلومات عن المحاماه | مكتب استشارات قانونية | مكتب استشارات قانونيه | مكتب الاستشارات القانونية | مكتب الاستشارة القانونية | مكتب المستشار القانوني | مكتب للاستشارات القانونية | مكتب محاماة | مكتب محاماة للاستشارات القانونية | مكتب محامي | منصات قانونية | منصة استشارات قانونية | منصة الاستشارات القانونية | منصة قانونية | منصة محامي | موقع استشارات قانونيه | موقع للاستشارات القانونية | موقع مكتب محاماة,Validate candidate queries against full answers and jurisdiction before editing,not-established-by-assignment-or-html-parsing
/syr/ar/about,ar,syr,shared or regional page,منصة الاستشارات القانونية الإلكترونية المتخصصة في سوريا,no-direct-query-evidence-in-inputs,,Research same-language queries for this specific purpose; lack of evidence is not lack of demand,not-established-by-assignment-or-html-parsing
/syr/ar/contact,ar,syr,shared or regional page,ابدأ استشارتك القانونية,dated-observed-query-candidates,احتاج محامي | ارقام محامين استشارات قانونيه | اريد استشارة قانونية | اريد استشارة محامي | استشارة قانونية اون لاين | استشارة قانونية نموذج | استشر محامي | اقوى محامي | التحقق من محامي | التواصل مع محامي | تقديم استشارة قانونية | تكليف محامي | خطوات الاستشارة القانونية | رقم الاستشارات القانونية | رقم محامي قانوني | شروط الاستشارة القانونية | طريقة الاستشارة القانونية | طريقة كتابة استشارة قانونية | طلب استشارة | طلب استشارة قانونية | طلب محامي | عرض تقديم خدمات قانونية | عرض خدمات قانونية | قيمة الاستشارة القانونية | كتابة استشارة قانونية | كيفية التواصل | كيفية كتابة استشارة قانونية | محامي مرخص | نموذج استشارة قانونية | نموذج الاستشارة القانونية | نموذج تقديم استشارة قانونية | نموذج طلب استشارة قانونية | نموذج عرض تقديم خدمات قانونية | نموذج عرض خدمات قانونية | نموذج عن استشارة قانونية,Validate candidate queries against full answers and jurisdiction before editing,not-established-by-assignment-or-html-parsing
/syr/ar/privacy-policy,ar,syr,shared or regional page,سياسة الخصوصية,no-direct-query-evidence-in-inputs,,Research same-language queries for this specific purpose; lack of evidence is not lack of demand,not-established-by-assignment-or-html-parsing
/syr/ar/services,ar,syr,shared or regional page,20 مجالاً قانونياً متخصصاً,no-direct-query-evidence-in-inputs,,"Monitor changes in purpose, services and observed searches; linked-page work remains separate",currently-reviewed-intents-complete-for-defined-page-purpose
/syr/ar/services/administrative-law,ar,syr,service,القانون الإداري في سوريا,dated-observed-query-candidates,القانون الاداري السوري | فسخ العقد الاداري,"Monitor changes in purpose, services and observed searches; linked-page work remains separate",currently-reviewed-intents-complete-for-defined-page-purpose
/syr/ar/services/administrative-law/administrative-compensation-claim,ar,syr,legal matter,مطالبة التعويض عن القرار الإداري,no-direct-query-evidence-in-inputs,,Research same-language queries for this specific purpose; lack of evidence is not lack of demand,not-established-by-assignment-or-html-parsing
/syr/ar/services/administrative-law/administrative-objections-and-appeals,ar,syr,legal matter,الاعتراضات والطعون الإدارية,no-direct-query-evidence-in-inputs,,Research same-language queries for this specific purpose; lack of evidence is not lack of demand,not-established-by-assignment-or-html-parsing
/syr/ar/services/administrative-law/challenge-to-an-administrative-licence-or-public-decision,ar,syr,legal matter,الطعن في الترخيص أو القرار الإداري,no-direct-query-evidence-in-inputs,,Research same-language queries for this specific purpose; lack of evidence is not lack of demand,not-established-by-assignment-or-html-parsing
/syr/ar/services/administrative-law/challenges-to-government-decisions,ar,syr,legal matter,الطعن في القرارات الحكومية,no-direct-query-evidence-in-inputs,,Research same-language queries for this specific purpose; lack of evidence is not lack of demand,not-established-by-assignment-or-html-parsing
/syr/ar/services/administrative-law/government-contract-disputes,ar,syr,legal matter,منازعات العقود الحكومية,no-direct-query-evidence-in-inputs,,Research same-language queries for this specific purpose; lack of evidence is not lack of demand,not-established-by-assignment-or-html-parsing
/syr/ar/services/administrative-law/government-penalty-challenge,ar,syr,legal matter,الطعن في الغرامة الحكومية,no-direct-query-evidence-in-inputs,,Research same-language queries for this specific purpose; lack of evidence is not lack of demand,not-established-by-assignment-or-html-parsing
/syr/ar/services/administrative-law/licence-refusal-or-cancellation,ar,syr,legal matter,رفض أو إلغاء الترخيص,no-direct-query-evidence-in-inputs,,Research same-language queries for this specific purpose; lack of evidence is not lack of demand,not-established-by-assignment-or-html-parsing
/syr/ar/services/administrative-law/licensing-refusals-and-penalties,ar,syr,legal matter,رفض التراخيص والعقوبات,no-direct-query-evidence-in-inputs,,Research same-language queries for this specific purpose; lack of evidence is not lack of demand,not-established-by-assignment-or-html-parsing
/syr/ar/services/administrative-law/public-procurement-dispute,ar,syr,legal matter,الطعن في استبعاد العرض أو ترسية المناقصة,no-direct-query-evidence-in-inputs,,Research same-language queries for this specific purpose; lack of evidence is not lack of demand,not-established-by-assignment-or-html-parsing
/syr/ar/services/administrative-law/public-procurement-disputes,ar,syr,legal matter,منازعات المشتريات العامة,no-direct-query-evidence-in-inputs,,Research same-language queries for this specific purpose; lack of evidence is not lack of demand,not-established-by-assignment-or-html-parsing
/syr/ar/services/arbitration,ar,syr,service,التحكيم والوساطة في سوريا,no-direct-query-evidence-in-inputs,,"Monitor changes in purpose, services and observed searches; linked-page work remains separate",currently-reviewed-intents-complete-for-defined-page-purpose
/syr/ar/services/arbitration/appointment-or-removal-of-an-arbitrator-dispute,ar,syr,legal matter,منازعة تعيين المحكم أو رده,no-direct-query-evidence-in-inputs,,Research same-language queries for this specific purpose; lack of evidence is not lack of demand,not-established-by-assignment-or-html-parsing
/syr/ar/services/arbitration/arbitration-clause-review,ar,syr,legal matter,مراجعة شرط التحكيم,no-direct-query-evidence-in-inputs,,Research same-language queries for this specific purpose; lack of evidence is not lack of demand,not-established-by-assignment-or-html-parsing
/syr/ar/services/arbitration/challenge-to-a-syrian-arbitration-agreement-or-award,ar,syr,legal matter,الطعن في اتفاق التحكيم أو الحكم التحكيمي السوري,no-direct-query-evidence-in-inputs,,Research same-language queries for this specific purpose; lack of evidence is not lack of demand,not-established-by-assignment-or-html-parsing
/syr/ar/services/arbitration/challenge-to-arbitration-jurisdiction,ar,syr,legal matter,الطعن في اختصاص هيئة التحكيم,no-direct-query-evidence-in-inputs,,Research same-language queries for this specific purpose; lack of evidence is not lack of demand,not-established-by-assignment-or-html-parsing
/syr/ar/services/arbitration/commercial-arbitration,ar,syr,legal matter,التحكيم التجاري,no-direct-query-evidence-in-inputs,,Research same-language queries for this specific purpose; lack of evidence is not lack of demand,not-established-by-assignment-or-html-parsing
/syr/ar/services/arbitration/emergency-arbitration-and-interim-measures,ar,syr,legal matter,التدابير العاجلة في التحكيم: القواعد المتفق عليها وإجراءات المحكمة,no-direct-query-evidence-in-inputs,,Research same-language queries for this specific purpose; lack of evidence is not lack of demand,not-established-by-assignment-or-html-parsing
/syr/ar/services/arbitration/foreign-arbitral-award-enforcement,ar,syr,legal matter,تنفيذ حكم التحكيم الأجنبي,no-direct-query-evidence-in-inputs,,Research same-language queries for this specific purpose; lack of evidence is not lack of demand,not-established-by-assignment-or-html-parsing
/syr/ar/services/arbitration/mediation-and-negotiated-settlement,ar,syr,legal matter,الوساطة والتسوية التفاوضية,no-direct-query-evidence-in-inputs,,Research same-language queries for this specific purpose; lack of evidence is not lack of demand,not-established-by-assignment-or-html-parsing
/syr/ar/services/arbitration/recognition-and-enforcement-of-awards,ar,syr,legal matter,الاعتراف بأحكام التحكيم وتنفيذها,no-direct-query-evidence-in-inputs,,Research same-language queries for this specific purpose; lack of evidence is not lack of demand,not-established-by-assignment-or-html-parsing
/syr/ar/services/arbitration/urgent-protective-measures,ar,syr,legal matter,التدابير التحفظية العاجلة,no-direct-query-evidence-in-inputs,,Research same-language queries for this specific purpose; lack of evidence is not lack of demand,not-established-by-assignment-or-html-parsing
/syr/ar/services/banking-finance,ar,syr,service,قانون المصارف والتمويل في سوريا,keyword-export-candidates,المحامي المصرفي | قضايا البنوك | محامي البنوك | محامي بنوك | محامي ضد البنوك | محامي مالي | محامي ماليه,"Monitor changes in purpose, services and observed searches; linked-page work remains separate",currently-reviewed-intents-complete-for-defined-page-purpose
/syr/ar/services/banking-finance/bank-and-customer-disputes,ar,syr,legal matter,منازعات البنوك والعملاء,no-direct-query-evidence-in-inputs,,Research same-language queries for this specific purpose; lack of evidence is not lack of demand,not-established-by-assignment-or-html-parsing
/syr/ar/services/banking-finance/banking-dispute-with-a-syrian-financial-institution,ar,syr,legal matter,منازعة مصرفية مع مؤسسة مالية سورية,no-direct-query-evidence-in-inputs,,Research same-language queries for this specific purpose; lack of evidence is not lack of demand,not-established-by-assignment-or-html-parsing
/syr/ar/services/banking-finance/financial-regulatory-compliance,ar,syr,legal matter,الامتثال المالي والتنظيمي,no-direct-query-evidence-in-inputs,,Research same-language queries for this specific purpose; lack of evidence is not lack of demand,not-established-by-assignment-or-html-parsing
/syr/ar/services/banking-finance/financing-agreement-review,ar,syr,legal matter,مراجعة عقود التمويل,no-direct-query-evidence-in-inputs,,Research same-language queries for this specific purpose; lack of evidence is not lack of demand,not-established-by-assignment-or-html-parsing
/syr/ar/services/banking-finance/guarantees-and-security-enforcement,ar,syr,legal matter,الضمانات وتنفيذ التأمينات,no-direct-query-evidence-in-inputs,,Research same-language queries for this specific purpose; lack of evidence is not lack of demand,not-established-by-assignment-or-html-parsing
/syr/ar/services/banking-finance/loan-default-and-restructuring,ar,syr,legal matter,التعثر في سداد القرض وإعادة الهيكلة,no-direct-query-evidence-in-inputs,,Research same-language queries for this specific purpose; lack of evidence is not lack of demand,not-established-by-assignment-or-html-parsing
/syr/ar/services/banking-finance/loan-guarantee-or-collateral-enforcement-dispute,ar,syr,legal matter,منازعة القرض أو الكفالة أو تنفيذ الضمان,no-direct-query-evidence-in-inputs,,Research same-language queries for this specific purpose; lack of evidence is not lack of demand,not-established-by-assignment-or-html-parsing
/syr/ar/services/banking-finance/personal-guarantee-enforcement,ar,syr,legal matter,تنفيذ الكفالة الشخصية,no-direct-query-evidence-in-inputs,,Research same-language queries for this specific purpose; lack of evidence is not lack of demand,not-established-by-assignment-or-html-parsing
/syr/ar/services/banking-finance/unauthorized-bank-transaction,ar,syr,legal matter,المعاملة المصرفية غير المصرح بها,no-direct-query-evidence-in-inputs,,Research same-language queries for this specific purpose; lack of evidence is not lack of demand,not-established-by-assignment-or-html-parsing
/syr/ar/services/business-law,ar,syr,service,القانون التجاري في سوريا,keyword-export-candidates,استشارات قانونية تجارية | النزاعات التجارية | دعوى تجارية | عقد امتياز | قضية تجارية | محامي تجاري | محامي قانون تجاري | محامي قضايا تجارية | نموذج استشارة قانونية تجارية | نموذج عقد الامتياز التجاري | نموذج عقد امتياز تجاري,"Monitor changes in purpose, services and observed searches; linked-page work remains separate",currently-reviewed-intents-complete-for-defined-page-purpose
/syr/ar/services/business-law/business-contract-risk,ar,syr,legal matter,مخاطر العقود التجارية,no-direct-query-evidence-in-inputs,,Research same-language queries for this specific purpose; lack of evidence is not lack of demand,not-established-by-assignment-or-html-parsing
/syr/ar/services/business-law/commercial-agency-and-distribution-termination,ar,syr,legal matter,إنهاء علاقة توزيع حصرية,no-direct-query-evidence-in-inputs,,Research same-language queries for this specific purpose; lack of evidence is not lack of demand,not-established-by-assignment-or-html-parsing
/syr/ar/services/business-law/commercial-agency-termination,ar,syr,legal matter,إنهاء الوكالة التجارية,no-direct-query-evidence-in-inputs,,Research same-language queries for this specific purpose; lack of evidence is not lack of demand,not-established-by-assignment-or-html-parsing
/syr/ar/services/business-law/commercial-concealment-dispute,ar,syr,legal matter,منازعة ملكية النشاط التجاري والسيطرة عليه,no-direct-query-evidence-in-inputs,,Research same-language queries for this specific purpose; lack of evidence is not lack of demand,not-established-by-assignment-or-html-parsing
/syr/ar/services/business-law/commercial-disputes,ar,syr,legal matter,المنازعات التجارية,no-direct-query-evidence-in-inputs,,Research same-language queries for this specific purpose; lack of evidence is not lack of demand,not-established-by-assignment-or-html-parsing
/syr/ar/services/business-law/commercial-liability,ar,syr,legal matter,المسؤولية التجارية,no-direct-query-evidence-in-inputs,,Research same-language queries for this specific purpose; lack of evidence is not lack of demand,not-established-by-assignment-or-html-parsing
/syr/ar/services/business-law/commercial-register-and-company-record-dispute,ar,syr,legal matter,منازعة السجل التجاري وسجلات الشركة,no-direct-query-evidence-in-inputs,,Research same-language queries for this specific purpose; lack of evidence is not lack of demand,not-established-by-assignment-or-html-parsing
/syr/ar/services/business-law/commercial-supply-contract-dispute,ar,syr,legal matter,منازعة عقد التوريد التجاري,no-direct-query-evidence-in-inputs,,Research same-language queries for this specific purpose; lack of evidence is not lack of demand,not-established-by-assignment-or-html-parsing
/syr/ar/services/business-law/company-formation-and-registration,ar,syr,legal matter,تأسيس الشركة وتسجيلها,no-direct-query-evidence-in-inputs,,Research same-language queries for this specific purpose; lack of evidence is not lack of demand,not-established-by-assignment-or-html-parsing
/syr/ar/services/business-law/government-tender-dispute,ar,syr,legal matter,منازعة المناقصة الحكومية,no-direct-query-evidence-in-inputs,,Research same-language queries for this specific purpose; lack of evidence is not lack of demand,not-established-by-assignment-or-html-parsing
/syr/ar/services/business-law/negotiation-and-settlement-strategy,ar,syr,legal matter,استراتيجية التفاوض والتسوية,no-direct-query-evidence-in-inputs,,Research same-language queries for this specific purpose; lack of evidence is not lack of demand,not-established-by-assignment-or-html-parsing
/syr/ar/services/business-law/shareholder-and-partner-dispute,ar,syr,legal matter,منازعة المساهمين والشركاء,no-direct-query-evidence-in-inputs,,Research same-language queries for this specific purpose; lack of evidence is not lack of demand,not-established-by-assignment-or-html-parsing
/syr/ar/services/business-law/supplier-and-customer-claims,ar,syr,legal matter,مطالبات الموردين والعملاء,no-direct-query-evidence-in-inputs,,Research same-language queries for this specific purpose; lack of evidence is not lack of demand,not-established-by-assignment-or-html-parsing
/syr/ar/services/business-law/unpaid-business-invoices,ar,syr,legal matter,الفواتير التجارية غير المدفوعة,no-direct-query-evidence-in-inputs,,Research same-language queries for this specific purpose; lack of evidence is not lack of demand,not-established-by-assignment-or-html-parsing
/syr/ar/services/civil-law,ar,syr,service,القانون المدني في سوريا,dated-observed-query-candidates,القانون المدني السوري | دعوى تعويض عن ضرر | قانون المدني السوري | مصادر الالتزام في القانون السوري,"Monitor changes in purpose, services and observed searches; linked-page work remains separate",currently-reviewed-intents-complete-for-defined-page-purpose
/syr/ar/services/civil-law/civil-claims-and-private-disputes,ar,syr,legal matter,الدعاوى المدنية والمنازعات الخاصة,no-direct-query-evidence-in-inputs,,Research same-language queries for this specific purpose; lack of evidence is not lack of demand,not-established-by-assignment-or-html-parsing
/syr/ar/services/civil-law/civil-compensation-claim-in-syria,ar,syr,legal matter,المطالبة بالتعويض المدني في سوريا,no-direct-query-evidence-in-inputs,,Research same-language queries for this specific purpose; lack of evidence is not lack of demand,not-established-by-assignment-or-html-parsing
/syr/ar/services/civil-law/compensation-claims,ar,syr,legal matter,مطالبات التعويض,no-direct-query-evidence-in-inputs,,Research same-language queries for this specific purpose; lack of evidence is not lack of demand,not-established-by-assignment-or-html-parsing
/syr/ar/services/civil-law/contractual-and-non-contractual-liability,ar,syr,legal matter,المسؤولية العقدية والتقصيرية,no-direct-query-evidence-in-inputs,,Research same-language queries for this specific purpose; lack of evidence is not lack of demand,not-established-by-assignment-or-html-parsing
/syr/ar/services/civil-law/defamation-and-reputation-damage-claim,ar,syr,legal matter,مطالبة التشهير والضرر بالسمعة,no-direct-query-evidence-in-inputs,,Research same-language queries for this specific purpose; lack of evidence is not lack of demand,not-established-by-assignment-or-html-parsing
/syr/ar/services/civil-law/defamation-and-reputation-damage-claim-in-syria,ar,syr,legal matter,التعويض المدني عن الإضرار بالسمعة في سوريا,dated-observed-query-candidates,التشهير في القانون السوري | دعوى التشهير في القانون السوري,Validate candidate queries against full answers and jurisdiction before editing,not-established-by-assignment-or-html-parsing
/syr/ar/services/civil-law/obligations-and-remedies,ar,syr,legal matter,الالتزامات ووسائل المعالجة,no-direct-query-evidence-in-inputs,,Research same-language queries for this specific purpose; lack of evidence is not lack of demand,not-established-by-assignment-or-html-parsing
/syr/ar/services/civil-law/personal-injury-compensation-claim,ar,syr,legal matter,مطالبة التعويض عن الإصابة الشخصية,no-direct-query-evidence-in-inputs,,Research same-language queries for this specific purpose; lack of evidence is not lack of demand,not-established-by-assignment-or-html-parsing
/syr/ar/services/civil-law/possession-and-interference-dispute,ar,syr,legal matter,منازعة الحيازة والتعرض لها,no-direct-query-evidence-in-inputs,,Research same-language queries for this specific purpose; lack of evidence is not lack of demand,not-established-by-assignment-or-html-parsing
/syr/ar/services/civil-law/property-and-possession-disputes,ar,syr,legal matter,منازعات الملكية والحيازة,no-direct-query-evidence-in-inputs,,Research same-language queries for this specific purpose; lack of evidence is not lack of demand,not-established-by-assignment-or-html-parsing
/syr/ar/services/civil-procedure,ar,syr,service,قانون أصول المحاكمات المدنية في سوريا,dated-observed-query-candidates,اصول المحاكمات المدنية السوري | قانون أصول المحاكمات المدنية السوري,"Monitor changes in purpose, services and observed searches; linked-page work remains separate",currently-reviewed-intents-complete-for-defined-page-purpose
/syr/ar/services/civil-procedure/appeal-deadline-and-filing-problem,ar,syr,legal matter,مشكلة ميعاد الطعن والقيد,no-direct-query-evidence-in-inputs,,Research same-language queries for this specific purpose; lack of evidence is not lack of demand,not-established-by-assignment-or-html-parsing
/syr/ar/services/civil-procedure/appeal-deadline-and-service-problem-in-syria,ar,syr,legal matter,مشكلة ميعاد الطعن والتبليغ في سوريا,no-direct-query-evidence-in-inputs,,Research same-language queries for this specific purpose; lack of evidence is not lack of demand,not-established-by-assignment-or-html-parsing
/syr/ar/services/civil-procedure/appeals-and-enforcement,ar,syr,legal matter,الطعون والتنفيذ,no-direct-query-evidence-in-inputs,,Research same-language queries for this specific purpose; lack of evidence is not lack of demand,not-established-by-assignment-or-html-parsing
/syr/ar/services/civil-procedure/court-filing-and-jurisdiction,ar,syr,legal matter,رفع الدعوى والاختصاص,no-direct-query-evidence-in-inputs,,Research same-language queries for this specific purpose; lack of evidence is not lack of demand,not-established-by-assignment-or-html-parsing
/syr/ar/services/civil-procedure/court-filing-and-jurisdiction-objection-in-syria,ar,syr,legal matter,الطعن في اختصاص المحكمة أو التبليغ غير الصحيح في سوريا,no-direct-query-evidence-in-inputs,,Research same-language queries for this specific purpose; lack of evidence is not lack of demand,not-established-by-assignment-or-html-parsing
/syr/ar/services/civil-procedure/court-service-and-notification-problem,ar,syr,legal matter,مشكلة إعلان الدعوى والتبليغ القضائي,no-direct-query-evidence-in-inputs,,Research same-language queries for this specific purpose; lack of evidence is not lack of demand,not-established-by-assignment-or-html-parsing
/syr/ar/services/civil-procedure/evidence-and-procedural-objections,ar,syr,legal matter,الإثبات والدفوع الإجرائية,no-direct-query-evidence-in-inputs,,Research same-language queries for this specific purpose; lack of evidence is not lack of demand,not-established-by-assignment-or-html-parsing
/syr/ar/services/civil-procedure/expert-evidence-and-report-dispute,ar,syr,legal matter,منازعة الخبرة والتقرير الفني,no-direct-query-evidence-in-inputs,,Research same-language queries for this specific purpose; lack of evidence is not lack of demand,not-established-by-assignment-or-html-parsing
/syr/ar/services/civil-procedure/interim-and-protective-measures,ar,syr,legal matter,التدابير المؤقتة والتحفظية,no-direct-query-evidence-in-inputs,,Research same-language queries for this specific purpose; lack of evidence is not lack of demand,not-established-by-assignment-or-html-parsing
/syr/ar/services/civil-procedure/litigation-strategy-and-case-management,ar,syr,legal matter,استراتيجية التقاضي وإدارة الدعوى,no-direct-query-evidence-in-inputs,,Research same-language queries for this specific purpose; lack of evidence is not lack of demand,not-established-by-assignment-or-html-parsing
/syr/ar/services/companies-law,ar,syr,service,قانون الشركات والنزاعات الشركاتية في سوريا,keyword-export-candidates,الخدمات القانونية للشركات | دور المستشار القانوني في الشركة | محامى الشركات | محامي الشركات | محامي تسجيل شركات | محامي شركة | منازعات الشركات التجارية,"Monitor changes in purpose, services and observed searches; linked-page work remains separate",currently-reviewed-intents-complete-for-defined-page-purpose
/syr/ar/services/companies-law/company-dissolution-and-liquidation-dispute,ar,syr,legal matter,منازعة حل الشركة وتصفيتها,no-direct-query-evidence-in-inputs,,Research same-language queries for this specific purpose; lack of evidence is not lack of demand,not-established-by-assignment-or-html-parsing
/syr/ar/services/companies-law/company-formation-and-restructuring,ar,syr,legal matter,تأسيس الشركات وإعادة الهيكلة,no-direct-query-evidence-in-inputs,,Research same-language queries for this specific purpose; lack of evidence is not lack of demand,not-established-by-assignment-or-html-parsing
/syr/ar/services/companies-law/company-registration-and-amendment-dispute,ar,syr,legal matter,منازعة تسجيل الشركة وتعديلها,no-direct-query-evidence-in-inputs,,Research same-language queries for this specific purpose; lack of evidence is not lack of demand,not-established-by-assignment-or-html-parsing
/syr/ar/services/companies-law/corporate-governance,ar,syr,legal matter,حوكمة الشركات,no-direct-query-evidence-in-inputs,,Research same-language queries for this specific purpose; lack of evidence is not lack of demand,not-established-by-assignment-or-html-parsing
/syr/ar/services/companies-law/director-and-manager-liability,ar,syr,legal matter,مسؤولية المديرين,no-direct-query-evidence-in-inputs,,Research same-language queries for this specific purpose; lack of evidence is not lack of demand,not-established-by-assignment-or-html-parsing
/syr/ar/services/companies-law/mergers-dissolution-and-liquidation,ar,syr,legal matter,الاندماج والحل والتصفية,no-direct-query-evidence-in-inputs,,Research same-language queries for this specific purpose; lack of evidence is not lack of demand,not-established-by-assignment-or-html-parsing
/syr/ar/services/companies-law/partner-withdrawal-and-liquidation-dispute,ar,syr,legal matter,منازعة انسحاب الشريك وتصفية الشركة,no-direct-query-evidence-in-inputs,,Research same-language queries for this specific purpose; lack of evidence is not lack of demand,not-established-by-assignment-or-html-parsing
/syr/ar/services/companies-law/shareholder-and-partner-disputes,ar,syr,legal matter,منازعات الشركاء والمساهمين,no-direct-query-evidence-in-inputs,,Research same-language queries for this specific purpose; lack of evidence is not lack of demand,not-established-by-assignment-or-html-parsing
/syr/ar/services/companies-law/shareholder-exit-and-buyout-dispute,ar,syr,legal matter,خروج المساهم أو الشريك ومنازعة شراء الحصة,no-direct-query-evidence-in-inputs,,Research same-language queries for this specific purpose; lack of evidence is not lack of demand,not-established-by-assignment-or-html-parsing
/syr/ar/services/contracts,ar,syr,service,العقود في سوريا,dated-observed-query-candidates,اتفاقية بيع | اتفاقية تسوية | العقود التجارية | العقود التجاريه | العقود القانونية | الفرق بين العقود التجارية والعقود المدنية | المسؤولية القانونية للمحامي | تدقيق العقود | توقيع العقد | توقيع العقد الالكتروني | خدمات العقود | شروط الخدمة | عدم التوقيع على العقد | عقد إدارة | عقد استشارات قانونية | عقد استشارات مالية | عقد استشارة | عقد استشارة قانونية | عقد بيع | عقد تجاري | عقد تقديم استشارات قانونية | عقد تقديم خدمات قانونية | عقد خدمات قانونية | عقد سوري | عقد شركة محاماة | عقد محاماة | عقد محامي | عقد محامي مع عميل | عقود الامتياز التجاري | عقود تجارية | عقود قانونية | فسخ عقد محامي | قانون العقود التجارية | ماهو الامتياز التجاري | محامي عقود | محامي عقود تجارية | محامي عقود شركات | محضر بيع | مراجعة العقود | مراجعة عقود | منازعات العقود التجارية | نظام إدارة الامتياز التجاري (فرنشايز) | نموذج بيع | نموذج عقد استشارات قانونية | نموذج عقد البيع | نموذج عقد الكتروني | نموذج عقد بيع | نموذج فسخ عقد مع محامي,"Monitor changes in purpose, services and observed searches; linked-page work remains separate",currently-reviewed-intents-complete-for-defined-page-purpose
/syr/ar/services/contracts/breach-of-contract,ar,syr,legal matter,الإخلال بالعقد,no-direct-query-evidence-in-inputs,,Research same-language queries for this specific purpose; lack of evidence is not lack of demand,not-established-by-assignment-or-html-parsing
/syr/ar/services/contracts/commercial-contract-dispute-under-syrian-law,ar,syr,legal matter,منازعة العقد التجاري بموجب القانون السوري,no-direct-query-evidence-in-inputs,,Research same-language queries for this specific purpose; lack of evidence is not lack of demand,not-established-by-assignment-or-html-parsing
/syr/ar/services/contracts/consumer-refund-and-purchase-cancellation-dispute,ar,syr,legal matter,منازعة استرداد قيمة الشراء وإلغاء المعاملة,no-direct-query-evidence-in-inputs,,Research same-language queries for this specific purpose; lack of evidence is not lack of demand,not-established-by-assignment-or-html-parsing
/syr/ar/services/contracts/contract-authentication-and-evidence-problem,ar,syr,legal matter,مشكلة توثيق العقد وإثباته,no-direct-query-evidence-in-inputs,,Research same-language queries for this specific purpose; lack of evidence is not lack of demand,not-established-by-assignment-or-html-parsing
/syr/ar/services/contracts/contract-drafting-and-review,ar,syr,legal matter,صياغة العقود ومراجعتها,no-direct-query-evidence-in-inputs,,Research same-language queries for this specific purpose; lack of evidence is not lack of demand,not-established-by-assignment-or-html-parsing
/syr/ar/services/contracts/contract-evidence-and-electronic-messages,ar,syr,legal matter,إثبات العقد والرسائل الإلكترونية,no-direct-query-evidence-in-inputs,,Research same-language queries for this specific purpose; lack of evidence is not lack of demand,not-established-by-assignment-or-html-parsing
/syr/ar/services/contracts/defective-goods-and-non-conforming-delivery,ar,syr,legal matter,عيوب البضائع وعدم مطابقة التسليم,no-direct-query-evidence-in-inputs,,Research same-language queries for this specific purpose; lack of evidence is not lack of demand,not-established-by-assignment-or-html-parsing
/syr/ar/services/contracts/defective-product-and-consumer-compensation-claim,ar,syr,legal matter,المنتج المعيب ومطالبة المستهلك بالتعويض,no-direct-query-evidence-in-inputs,,Research same-language queries for this specific purpose; lack of evidence is not lack of demand,not-established-by-assignment-or-html-parsing
/syr/ar/services/contracts/document-attestation-and-legalisation-problem,ar,syr,legal matter,مشكلة تصديق المستند وإضفاء الصفة القانونية,no-direct-query-evidence-in-inputs,,Research same-language queries for this specific purpose; lack of evidence is not lack of demand,not-established-by-assignment-or-html-parsing
/syr/ar/services/contracts/legal-notice-and-demand-letter-drafting,ar,syr,legal matter,صياغة الإنذار والمطالبة القانونية,no-direct-query-evidence-in-inputs,,Research same-language queries for this specific purpose; lack of evidence is not lack of demand,not-established-by-assignment-or-html-parsing
/syr/ar/services/contracts/negotiation-and-enforcement,ar,syr,legal matter,التفاوض والتنفيذ,no-direct-query-evidence-in-inputs,,Research same-language queries for this specific purpose; lack of evidence is not lack of demand,not-established-by-assignment-or-html-parsing
/syr/ar/services/contracts/penalty-and-compensation-clauses,ar,syr,legal matter,الشروط الجزائية والتعويض,dated-observed-query-candidates,الشرط الجزائي | صيغة الشرط الجزائي في العقود | ما هو الشرط الجزائي,Validate candidate queries against full answers and jurisdiction before editing,not-established-by-assignment-or-html-parsing
/syr/ar/services/contracts/power-of-attorney-drafting-and-authority-problem,ar,syr,legal matter,إساءة استخدام الوكالة أو رفضها أو تجاوز نطاقها,no-direct-query-evidence-in-inputs,,Research same-language queries for this specific purpose; lack of evidence is not lack of demand,not-established-by-assignment-or-html-parsing
/syr/ar/services/contracts/service-agreement-breach,ar,syr,legal matter,الإخلال بعقد الخدمات,no-direct-query-evidence-in-inputs,,Research same-language queries for this specific purpose; lack of evidence is not lack of demand,not-established-by-assignment-or-html-parsing
/syr/ar/services/contracts/supply-contract-non-delivery,ar,syr,legal matter,عدم التسليم في عقد التوريد,no-direct-query-evidence-in-inputs,,Research same-language queries for this specific purpose; lack of evidence is not lack of demand,not-established-by-assignment-or-html-parsing
/syr/ar/services/contracts/termination-and-cancellation,ar,syr,legal matter,الفسخ والإنهاء,keyword-export-candidates,التعويض في حال فسخ العقد | تعويض فسخ العقد | تقادم دعوى فسخ عقد البيع | دعوى فسخ عقد | رفض دعوى فسخ عقد بيع | صيغة دعوى فسخ عقد بيع مع التعويض | صيغة عقد فسخ عقد بيع | طريقة فسخ العقد | فسخ العقد | فسخ العقد مع التعويض | فسخ العقود | فسخ العقود التجارية | فسخ عقد | قضية فسخ عقد,Validate candidate queries against full answers and jurisdiction before editing,not-established-by-assignment-or-html-parsing
/syr/ar/services/contracts/unpaid-professional-fees-and-service-invoice-dispute,ar,syr,legal matter,منازعة أتعاب المهنة والفاتورة الخدمية غير المدفوعة,no-direct-query-evidence-in-inputs,,Research same-language queries for this specific purpose; lack of evidence is not lack of demand,not-established-by-assignment-or-html-parsing
/syr/ar/services/criminal-law,ar,syr,service,القانون الجنائي في سوريا,dated-observed-query-candidates,انتحال شخصية محامي | قضايا الاحتيال | محامي احتيال | منع السفر,"Monitor changes in purpose, services and observed searches; linked-page work remains separate",currently-reviewed-intents-complete-for-defined-page-purpose
/syr/ar/services/criminal-law/arrest-and-detention-concerns,ar,syr,legal matter,القبض والتوقيف,no-direct-query-evidence-in-inputs,,Research same-language queries for this specific purpose; lack of evidence is not lack of demand,not-established-by-assignment-or-html-parsing
/syr/ar/services/criminal-law/criminal-case-settlement-and-compensation-claim,ar,syr,legal matter,التسوية في الدعوى الجزائية ومطالبة التعويض,no-direct-query-evidence-in-inputs,,Research same-language queries for this specific purpose; lack of evidence is not lack of demand,not-established-by-assignment-or-html-parsing
/syr/ar/services/criminal-law/criminal-complaint-before-syrian-authorities,ar,syr,legal matter,الشكوى الجزائية أمام الجهات السورية,no-direct-query-evidence-in-inputs,,Research same-language queries for this specific purpose; lack of evidence is not lack of demand,not-established-by-assignment-or-html-parsing
/syr/ar/services/criminal-law/criminal-complaints-and-defence,ar,syr,legal matter,الشكاوى والدفاع الجزائي,no-direct-query-evidence-in-inputs,,Research same-language queries for this specific purpose; lack of evidence is not lack of demand,not-established-by-assignment-or-html-parsing
/syr/ar/services/criminal-law/cybercrime-accusation-and-defence,ar,syr,legal matter,اتهام بجريمة إلكترونية والدفاع فيها,no-direct-query-evidence-in-inputs,,Research same-language queries for this specific purpose; lack of evidence is not lack of demand,not-established-by-assignment-or-html-parsing
/syr/ar/services/criminal-law/digital-and-documentary-evidence,ar,syr,legal matter,الأدلة الرقمية والمستندية,no-direct-query-evidence-in-inputs,,Research same-language queries for this specific purpose; lack of evidence is not lack of demand,not-established-by-assignment-or-html-parsing
/syr/ar/services/criminal-law/investigation-and-questioning,ar,syr,legal matter,التحقيق والاستجواب,no-direct-query-evidence-in-inputs,,Research same-language queries for this specific purpose; lack of evidence is not lack of demand,not-established-by-assignment-or-html-parsing
/syr/ar/services/criminal-law/online-defamation-complaint,ar,syr,legal matter,شكوى التشهير الإلكتروني,no-direct-query-evidence-in-inputs,,Research same-language queries for this specific purpose; lack of evidence is not lack of demand,not-established-by-assignment-or-html-parsing
/syr/ar/services/criminal-law/police-complaint-defence,ar,syr,legal matter,الدفاع في الشكوى أمام الشرطة,no-direct-query-evidence-in-inputs,,Research same-language queries for this specific purpose; lack of evidence is not lack of demand,not-established-by-assignment-or-html-parsing
/syr/ar/services/criminal-law/travel-ban-and-detention-concern,ar,syr,legal matter,مشكلة منع السفر أو التوقيف,no-direct-query-evidence-in-inputs,,Research same-language queries for this specific purpose; lack of evidence is not lack of demand,not-established-by-assignment-or-html-parsing
/syr/ar/services/criminal-law/trial-and-appeal-preparation,ar,syr,legal matter,التحضير للمحاكمة والطعن,no-direct-query-evidence-in-inputs,,Research same-language queries for this specific purpose; lack of evidence is not lack of demand,not-established-by-assignment-or-html-parsing
/syr/ar/services/criminal-procedure,ar,syr,service,قانون أصول المحاكمات الجزائية في سوريا,dated-observed-query-candidates,قانون اصول المحاكمات الجزائية السوري,"Monitor changes in purpose, services and observed searches; linked-page work remains separate",currently-reviewed-intents-complete-for-defined-page-purpose
/syr/ar/services/criminal-procedure/appeals-and-post-judgment-remedies,ar,syr,legal matter,الطعون وطرق المراجعة بعد الحكم,no-direct-query-evidence-in-inputs,,Research same-language queries for this specific purpose; lack of evidence is not lack of demand,not-established-by-assignment-or-html-parsing
/syr/ar/services/criminal-procedure/arrest-and-detention-procedure,ar,syr,legal matter,إجراءات القبض والتوقيف,no-direct-query-evidence-in-inputs,,Research same-language queries for this specific purpose; lack of evidence is not lack of demand,not-established-by-assignment-or-html-parsing
/syr/ar/services/criminal-procedure/arrest-detention-and-release-application-in-syria,ar,syr,legal matter,التوقيف والاحتجاز وطلب إخلاء السبيل في سوريا,dated-observed-query-candidates,نموذج اخلاء سبيل في القانون السوري,Validate candidate queries against full answers and jurisdiction before editing,not-established-by-assignment-or-html-parsing
/syr/ar/services/criminal-procedure/criminal-appeal-and-evidence-objection-in-syria,ar,syr,legal matter,الطعن الجزائي والاعتراض على الدليل في سوريا,no-direct-query-evidence-in-inputs,,Research same-language queries for this specific purpose; lack of evidence is not lack of demand,not-established-by-assignment-or-html-parsing
/syr/ar/services/criminal-procedure/criminal-appeal-deadline,ar,syr,legal matter,ميعاد الطعن الجزائي,no-direct-query-evidence-in-inputs,,Research same-language queries for this specific purpose; lack of evidence is not lack of demand,not-established-by-assignment-or-html-parsing
/syr/ar/services/criminal-procedure/evidence-challenge-in-criminal-case,ar,syr,legal matter,الطعن في الدليل في القضية الجزائية,no-direct-query-evidence-in-inputs,,Research same-language queries for this specific purpose; lack of evidence is not lack of demand,not-established-by-assignment-or-html-parsing
/syr/ar/services/criminal-procedure/evidence-challenges,ar,syr,legal matter,الطعن في الأدلة,no-direct-query-evidence-in-inputs,,Research same-language queries for this specific purpose; lack of evidence is not lack of demand,not-established-by-assignment-or-html-parsing
/syr/ar/services/criminal-procedure/investigation-rights,ar,syr,legal matter,حقوق المتهم أثناء التحقيق,no-direct-query-evidence-in-inputs,,Research same-language queries for this specific purpose; lack of evidence is not lack of demand,not-established-by-assignment-or-html-parsing
/syr/ar/services/criminal-procedure/release-and-detention-application,ar,syr,legal matter,طلب الإفراج والتوقيف,no-direct-query-evidence-in-inputs,,Research same-language queries for this specific purpose; lack of evidence is not lack of demand,not-established-by-assignment-or-html-parsing
/syr/ar/services/criminal-procedure/trial-procedure,ar,syr,legal matter,إجراءات المحاكمة,no-direct-query-evidence-in-inputs,,Research same-language queries for this specific purpose; lack of evidence is not lack of demand,not-established-by-assignment-or-html-parsing
/syr/ar/services/cyber-law,ar,syr,service,القانون الإلكتروني وتقنية المعلومات في سوريا,keyword-export-candidates,القانون الالكتروني | جرائم الابتزاز | جرائم الابتزاز الإلكتروني | قضايا الابتزاز | قضايا الجرائم المعلوماتية | قضية الكترونية | محامي الجرائم الالكترونية | محامي جرائم معلوماتيه | محامي قضايا الكترونية | محامي متخصص في الجرائم الإلكترونية,"Monitor changes in purpose, services and observed searches; linked-page work remains separate",currently-reviewed-intents-complete-for-defined-page-purpose
/syr/ar/services/cyber-law/cybercrime-allegations-and-defence,ar,syr,legal matter,ادعاءات الجرائم الإلكترونية والدفاع,no-direct-query-evidence-in-inputs,,Research same-language queries for this specific purpose; lack of evidence is not lack of demand,not-established-by-assignment-or-html-parsing
/syr/ar/services/cyber-law/cybercrime-complaint-and-digital-evidence-problem-in-syria,ar,syr,legal matter,الشكوى في الجريمة الإلكترونية ومشكلة الدليل الرقمي في سوريا,dated-observed-query-candidates,طريقة رفع دعوى جرائم معلوماتية في سوريا | نموذج شكوى جرائم إلكترونية في سوريا,Validate candidate queries against full answers and jurisdiction before editing,not-established-by-assignment-or-html-parsing
/syr/ar/services/cyber-law/data-protection-incidents,ar,syr,legal matter,حوادث حماية البيانات,no-direct-query-evidence-in-inputs,,Research same-language queries for this specific purpose; lack of evidence is not lack of demand,not-established-by-assignment-or-html-parsing
/syr/ar/services/cyber-law/digital-evidence-and-platform-disputes,ar,syr,legal matter,الأدلة الرقمية ومنازعات المنصات,no-direct-query-evidence-in-inputs,,Research same-language queries for this specific purpose; lack of evidence is not lack of demand,not-established-by-assignment-or-html-parsing
/syr/ar/services/cyber-law/hacked-account-and-unauthorized-access,ar,syr,legal matter,استرداد الحساب المخترق واستعادة الوصول,no-direct-query-evidence-in-inputs,,Research same-language queries for this specific purpose; lack of evidence is not lack of demand,not-established-by-assignment-or-html-parsing
/syr/ar/services/cyber-law/online-account-recovery-and-platform-complaint,ar,syr,legal matter,استرداد الحساب الإلكتروني والشكوى أمام المنصة,no-direct-query-evidence-in-inputs,,Research same-language queries for this specific purpose; lack of evidence is not lack of demand,not-established-by-assignment-or-html-parsing
/syr/ar/services/cyber-law/online-defamation-and-removal-request,ar,syr,legal matter,التشهير الإلكتروني وطلب الإزالة,keyword-export-candidates,قضايا الابتزاز والتشهير | قضايا التشهير | قضايا التعويض عن السب والقذف | محامي قضايا تشهير,Validate candidate queries against full answers and jurisdiction before editing,not-established-by-assignment-or-html-parsing
/syr/ar/services/cyber-law/online-defamation-and-removal-request-in-syria,ar,syr,legal matter,مطالبة عن ضرر السمعة الناتج عن النشر الإلكتروني في سوريا,no-direct-query-evidence-in-inputs,,Research same-language queries for this specific purpose; lack of evidence is not lack of demand,not-established-by-assignment-or-html-parsing
/syr/ar/services/cyber-law/personal-data-access-correction-or-deletion-request,ar,syr,legal matter,طلب الوصول إلى البيانات الشخصية أو تصحيحها أو حذفها,no-direct-query-evidence-in-inputs,,Research same-language queries for this specific purpose; lack of evidence is not lack of demand,not-established-by-assignment-or-html-parsing
/syr/ar/services/cyber-law/personal-data-breach-response,ar,syr,legal matter,الاستجابة لحادث خرق البيانات الشخصية,no-direct-query-evidence-in-inputs,,Research same-language queries for this specific purpose; lack of evidence is not lack of demand,not-established-by-assignment-or-html-parsing
/syr/ar/services/cyber-law/unauthorized-access-and-account-misuse,ar,syr,legal matter,الدخول غير المصرح به وإساءة استخدام الحسابات,no-direct-query-evidence-in-inputs,,Research same-language queries for this specific purpose; lack of evidence is not lack of demand,not-established-by-assignment-or-html-parsing
/syr/ar/services/employment-law,ar,syr,service,قانون العمل في سوريا,dated-observed-query-candidates,استشارة قانونية في قانون الشغل | استشارة مكتب العمل | ما هي المحكمة العمالية | مباشرة العمل بعد توقيع العقد | محامي عمالة | محامي عمل | محامي عمل وعمال | محامي قانون العمل | محامي مكتب العمل,"Monitor changes in purpose, services and observed searches; linked-page work remains separate",currently-reviewed-intents-complete-for-defined-page-purpose
/syr/ar/services/employment-law/delayed-or-unpaid-salary,ar,syr,legal matter,تأخر الراتب أو عدم دفعه,no-direct-query-evidence-in-inputs,,Research same-language queries for this specific purpose; lack of evidence is not lack of demand,not-established-by-assignment-or-html-parsing
/syr/ar/services/employment-law/disciplinary-warning-and-workplace-investigation,ar,syr,legal matter,الإنذار التأديبي والتحقيق في مكان العمل,no-direct-query-evidence-in-inputs,,Research same-language queries for this specific purpose; lack of evidence is not lack of demand,not-established-by-assignment-or-html-parsing
/syr/ar/services/employment-law/employment-contract-review,ar,syr,legal matter,مراجعة عقد العمل,no-direct-query-evidence-in-inputs,,Research same-language queries for this specific purpose; lack of evidence is not lack of demand,not-established-by-assignment-or-html-parsing
/syr/ar/services/employment-law/employment-settlement-and-final-dues-calculation,ar,syr,legal matter,تسوية العمل وحساب المستحقات النهائية,no-direct-query-evidence-in-inputs,,Research same-language queries for this specific purpose; lack of evidence is not lack of demand,not-established-by-assignment-or-html-parsing
/syr/ar/services/employment-law/employment-termination-and-labour-record-dispute,ar,syr,legal matter,منازعة إنهاء العمل والسجل العمالي,no-direct-query-evidence-in-inputs,,Research same-language queries for this specific purpose; lack of evidence is not lack of demand,not-established-by-assignment-or-html-parsing
/syr/ar/services/employment-law/end-of-service-entitlements,ar,syr,legal matter,مستحقات نهاية الخدمة,no-direct-query-evidence-in-inputs,,Research same-language queries for this specific purpose; lack of evidence is not lack of demand,not-established-by-assignment-or-html-parsing
/syr/ar/services/employment-law/experience-certificate-and-service-transfer-dispute,ar,syr,legal matter,منازعة شهادة الخبرة ونقل الخدمات,no-direct-query-evidence-in-inputs,,Research same-language queries for this specific purpose; lack of evidence is not lack of demand,not-established-by-assignment-or-html-parsing
/syr/ar/services/employment-law/resignation-because-of-unpaid-wages,ar,syr,legal matter,الاستقالة بسبب عدم دفع الأجور,no-direct-query-evidence-in-inputs,,Research same-language queries for this specific purpose; lack of evidence is not lack of demand,not-established-by-assignment-or-html-parsing
/syr/ar/services/employment-law/sponsorship-transfer-dispute,ar,syr,legal matter,منازعة تغيير صاحب العمل والسجل الوظيفي,no-direct-query-evidence-in-inputs,,Research same-language queries for this specific purpose; lack of evidence is not lack of demand,not-established-by-assignment-or-html-parsing
/syr/ar/services/employment-law/unpaid-wages-and-benefits,ar,syr,legal matter,الأجور والمستحقات غير المدفوعة,no-direct-query-evidence-in-inputs,,Research same-language queries for this specific purpose; lack of evidence is not lack of demand,not-established-by-assignment-or-html-parsing
/syr/ar/services/employment-law/visa-exit-and-re-entry-restriction-affecting-employment,ar,syr,legal matter,قيود السفر والدخول المؤثرة في العمل,no-direct-query-evidence-in-inputs,,Research same-language queries for this specific purpose; lack of evidence is not lack of demand,not-established-by-assignment-or-html-parsing
/syr/ar/services/employment-law/work-injury-and-compensation-claim,ar,syr,legal matter,إصابة العمل ومطالبة التعويض,no-direct-query-evidence-in-inputs,,Research same-language queries for this specific purpose; lack of evidence is not lack of demand,not-established-by-assignment-or-html-parsing
/syr/ar/services/employment-law/work-permit-or-employment-status-problem,ar,syr,legal matter,تصحيح تصريح العمل أو السجل العمالي,no-direct-query-evidence-in-inputs,,Research same-language queries for this specific purpose; lack of evidence is not lack of demand,not-established-by-assignment-or-html-parsing
/syr/ar/services/employment-law/work-permit-residency-or-employment-status-problem,ar,syr,legal matter,قيود الإقامة أو الوضع الوظيفي المؤثرة في تصريح العمل,no-direct-query-evidence-in-inputs,,Research same-language queries for this specific purpose; lack of evidence is not lack of demand,not-established-by-assignment-or-html-parsing
/syr/ar/services/employment-law/workplace-and-disciplinary-disputes,ar,syr,legal matter,منازعات العمل والإجراءات التأديبية,no-direct-query-evidence-in-inputs,,Research same-language queries for this specific purpose; lack of evidence is not lack of demand,not-established-by-assignment-or-html-parsing
/syr/ar/services/employment-law/wrongful-termination,ar,syr,legal matter,الفصل التعسفي,dated-observed-query-candidates,فصل تعسفي,Validate candidate queries against full answers and jurisdiction before editing,not-established-by-assignment-or-html-parsing
/syr/ar/services/enforcement,ar,syr,service,التنفيذ وتحصيل الديون في سوريا,dated-observed-query-candidates,اصول التنفيذ المدني السوري | الاعتراض على أمر تنفيذ سند لأمر | الاعتراض على تنفيذ سند لأمر | الاعتراض على حكم محكمة التنفيذ | الاعتراض على سند لأمر | التوقيع على سند لامر | المطالبات المالية في المحاكم | دعوى المطالبة المالية | دعوى مطالبة مالية | رفع مطالبة مالية | طريقة الاعتراض على سند لامر | قضايا المطالبات المالية | قضية مطالبة مالية | محامي سند لأمر | محامي محكمة التنفيذ | محامي مطالبات ماليه | مدة الاعتراض على سند لأمر | مطالبة مالية | مطالبة ماليه | مطالبه ماليه في المحكمه,"Monitor changes in purpose, services and observed searches; linked-page work remains separate",currently-reviewed-intents-complete-for-defined-page-purpose
/syr/ar/services/enforcement/asset-tracing-and-debtor-investigation,ar,syr,legal matter,تتبع الأصول والتحري عن المدين,no-direct-query-evidence-in-inputs,,Research same-language queries for this specific purpose; lack of evidence is not lack of demand,not-established-by-assignment-or-html-parsing
/syr/ar/services/enforcement/bounced-cheque-defence-and-criminal-complaint-concern,ar,syr,legal matter,الدفاع في الشيك المرتجع ومشكلة الشكوى الجزائية,no-direct-query-evidence-in-inputs,,Research same-language queries for this specific purpose; lack of evidence is not lack of demand,not-established-by-assignment-or-html-parsing
/syr/ar/services/enforcement/bounced-cheque-execution,ar,syr,legal matter,تنفيذ الشيك المرتجع,no-direct-query-evidence-in-inputs,,Research same-language queries for this specific purpose; lack of evidence is not lack of demand,not-established-by-assignment-or-html-parsing
/syr/ar/services/enforcement/commercial-debt-recovery,ar,syr,legal matter,تحصيل الديون التجارية,no-direct-query-evidence-in-inputs,,Research same-language queries for this specific purpose; lack of evidence is not lack of demand,not-established-by-assignment-or-html-parsing
/syr/ar/services/enforcement/enforcement-objections-and-settlement,ar,syr,legal matter,منازعات التنفيذ والتسوية,no-direct-query-evidence-in-inputs,,Research same-language queries for this specific purpose; lack of evidence is not lack of demand,not-established-by-assignment-or-html-parsing
/syr/ar/services/enforcement/enforcement-of-court-judgments,ar,syr,legal matter,تنفيذ الأحكام القضائية,no-direct-query-evidence-in-inputs,,Research same-language queries for this specific purpose; lack of evidence is not lack of demand,not-established-by-assignment-or-html-parsing
/syr/ar/services/enforcement/execution-of-a-syrian-court-judgment,ar,syr,legal matter,تنفيذ حكم قضائي سوري,no-direct-query-evidence-in-inputs,,Research same-language queries for this specific purpose; lack of evidence is not lack of demand,not-established-by-assignment-or-html-parsing
/syr/ar/services/enforcement/foreign-judgment-enforcement,ar,syr,legal matter,تنفيذ الحكم الأجنبي,no-direct-query-evidence-in-inputs,,Research same-language queries for this specific purpose; lack of evidence is not lack of demand,not-established-by-assignment-or-html-parsing
/syr/ar/services/enforcement/objection-to-an-execution-measure-or-seizure,ar,syr,legal matter,الاعتراض على إجراء تنفيذي أو حجز,no-direct-query-evidence-in-inputs,,Research same-language queries for this specific purpose; lack of evidence is not lack of demand,not-established-by-assignment-or-html-parsing
/syr/ar/services/enforcement/payment-order-and-urgent-debt-recovery,ar,syr,legal matter,أمر الأداء والتحصيل العاجل للدين,no-direct-query-evidence-in-inputs,,Research same-language queries for this specific purpose; lack of evidence is not lack of demand,not-established-by-assignment-or-html-parsing
/syr/ar/services/enforcement/service-suspension-and-asset-freezing-request,ar,syr,legal matter,طلب الحجز والتدابير التحفظية,no-direct-query-evidence-in-inputs,,Research same-language queries for this specific purpose; lack of evidence is not lack of demand,not-established-by-assignment-or-html-parsing
/syr/ar/services/enforcement/travel-ban-application-for-debt-recovery,ar,syr,legal matter,طلب منع السفر لتحصيل الدين,no-direct-query-evidence-in-inputs,,Research same-language queries for this specific purpose; lack of evidence is not lack of demand,not-established-by-assignment-or-html-parsing
/syr/ar/services/enforcement/unpaid-invoices-and-payment-claims,ar,syr,legal matter,الفواتير والمطالبات المالية غير المدفوعة,no-direct-query-evidence-in-inputs,,Research same-language queries for this specific purpose; lack of evidence is not lack of demand,not-established-by-assignment-or-html-parsing
/syr/ar/services/enforcement/wrongful-debt-collection-or-creditor-harassment-complaint,ar,syr,legal matter,شكوى التحصيل غير المشروع أو مضايقة الدائن,no-direct-query-evidence-in-inputs,,Research same-language queries for this specific purpose; lack of evidence is not lack of demand,not-established-by-assignment-or-html-parsing
/syr/ar/services/family-law,ar,syr,service,قانون الأسرة في سوريا,keyword-export-candidates,محامي الأحوال الشخصية,"Monitor changes in purpose, services and observed searches; linked-page work remains separate",currently-reviewed-intents-complete-for-defined-page-purpose
/syr/ar/services/family-law/alimony-and-child-maintenance,ar,syr,legal matter,النفقة الزوجية ونفقة الأطفال,no-direct-query-evidence-in-inputs,,Research same-language queries for this specific purpose; lack of evidence is not lack of demand,not-established-by-assignment-or-html-parsing
/syr/ar/services/family-law/child-custody-and-visitation,ar,syr,legal matter,الحضانة والزيارة,no-direct-query-evidence-in-inputs,,Research same-language queries for this specific purpose; lack of evidence is not lack of demand,not-established-by-assignment-or-html-parsing
/syr/ar/services/family-law/child-relocation-and-travel-disputes,ar,syr,legal matter,منازعات انتقال الأطفال والسفر بهم,no-direct-query-evidence-in-inputs,,Research same-language queries for this specific purpose; lack of evidence is not lack of demand,not-established-by-assignment-or-html-parsing
/syr/ar/services/family-law/divorce-and-separation,ar,syr,legal matter,الطلاق والتفريق,no-direct-query-evidence-in-inputs,,Research same-language queries for this specific purpose; lack of evidence is not lack of demand,not-established-by-assignment-or-html-parsing
/syr/ar/services/family-law/family-status-document-or-civil-record-correction,ar,syr,legal matter,تصحيح وثيقة الحالة الأسرية أو السجل المدني,no-direct-query-evidence-in-inputs,,Research same-language queries for this specific purpose; lack of evidence is not lack of demand,not-established-by-assignment-or-html-parsing
/syr/ar/services/family-law/inheritance-and-family-settlements,ar,syr,legal matter,الميراث والتسويات العائلية,no-direct-query-evidence-in-inputs,,Research same-language queries for this specific purpose; lack of evidence is not lack of demand,not-established-by-assignment-or-html-parsing
/syr/ar/services/family-law/inheritance-document-and-civil-record-correction,ar,syr,legal matter,تصحيح مستندات الميراث والسجل المدني,no-direct-query-evidence-in-inputs,,Research same-language queries for this specific purpose; lack of evidence is not lack of demand,not-established-by-assignment-or-html-parsing
/syr/ar/services/family-law/marriage-and-personal-status-disputes,ar,syr,legal matter,الزواج ومنازعات الأحوال الشخصية,no-direct-query-evidence-in-inputs,,Research same-language queries for this specific purpose; lack of evidence is not lack of demand,not-established-by-assignment-or-html-parsing
/syr/ar/services/family-law/marriage-registration-and-family-status-certificate-problem,ar,syr,legal matter,مشكلة تسجيل الزواج وشهادة الحالة الأسرية,no-direct-query-evidence-in-inputs,,Research same-language queries for this specific purpose; lack of evidence is not lack of demand,not-established-by-assignment-or-html-parsing
/syr/ar/services/family-law/paternity-dispute,ar,syr,legal matter,منازعة إثبات النسب,no-direct-query-evidence-in-inputs,,Research same-language queries for this specific purpose; lack of evidence is not lack of demand,not-established-by-assignment-or-html-parsing
/syr/ar/services/family-law/recognition-and-enforcement-of-a-syrian-family-judgment,ar,syr,legal matter,الاعتراف بالحكم الأسري السوري وتنفيذه,no-direct-query-evidence-in-inputs,,Research same-language queries for this specific purpose; lack of evidence is not lack of demand,not-established-by-assignment-or-html-parsing
/syr/ar/services/family-law/recognition-of-foreign-family-judgments,ar,syr,legal matter,الاعتراف بالأحكام الأسرية الأجنبية,no-direct-query-evidence-in-inputs,,Research same-language queries for this specific purpose; lack of evidence is not lack of demand,not-established-by-assignment-or-html-parsing
/syr/ar/services/family-law/visitation-order-enforcement,ar,syr,legal matter,تنفيذ أحكام الزيارة,no-direct-query-evidence-in-inputs,,Research same-language queries for this specific purpose; lack of evidence is not lack of demand,not-established-by-assignment-or-html-parsing
/syr/ar/services/family-law/will-validity-and-estate-distribution,ar,syr,legal matter,صحة الوصية وتوزيع التركة,no-direct-query-evidence-in-inputs,,Research same-language queries for this specific purpose; lack of evidence is not lack of demand,not-established-by-assignment-or-html-parsing
/syr/ar/services/foreign-investment,ar,syr,service,الاستثمار الأجنبي وقانون الأعمال في سوريا,no-direct-query-evidence-in-inputs,,"Monitor changes in purpose, services and observed searches; linked-page work remains separate",currently-reviewed-intents-complete-for-defined-page-purpose
/syr/ar/services/foreign-investment/cross-border-investment-payment-or-exit-dispute,ar,syr,legal matter,منازعة دفع أو خروج استثماري عابر للحدود,no-direct-query-evidence-in-inputs,,Research same-language queries for this specific purpose; lack of evidence is not lack of demand,not-established-by-assignment-or-html-parsing
/syr/ar/services/foreign-investment/foreign-investor-and-local-partner-dispute,ar,syr,legal matter,منازعة المستثمر الأجنبي والشريك المحلي,no-direct-query-evidence-in-inputs,,Research same-language queries for this specific purpose; lack of evidence is not lack of demand,not-established-by-assignment-or-html-parsing
/syr/ar/services/foreign-investment/foreign-investor-compensation-claim,ar,syr,legal matter,مطالبة المستثمر الأجنبي بالتعويض,no-direct-query-evidence-in-inputs,,Research same-language queries for this specific purpose; lack of evidence is not lack of demand,not-established-by-assignment-or-html-parsing
/syr/ar/services/foreign-investment/foreign-investor-licensing-and-registration-problem,ar,syr,legal matter,مشكلة ترخيص وتسجيل المستثمر الأجنبي,no-direct-query-evidence-in-inputs,,Research same-language queries for this specific purpose; lack of evidence is not lack of demand,not-established-by-assignment-or-html-parsing
/syr/ar/services/foreign-investment/foreign-owned-company-formation,ar,syr,legal matter,تأسيس الشركات المملوكة لأجانب,no-direct-query-evidence-in-inputs,,Research same-language queries for this specific purpose; lack of evidence is not lack of demand,not-established-by-assignment-or-html-parsing
/syr/ar/services/foreign-investment/investment-and-business-licensing,ar,syr,legal matter,تراخيص الاستثمار والأعمال,no-direct-query-evidence-in-inputs,,Research same-language queries for this specific purpose; lack of evidence is not lack of demand,not-established-by-assignment-or-html-parsing
/syr/ar/services/foreign-investment/investment-licence-refusal-or-cancellation,ar,syr,legal matter,رفض أو إلغاء ترخيص الاستثمار,no-direct-query-evidence-in-inputs,,Research same-language queries for this specific purpose; lack of evidence is not lack of demand,not-established-by-assignment-or-html-parsing
/syr/ar/services/foreign-investment/investor-and-cross-border-disputes,ar,syr,legal matter,منازعات المستثمرين والمعاملات العابرة للحدود,no-direct-query-evidence-in-inputs,,Research same-language queries for this specific purpose; lack of evidence is not lack of demand,not-established-by-assignment-or-html-parsing
/syr/ar/services/foreign-investment/market-entry-legal-structure,ar,syr,legal matter,الهيكل القانوني لدخول السوق,no-direct-query-evidence-in-inputs,,Research same-language queries for this specific purpose; lack of evidence is not lack of demand,not-established-by-assignment-or-html-parsing
/syr/ar/services/foreign-investment/regulatory-compliance,ar,syr,legal matter,الامتثال التنظيمي,no-direct-query-evidence-in-inputs,,Research same-language queries for this specific purpose; lack of evidence is not lack of demand,not-established-by-assignment-or-html-parsing
/syr/ar/services/insurance-law,ar,syr,service,قانون التأمين في سوريا,keyword-export-candidates,الاوراق المطلوبة لمطالبة التأمين | طريقة مطالبة شركة التأمين | قضايا التأمين | قوانين التامينات | كيفية مطالبة شركة التأمين | محامي تأمين | محامي شركات التأمين | محامي شركات تامين | محامي ضد شركات التأمين | مدة المطالبة بالتأمين | مدة مطالبة التأمين | مدة مطالبة شركة التأمين | مراجعة المطالبة من قبل شركة التأمين | مطالبة شركة التامين,"Monitor changes in purpose, services and observed searches; linked-page work remains separate",currently-reviewed-intents-complete-for-defined-page-purpose
/syr/ar/services/insurance-law/coverage-and-policy-interpretation,ar,syr,legal matter,تفسير التغطية ووثيقة التأمين,no-direct-query-evidence-in-inputs,,Research same-language queries for this specific purpose; lack of evidence is not lack of demand,not-established-by-assignment-or-html-parsing
/syr/ar/services/insurance-law/delayed-insurance-settlement,ar,syr,legal matter,تأخر تسوية مطالبة التأمين,no-direct-query-evidence-in-inputs,,Research same-language queries for this specific purpose; lack of evidence is not lack of demand,not-established-by-assignment-or-html-parsing
/syr/ar/services/insurance-law/denied-insurance-claim,ar,syr,legal matter,رفض مطالبة التأمين,no-direct-query-evidence-in-inputs,,Research same-language queries for this specific purpose; lack of evidence is not lack of demand,not-established-by-assignment-or-html-parsing
/syr/ar/services/insurance-law/insurance-claim-dispute-with-a-syrian-insurer,ar,syr,legal matter,منازعة مطالبة تأمينية مع شركة تأمين سورية,no-direct-query-evidence-in-inputs,,Research same-language queries for this specific purpose; lack of evidence is not lack of demand,not-established-by-assignment-or-html-parsing
/syr/ar/services/insurance-law/insurer-and-broker-disputes,ar,syr,legal matter,منازعات شركات التأمين والوسطاء,no-direct-query-evidence-in-inputs,,Research same-language queries for this specific purpose; lack of evidence is not lack of demand,not-established-by-assignment-or-html-parsing
/syr/ar/services/insurance-law/personal-injury-compensation-after-an-accident,ar,syr,legal matter,التعويض عن الإصابة الشخصية في حادث غير مروري,no-direct-query-evidence-in-inputs,,Research same-language queries for this specific purpose; lack of evidence is not lack of demand,not-established-by-assignment-or-html-parsing
/syr/ar/services/insurance-law/policy-coverage-dispute,ar,syr,legal matter,رفض المطالبة استناداً إلى استثناء في الوثيقة,no-direct-query-evidence-in-inputs,,Research same-language queries for this specific purpose; lack of evidence is not lack of demand,not-established-by-assignment-or-html-parsing
/syr/ar/services/insurance-law/traffic-accident-compensation-and-fault-dispute-in-syria,ar,syr,legal matter,التعويض عن الحادث المروري ومنازعة نسبة الخطأ في سوريا,no-direct-query-evidence-in-inputs,,Research same-language queries for this specific purpose; lack of evidence is not lack of demand,not-established-by-assignment-or-html-parsing
/syr/ar/services/insurance-law/traffic-accident-compensation-and-liability-claim,ar,syr,legal matter,تعويض الحادث المروري عن الإصابة الشخصية وأضرار المركبة,no-direct-query-evidence-in-inputs,,Research same-language queries for this specific purpose; lack of evidence is not lack of demand,not-established-by-assignment-or-html-parsing
/syr/ar/services/insurance-law/traffic-accident-liability-and-compensation,ar,syr,legal matter,المسؤولية والتعويض عن حادث مروري,no-direct-query-evidence-in-inputs,,Research same-language queries for this specific purpose; lack of evidence is not lack of demand,not-established-by-assignment-or-html-parsing
/syr/ar/services/insurance-law/traffic-report-and-fault-dispute,ar,syr,legal matter,منازعة تقرير الحادث ونسبة الخطأ,no-direct-query-evidence-in-inputs,,Research same-language queries for this specific purpose; lack of evidence is not lack of demand,not-established-by-assignment-or-html-parsing
/syr/ar/services/insurance-law/uninsured-accident-compensation-claim,ar,syr,legal matter,مطالبة التعويض عن حادث دون تأمين,no-direct-query-evidence-in-inputs,,Research same-language queries for this specific purpose; lack of evidence is not lack of demand,not-established-by-assignment-or-html-parsing
/syr/ar/services/intellectual-property,ar,syr,service,الملكية الفكرية في سوريا,keyword-export-candidates,أحكام قضائية العلامات التجارية | الاوراق المطلوبة لتسجيل العلامة التجارية | الاوراق المطلوبة لتسجيل علامة تجارية | المستندات المطلوبة لتسجيل العلامة التجارية | محامي الملكية الفكرية | محامي حقوق الملكية الفكرية | محامي علامات تجارية | محامي ملكية فكرية,"Monitor changes in purpose, services and observed searches; linked-page work remains separate",currently-reviewed-intents-complete-for-defined-page-purpose
/syr/ar/services/intellectual-property/copyright-infringement-and-takedown-request,ar,syr,legal matter,التعدي على حقوق المؤلف وطلب الإزالة,no-direct-query-evidence-in-inputs,,Research same-language queries for this specific purpose; lack of evidence is not lack of demand,not-established-by-assignment-or-html-parsing
/syr/ar/services/intellectual-property/copyright-infringement-online,ar,syr,legal matter,التعدي على حقوق المؤلف أونلاين,no-direct-query-evidence-in-inputs,,Research same-language queries for this specific purpose; lack of evidence is not lack of demand,not-established-by-assignment-or-html-parsing
/syr/ar/services/intellectual-property/copyright-protection,ar,syr,legal matter,حماية حقوق المؤلف,no-direct-query-evidence-in-inputs,,Research same-language queries for this specific purpose; lack of evidence is not lack of demand,not-established-by-assignment-or-html-parsing
/syr/ar/services/intellectual-property/counterfeit-and-brand-infringement,ar,syr,legal matter,تقليد العلامة التجارية والتعدي عليها,no-direct-query-evidence-in-inputs,,Research same-language queries for this specific purpose; lack of evidence is not lack of demand,not-established-by-assignment-or-html-parsing
/syr/ar/services/intellectual-property/infringement-and-counterfeit-claims,ar,syr,legal matter,التعدي والتقليد,no-direct-query-evidence-in-inputs,,Research same-language queries for this specific purpose; lack of evidence is not lack of demand,not-established-by-assignment-or-html-parsing
/syr/ar/services/intellectual-property/patent-and-licensing-matters,ar,syr,legal matter,البراءات والتراخيص,no-direct-query-evidence-in-inputs,,Research same-language queries for this specific purpose; lack of evidence is not lack of demand,not-established-by-assignment-or-html-parsing
/syr/ar/services/intellectual-property/trade-secret-protection,ar,syr,legal matter,حماية الأسرار التجارية,no-direct-query-evidence-in-inputs,,Research same-language queries for this specific purpose; lack of evidence is not lack of demand,not-established-by-assignment-or-html-parsing
/syr/ar/services/intellectual-property/trademark-opposition-and-cancellation,ar,syr,legal matter,الاعتراض على العلامة التجارية وإلغاؤها,no-direct-query-evidence-in-inputs,,Research same-language queries for this specific purpose; lack of evidence is not lack of demand,not-established-by-assignment-or-html-parsing
/syr/ar/services/intellectual-property/trademark-registration-and-disputes,ar,syr,legal matter,تسجيل العلامات التجارية ومنازعاتها,no-direct-query-evidence-in-inputs,,Research same-language queries for this specific purpose; lack of evidence is not lack of demand,not-established-by-assignment-or-html-parsing
/syr/ar/services/intellectual-property/trademark-registration-or-opposition-in-syria,ar,syr,legal matter,تسجيل العلامة التجارية أو الاعتراض عليها في سوريا,no-direct-query-evidence-in-inputs,,Research same-language queries for this specific purpose; lack of evidence is not lack of demand,not-established-by-assignment-or-html-parsing
/syr/ar/services/medical-malpractice,ar,syr,service,المسؤولية الطبية والرعاية الصحية في سوريا,keyword-export-candidates,التعويض عن الاخطاء الطبية | التعويض عن الخطأ الطبي | الخطأ الطبي في القانون | الخطا الطبي | المسؤولية الطبية | قانون الأخطاء الطبية | قضايا اخطاء طبية | قضايا التعويض عن الخطأ الطبي | محامي أخطاء طبية | محامي اخطاء طبية | محامي طبي,"Monitor changes in purpose, services and observed searches; linked-page work remains separate",currently-reviewed-intents-complete-for-defined-page-purpose
/syr/ar/services/medical-malpractice/compensation-and-professional-liability-disputes,ar,syr,legal matter,التعويض ومنازعات المسؤولية المهنية,no-direct-query-evidence-in-inputs,,Research same-language queries for this specific purpose; lack of evidence is not lack of demand,not-established-by-assignment-or-html-parsing
/syr/ar/services/medical-malpractice/medical-negligence-claims,ar,syr,legal matter,مطالبات الإهمال الطبي,no-direct-query-evidence-in-inputs,,Research same-language queries for this specific purpose; lack of evidence is not lack of demand,not-established-by-assignment-or-html-parsing
/syr/ar/services/medical-malpractice/medical-negligence-complaint-and-compensation-in-syria,ar,syr,legal matter,الشكوى عن الخطأ الطبي والتعويض في سوريا,no-direct-query-evidence-in-inputs,,Research same-language queries for this specific purpose; lack of evidence is not lack of demand,not-established-by-assignment-or-html-parsing
/syr/ar/services/medical-malpractice/medical-record-access-and-expert-evidence-dispute,ar,syr,legal matter,الطعن في تقرير خبرة طبية ضار بالموقف,no-direct-query-evidence-in-inputs,,Research same-language queries for this specific purpose; lack of evidence is not lack of demand,not-established-by-assignment-or-html-parsing
/syr/ar/services/medical-malpractice/medical-record-access-dispute,ar,syr,legal matter,منازعة الحصول على السجل الطبي,no-direct-query-evidence-in-inputs,,Research same-language queries for this specific purpose; lack of evidence is not lack of demand,not-established-by-assignment-or-html-parsing
/syr/ar/services/medical-malpractice/medical-record-review,ar,syr,legal matter,مراجعة السجلات الطبية,no-direct-query-evidence-in-inputs,,Research same-language queries for this specific purpose; lack of evidence is not lack of demand,not-established-by-assignment-or-html-parsing
/syr/ar/services/medical-malpractice/misdiagnosis-and-delayed-diagnosis,ar,syr,legal matter,سوء التشخيص وتأخره,dated-observed-query-candidates,سوء تشخيص,Validate candidate queries against full answers and jurisdiction before editing,not-established-by-assignment-or-html-parsing
/syr/ar/services/medical-malpractice/surgical-and-treatment-errors,ar,syr,legal matter,الأخطاء الجراحية والعلاجية,no-direct-query-evidence-in-inputs,,Research same-language queries for this specific purpose; lack of evidence is not lack of demand,not-established-by-assignment-or-html-parsing
/syr/ar/services/medical-malpractice/treatment-injury-and-compensation-claim,ar,syr,legal matter,إصابة العلاج ومطالبة التعويض,no-direct-query-evidence-in-inputs,,Research same-language queries for this specific purpose; lack of evidence is not lack of demand,not-established-by-assignment-or-html-parsing
/syr/ar/services/real-estate,ar,syr,service,قانون الملكية في سوريا,dated-observed-query-candidates,المحامي العقاري | المنازعات العقارية | عقود المقاولين,"Monitor changes in purpose, services and observed searches; linked-page work remains separate",currently-reviewed-intents-complete-for-defined-page-purpose
/syr/ar/services/real-estate/construction-and-contractor-claims,ar,syr,legal matter,مطالبات البناء والمقاولين,no-direct-query-evidence-in-inputs,,Research same-language queries for this specific purpose; lack of evidence is not lack of demand,not-established-by-assignment-or-html-parsing
/syr/ar/services/real-estate/construction-delay-and-defective-construction,ar,syr,legal matter,تأخر البناء وعيوب الإنشاء,no-direct-query-evidence-in-inputs,,Research same-language queries for this specific purpose; lack of evidence is not lack of demand,not-established-by-assignment-or-html-parsing
/syr/ar/services/real-estate/eviction-notice-and-eviction-dispute,ar,syr,legal matter,إخطار الإخلاء ومنازعة الإخلاء,no-direct-query-evidence-in-inputs,,Research same-language queries for this specific purpose; lack of evidence is not lack of demand,not-established-by-assignment-or-html-parsing
/syr/ar/services/real-estate/expropriation-and-compensation-claim,ar,syr,legal matter,نزع الملكية ومطالبة التعويض,no-direct-query-evidence-in-inputs,,Research same-language queries for this specific purpose; lack of evidence is not lack of demand,not-established-by-assignment-or-html-parsing
/syr/ar/services/real-estate/land-registry-and-title-record-correction,ar,syr,legal matter,تصحيح قيود السجل العقاري وسند الملكية,no-direct-query-evidence-in-inputs,,Research same-language queries for this specific purpose; lack of evidence is not lack of demand,not-established-by-assignment-or-html-parsing
/syr/ar/services/real-estate/landlord-or-tenant-notice-and-settlement-problem,ar,syr,legal matter,مشكلة إخطار المالك أو المستأجر والتسوية,no-direct-query-evidence-in-inputs,,Research same-language queries for this specific purpose; lack of evidence is not lack of demand,not-established-by-assignment-or-html-parsing
/syr/ar/services/real-estate/lease-and-eviction-matters,ar,syr,legal matter,الإيجار والإخلاء,no-direct-query-evidence-in-inputs,,Research same-language queries for this specific purpose; lack of evidence is not lack of demand,not-established-by-assignment-or-html-parsing
/syr/ar/services/real-estate/property-encroachment-and-boundary-dispute,ar,syr,legal matter,التعدي على العقار ومنازعة الحدود,no-direct-query-evidence-in-inputs,,Research same-language queries for this specific purpose; lack of evidence is not lack of demand,not-established-by-assignment-or-html-parsing
/syr/ar/services/real-estate/property-ownership-disputes,ar,syr,legal matter,منازعات ملكية العقارات,no-direct-query-evidence-in-inputs,,Research same-language queries for this specific purpose; lack of evidence is not lack of demand,not-established-by-assignment-or-html-parsing
/syr/ar/services/real-estate/property-possession-and-handover-dispute,ar,syr,legal matter,منازعة حيازة العقار وتسليمه,no-direct-query-evidence-in-inputs,,Research same-language queries for this specific purpose; lack of evidence is not lack of demand,not-established-by-assignment-or-html-parsing
/syr/ar/services/real-estate/property-service-charge-and-maintenance-dispute,ar,syr,legal matter,منازعة نفقات البناء المشتركة والصيانة,no-direct-query-evidence-in-inputs,,Research same-language queries for this specific purpose; lack of evidence is not lack of demand,not-established-by-assignment-or-html-parsing
/syr/ar/services/real-estate/registration-and-title-problems,ar,syr,legal matter,مشكلات التسجيل والسندات,no-direct-query-evidence-in-inputs,,Research same-language queries for this specific purpose; lack of evidence is not lack of demand,not-established-by-assignment-or-html-parsing
/syr/ar/services/real-estate/sale-and-purchase-contract-disputes,ar,syr,legal matter,منازعات عقود البيع والشراء,no-direct-query-evidence-in-inputs,,Research same-language queries for this specific purpose; lack of evidence is not lack of demand,not-established-by-assignment-or-html-parsing
/syr/ar/services/real-estate/security-deposit-recovery,ar,syr,legal matter,استرداد مبلغ التأمين,no-direct-query-evidence-in-inputs,,Research same-language queries for this specific purpose; lack of evidence is not lack of demand,not-established-by-assignment-or-html-parsing
/syr/ar/services/real-estate/title-deed-and-registration-dispute,ar,syr,legal matter,منازعة سند الملكية والتسجيل,no-direct-query-evidence-in-inputs,,Research same-language queries for this specific purpose; lack of evidence is not lack of demand,not-established-by-assignment-or-html-parsing
/syr/ar/services/real-estate/unpaid-rent-and-rental-payment-claim,ar,syr,legal matter,الإيجار غير المدفوع ومطالبة الأجرة,no-direct-query-evidence-in-inputs,,Research same-language queries for this specific purpose; lack of evidence is not lack of demand,not-established-by-assignment-or-html-parsing
/syr/ar/services/tax-zakat,ar,syr,service,الضرائب والجمارك في سوريا,keyword-export-candidates,إلغاء ضريبة القيمة المضافة على المحامين | الاعتراض على الزكاة | الاعتراض على فاتورة الزكاة | القيمة المضافة للمحامين | ضرائب المحامين | ضريبة القيمة المضافة على المحامين | ضريبة القيمة المضافة للمحامين | محامي ضرائب | نموذج اعتراض على ضريبة القيمة المضافة,"Monitor changes in purpose, services and observed searches; linked-page work remains separate",currently-reviewed-intents-complete-for-defined-page-purpose
/syr/ar/services/tax-zakat/business-tax-compliance,ar,syr,legal matter,الامتثال الضريبي للشركات,no-direct-query-evidence-in-inputs,,Research same-language queries for this specific purpose; lack of evidence is not lack of demand,not-established-by-assignment-or-html-parsing
/syr/ar/services/tax-zakat/corporate-tax-registration-and-filing-problem,ar,syr,legal matter,مشكلة التسجيل والإقرار بضريبة الشركات,no-direct-query-evidence-in-inputs,,Research same-language queries for this specific purpose; lack of evidence is not lack of demand,not-established-by-assignment-or-html-parsing
/syr/ar/services/tax-zakat/customs-penalty-challenge,ar,syr,legal matter,الطعن في الغرامة الجمركية,no-direct-query-evidence-in-inputs,,Research same-language queries for this specific purpose; lack of evidence is not lack of demand,not-established-by-assignment-or-html-parsing
/syr/ar/services/tax-zakat/customs-valuation-or-penalty-dispute,ar,syr,legal matter,منازعة التقييم الجمركي أو الغرامة,no-direct-query-evidence-in-inputs,,Research same-language queries for this specific purpose; lack of evidence is not lack of demand,not-established-by-assignment-or-html-parsing
/syr/ar/services/tax-zakat/objections-and-appeals,ar,syr,legal matter,الاعتراضات والطعون,no-direct-query-evidence-in-inputs,,Research same-language queries for this specific purpose; lack of evidence is not lack of demand,not-established-by-assignment-or-html-parsing
/syr/ar/services/tax-zakat/syrian-tax-assessment-and-objection,ar,syr,legal matter,الربط الضريبي السوري والاعتراض عليه,no-direct-query-evidence-in-inputs,,Research same-language queries for this specific purpose; lack of evidence is not lack of demand,not-established-by-assignment-or-html-parsing
/syr/ar/services/tax-zakat/tax-and-zakat-assessments,ar,syr,legal matter,مراجعة الاختصاص والتكليف الضريبي,no-direct-query-evidence-in-inputs,,Research same-language queries for this specific purpose; lack of evidence is not lack of demand,not-established-by-assignment-or-html-parsing
/syr/ar/services/tax-zakat/tax-audit-and-assessment-objection,ar,syr,legal matter,الفحص والربط الضريبي والاعتراض عليه,no-direct-query-evidence-in-inputs,,Research same-language queries for this specific purpose; lack of evidence is not lack of demand,not-established-by-assignment-or-html-parsing
/syr/ar/services/tax-zakat/tax-penalties-and-disputes,ar,syr,legal matter,الغرامات والمنازعات الضريبية,no-direct-query-evidence-in-inputs,,Research same-language queries for this specific purpose; lack of evidence is not lack of demand,not-established-by-assignment-or-html-parsing
/syr/ar/services/tax-zakat/vat-and-customs-issues,ar,syr,legal matter,ضرائب المعاملات العابرة للحدود والجمارك,no-direct-query-evidence-in-inputs,,Research same-language queries for this specific purpose; lack of evidence is not lack of demand,not-established-by-assignment-or-html-parsing
/syr/ar/services/tax-zakat/vat-invoice-and-tax-correction-dispute,ar,syr,legal matter,تصحيح فاتورة ضريبة قيمة مضافة أجنبية لمعاملة سورية,no-direct-query-evidence-in-inputs,,Research same-language queries for this specific purpose; lack of evidence is not lack of demand,not-established-by-assignment-or-html-parsing
/syr/ar/services/tax-zakat/vat-refund-and-registration-dispute,ar,syr,legal matter,تسجيل أو استرداد ضريبة قيمة مضافة أجنبية لنشاط سوري,no-direct-query-evidence-in-inputs,,Research same-language queries for this specific purpose; lack of evidence is not lack of demand,not-established-by-assignment-or-html-parsing
/syr/ar/terms-of-service,ar,syr,shared or regional page,شروط الخدمة,no-direct-query-evidence-in-inputs,,Research same-language queries for this specific purpose; lack of evidence is not lack of demand,not-established-by-assignment-or-html-parsing
/syr/ar/vision,ar,syr,shared or regional page,القانون… أقرب، أوضح، وأكثر موثوقية,no-direct-query-evidence-in-inputs,,Research same-language queries for this specific purpose; lack of evidence is not lack of demand,not-established-by-assignment-or-html-parsing
/syr/contact,en,syr,shared or regional page,Start Your Consultation,dated-observed-query-candidates,consult legal advice | counsel advice | law consultation | lawyer consultation | legal consultation | legal queries | online legal consultation | solicitor consultation,Validate candidate queries against full answers and jurisdiction before editing,not-established-by-assignment-or-html-parsing
/syr/privacy-policy,en,syr,shared or regional page,Privacy Policy,no-direct-query-evidence-in-inputs,,Research same-language queries for this specific purpose; lack of evidence is not lack of demand,not-established-by-assignment-or-html-parsing
/syr/services,en,syr,shared or regional page,20 Legal Practice Areas,no-direct-query-evidence-in-inputs,,"Monitor changes in purpose, services and observed searches; linked-page work remains separate",currently-reviewed-intents-complete-for-defined-page-purpose
/syr/services/administrative-law,en,syr,service,Administrative Law in Syria,no-direct-query-evidence-in-inputs,,"Monitor changes in purpose, services and observed searches; linked-page work remains separate",currently-reviewed-intents-complete-for-defined-page-purpose
/syr/services/administrative-law/administrative-compensation-claim,en,syr,legal matter,Administrative compensation claim,no-direct-query-evidence-in-inputs,,Research same-language queries for this specific purpose; lack of evidence is not lack of demand,not-established-by-assignment-or-html-parsing
/syr/services/administrative-law/administrative-objections-and-appeals,en,syr,legal matter,Administrative objections and appeals,no-direct-query-evidence-in-inputs,,Research same-language queries for this specific purpose; lack of evidence is not lack of demand,not-established-by-assignment-or-html-parsing
/syr/services/administrative-law/challenge-to-an-administrative-licence-or-public-decision,en,syr,legal matter,Challenge to an administrative licence or public decision,no-direct-query-evidence-in-inputs,,Research same-language queries for this specific purpose; lack of evidence is not lack of demand,not-established-by-assignment-or-html-parsing
/syr/services/administrative-law/challenges-to-government-decisions,en,syr,legal matter,Challenges to government decisions,no-direct-query-evidence-in-inputs,,Research same-language queries for this specific purpose; lack of evidence is not lack of demand,not-established-by-assignment-or-html-parsing
/syr/services/administrative-law/government-contract-disputes,en,syr,legal matter,Government contract disputes,no-direct-query-evidence-in-inputs,,Research same-language queries for this specific purpose; lack of evidence is not lack of demand,not-established-by-assignment-or-html-parsing
/syr/services/administrative-law/government-penalty-challenge,en,syr,legal matter,Government penalty challenge,no-direct-query-evidence-in-inputs,,Research same-language queries for this specific purpose; lack of evidence is not lack of demand,not-established-by-assignment-or-html-parsing
/syr/services/administrative-law/licence-refusal-or-cancellation,en,syr,legal matter,Licence refusal or cancellation,no-direct-query-evidence-in-inputs,,Research same-language queries for this specific purpose; lack of evidence is not lack of demand,not-established-by-assignment-or-html-parsing
/syr/services/administrative-law/licensing-refusals-and-penalties,en,syr,legal matter,Licensing refusals and penalties,no-direct-query-evidence-in-inputs,,Research same-language queries for this specific purpose; lack of evidence is not lack of demand,not-established-by-assignment-or-html-parsing
/syr/services/administrative-law/public-procurement-dispute,en,syr,legal matter,Bid exclusion and tender-award challenge,no-direct-query-evidence-in-inputs,,Research same-language queries for this specific purpose; lack of evidence is not lack of demand,not-established-by-assignment-or-html-parsing
/syr/services/administrative-law/public-procurement-disputes,en,syr,legal matter,Public procurement disputes,no-direct-query-evidence-in-inputs,,Research same-language queries for this specific purpose; lack of evidence is not lack of demand,not-established-by-assignment-or-html-parsing
/syr/services/arbitration,en,syr,service,Arbitration & Mediation in Syria,dated-observed-query-candidates,arbitral tribunal | arbitration services,"Monitor changes in purpose, services and observed searches; linked-page work remains separate",currently-reviewed-intents-complete-for-defined-page-purpose
/syr/services/arbitration/appointment-or-removal-of-an-arbitrator-dispute,en,syr,legal matter,Appointment or removal of an arbitrator dispute,no-direct-query-evidence-in-inputs,,Research same-language queries for this specific purpose; lack of evidence is not lack of demand,not-established-by-assignment-or-html-parsing
/syr/services/arbitration/arbitration-clause-review,en,syr,legal matter,Arbitration clause review,no-direct-query-evidence-in-inputs,,Research same-language queries for this specific purpose; lack of evidence is not lack of demand,not-established-by-assignment-or-html-parsing
/syr/services/arbitration/challenge-to-a-syrian-arbitration-agreement-or-award,en,syr,legal matter,Challenge to a Syrian arbitration agreement or award,no-direct-query-evidence-in-inputs,,Research same-language queries for this specific purpose; lack of evidence is not lack of demand,not-established-by-assignment-or-html-parsing
/syr/services/arbitration/challenge-to-arbitration-jurisdiction,en,syr,legal matter,Challenge to arbitration jurisdiction,dated-observed-query-candidates,competence of arbitral tribunal | competence of arbitral tribunal to rule on its jurisdiction | jurisdiction of arbitral tribunal,Validate candidate queries against full answers and jurisdiction before editing,not-established-by-assignment-or-html-parsing
/syr/services/arbitration/commercial-arbitration,en,syr,legal matter,Commercial arbitration,no-direct-query-evidence-in-inputs,,Research same-language queries for this specific purpose; lack of evidence is not lack of demand,not-established-by-assignment-or-html-parsing
/syr/services/arbitration/emergency-arbitration-and-interim-measures,en,syr,legal matter,Urgent relief in arbitration: agreed rules and court measures,no-direct-query-evidence-in-inputs,,Research same-language queries for this specific purpose; lack of evidence is not lack of demand,not-established-by-assignment-or-html-parsing
/syr/services/arbitration/foreign-arbitral-award-enforcement,en,syr,legal matter,Foreign arbitral award enforcement,no-direct-query-evidence-in-inputs,,Research same-language queries for this specific purpose; lack of evidence is not lack of demand,not-established-by-assignment-or-html-parsing
/syr/services/arbitration/mediation-and-negotiated-settlement,en,syr,legal matter,Mediation and negotiated settlement,no-direct-query-evidence-in-inputs,,Research same-language queries for this specific purpose; lack of evidence is not lack of demand,not-established-by-assignment-or-html-parsing
/syr/services/arbitration/recognition-and-enforcement-of-awards,en,syr,legal matter,Recognition and enforcement of awards,no-direct-query-evidence-in-inputs,,Research same-language queries for this specific purpose; lack of evidence is not lack of demand,not-established-by-assignment-or-html-parsing
/syr/services/arbitration/urgent-protective-measures,en,syr,legal matter,Urgent protective measures,no-direct-query-evidence-in-inputs,,Research same-language queries for this specific purpose; lack of evidence is not lack of demand,not-established-by-assignment-or-html-parsing
/syr/services/banking-finance,en,syr,service,Banking & Finance Law in Syria,dated-observed-query-candidates,bank dispute lawyer | bank lawyer | banking & finance lawyers | banking lawyer | banking litigation lawyer | finance lawyers | financial legal advisor | islamic finance | lawyer for bank disputes | lawyer for banking issues | lawyers that deal with bank issues | personal loan lawyer,"Monitor changes in purpose, services and observed searches; linked-page work remains separate",currently-reviewed-intents-complete-for-defined-page-purpose
/syr/services/banking-finance/bank-and-customer-disputes,en,syr,legal matter,Bank and customer disputes,no-direct-query-evidence-in-inputs,,Research same-language queries for this specific purpose; lack of evidence is not lack of demand,not-established-by-assignment-or-html-parsing
/syr/services/banking-finance/banking-dispute-with-a-syrian-financial-institution,en,syr,legal matter,Banking dispute with a Syrian financial institution,no-direct-query-evidence-in-inputs,,Research same-language queries for this specific purpose; lack of evidence is not lack of demand,not-established-by-assignment-or-html-parsing
/syr/services/banking-finance/financial-regulatory-compliance,en,syr,legal matter,Financial regulatory compliance,no-direct-query-evidence-in-inputs,,Research same-language queries for this specific purpose; lack of evidence is not lack of demand,not-established-by-assignment-or-html-parsing
/syr/services/banking-finance/financing-agreement-review,en,syr,legal matter,Financing agreement review,no-direct-query-evidence-in-inputs,,Research same-language queries for this specific purpose; lack of evidence is not lack of demand,not-established-by-assignment-or-html-parsing
/syr/services/banking-finance/guarantees-and-security-enforcement,en,syr,legal matter,Guarantees and security enforcement,no-direct-query-evidence-in-inputs,,Research same-language queries for this specific purpose; lack of evidence is not lack of demand,not-established-by-assignment-or-html-parsing
/syr/services/banking-finance/loan-default-and-restructuring,en,syr,legal matter,Loan default and restructuring,dated-observed-query-candidates,default on funds lawyer,Validate candidate queries against full answers and jurisdiction before editing,not-established-by-assignment-or-html-parsing
/syr/services/banking-finance/loan-guarantee-or-collateral-enforcement-dispute,en,syr,legal matter,"Loan, guarantee or collateral enforcement dispute",no-direct-query-evidence-in-inputs,,Research same-language queries for this specific purpose; lack of evidence is not lack of demand,not-established-by-assignment-or-html-parsing
/syr/services/banking-finance/personal-guarantee-enforcement,en,syr,legal matter,Personal guarantee enforcement,no-direct-query-evidence-in-inputs,,Research same-language queries for this specific purpose; lack of evidence is not lack of demand,not-established-by-assignment-or-html-parsing
/syr/services/banking-finance/unauthorized-bank-transaction,en,syr,legal matter,Unauthorized bank transaction,no-direct-query-evidence-in-inputs,,Research same-language queries for this specific purpose; lack of evidence is not lack of demand,not-established-by-assignment-or-html-parsing
/syr/services/business-law,en,syr,service,Commercial Law in Syria,dated-observed-query-candidates,legal consultant business,"Monitor changes in purpose, services and observed searches; linked-page work remains separate",currently-reviewed-intents-complete-for-defined-page-purpose
/syr/services/business-law/business-contract-risk,en,syr,legal matter,Business contract risk,no-direct-query-evidence-in-inputs,,Research same-language queries for this specific purpose; lack of evidence is not lack of demand,not-established-by-assignment-or-html-parsing
/syr/services/business-law/commercial-agency-and-distribution-termination,en,syr,legal matter,Termination of an exclusive distribution relationship,no-direct-query-evidence-in-inputs,,Research same-language queries for this specific purpose; lack of evidence is not lack of demand,not-established-by-assignment-or-html-parsing
/syr/services/business-law/commercial-agency-termination,en,syr,legal matter,Commercial agency termination,no-direct-query-evidence-in-inputs,,Research same-language queries for this specific purpose; lack of evidence is not lack of demand,not-established-by-assignment-or-html-parsing
/syr/services/business-law/commercial-concealment-dispute,en,syr,legal matter,Disputed business ownership and control,no-direct-query-evidence-in-inputs,,Research same-language queries for this specific purpose; lack of evidence is not lack of demand,not-established-by-assignment-or-html-parsing
/syr/services/business-law/commercial-disputes,en,syr,legal matter,Commercial disputes,no-direct-query-evidence-in-inputs,,Research same-language queries for this specific purpose; lack of evidence is not lack of demand,not-established-by-assignment-or-html-parsing
/syr/services/business-law/commercial-liability,en,syr,legal matter,Commercial liability,no-direct-query-evidence-in-inputs,,Research same-language queries for this specific purpose; lack of evidence is not lack of demand,not-established-by-assignment-or-html-parsing
/syr/services/business-law/commercial-register-and-company-record-dispute,en,syr,legal matter,Commercial-register and company-record dispute,no-direct-query-evidence-in-inputs,,Research same-language queries for this specific purpose; lack of evidence is not lack of demand,not-established-by-assignment-or-html-parsing
/syr/services/business-law/commercial-supply-contract-dispute,en,syr,legal matter,Commercial supply contract dispute,no-direct-query-evidence-in-inputs,,Research same-language queries for this specific purpose; lack of evidence is not lack of demand,not-established-by-assignment-or-html-parsing
/syr/services/business-law/company-formation-and-registration,en,syr,legal matter,Company formation and registration,no-direct-query-evidence-in-inputs,,Research same-language queries for this specific purpose; lack of evidence is not lack of demand,not-established-by-assignment-or-html-parsing
/syr/services/business-law/government-tender-dispute,en,syr,legal matter,Government tender dispute,no-direct-query-evidence-in-inputs,,Research same-language queries for this specific purpose; lack of evidence is not lack of demand,not-established-by-assignment-or-html-parsing
/syr/services/business-law/negotiation-and-settlement-strategy,en,syr,legal matter,Negotiation and settlement strategy,no-direct-query-evidence-in-inputs,,Research same-language queries for this specific purpose; lack of evidence is not lack of demand,not-established-by-assignment-or-html-parsing
/syr/services/business-law/shareholder-and-partner-dispute,en,syr,legal matter,Shareholder and partner dispute,no-direct-query-evidence-in-inputs,,Research same-language queries for this specific purpose; lack of evidence is not lack of demand,not-established-by-assignment-or-html-parsing
/syr/services/business-law/supplier-and-customer-claims,en,syr,legal matter,Supplier and customer claims,no-direct-query-evidence-in-inputs,,Research same-language queries for this specific purpose; lack of evidence is not lack of demand,not-established-by-assignment-or-html-parsing
/syr/services/business-law/unpaid-business-invoices,en,syr,legal matter,Unpaid business invoices,no-direct-query-evidence-in-inputs,,Research same-language queries for this specific purpose; lack of evidence is not lack of demand,not-established-by-assignment-or-html-parsing
/syr/services/civil-law,en,syr,service,Civil Law in Syria,no-direct-query-evidence-in-inputs,,"Monitor changes in purpose, services and observed searches; linked-page work remains separate",currently-reviewed-intents-complete-for-defined-page-purpose
/syr/services/civil-law/civil-claims-and-private-disputes,en,syr,legal matter,Civil claims and private disputes,no-direct-query-evidence-in-inputs,,Research same-language queries for this specific purpose; lack of evidence is not lack of demand,not-established-by-assignment-or-html-parsing
/syr/services/civil-law/civil-compensation-claim-in-syria,en,syr,legal matter,Civil compensation claim in Syria,no-direct-query-evidence-in-inputs,,Research same-language queries for this specific purpose; lack of evidence is not lack of demand,not-established-by-assignment-or-html-parsing
/syr/services/civil-law/compensation-claims,en,syr,legal matter,Compensation claims,no-direct-query-evidence-in-inputs,,Research same-language queries for this specific purpose; lack of evidence is not lack of demand,not-established-by-assignment-or-html-parsing
/syr/services/civil-law/contractual-and-non-contractual-liability,en,syr,legal matter,Contractual and non-contractual liability,no-direct-query-evidence-in-inputs,,Research same-language queries for this specific purpose; lack of evidence is not lack of demand,not-established-by-assignment-or-html-parsing
/syr/services/civil-law/defamation-and-reputation-damage-claim,en,syr,legal matter,Defamation and reputation damage claim,no-direct-query-evidence-in-inputs,,Research same-language queries for this specific purpose; lack of evidence is not lack of demand,not-established-by-assignment-or-html-parsing
/syr/services/civil-law/defamation-and-reputation-damage-claim-in-syria,en,syr,legal matter,Civil damages for reputational harm in Syria,no-direct-query-evidence-in-inputs,,Research same-language queries for this specific purpose; lack of evidence is not lack of demand,not-established-by-assignment-or-html-parsing
/syr/services/civil-law/obligations-and-remedies,en,syr,legal matter,Obligations and remedies,no-direct-query-evidence-in-inputs,,Research same-language queries for this specific purpose; lack of evidence is not lack of demand,not-established-by-assignment-or-html-parsing
/syr/services/civil-law/personal-injury-compensation-claim,en,syr,legal matter,Personal injury compensation claim,no-direct-query-evidence-in-inputs,,Research same-language queries for this specific purpose; lack of evidence is not lack of demand,not-established-by-assignment-or-html-parsing
/syr/services/civil-law/possession-and-interference-dispute,en,syr,legal matter,Possession and interference dispute,no-direct-query-evidence-in-inputs,,Research same-language queries for this specific purpose; lack of evidence is not lack of demand,not-established-by-assignment-or-html-parsing
/syr/services/civil-law/property-and-possession-disputes,en,syr,legal matter,Property and possession disputes,no-direct-query-evidence-in-inputs,,Research same-language queries for this specific purpose; lack of evidence is not lack of demand,not-established-by-assignment-or-html-parsing
/syr/services/civil-procedure,en,syr,service,Civil Procedure in Syria,no-direct-query-evidence-in-inputs,,"Monitor changes in purpose, services and observed searches; linked-page work remains separate",currently-reviewed-intents-complete-for-defined-page-purpose
/syr/services/civil-procedure/appeal-deadline-and-filing-problem,en,syr,legal matter,Appeal deadline and filing problem,no-direct-query-evidence-in-inputs,,Research same-language queries for this specific purpose; lack of evidence is not lack of demand,not-established-by-assignment-or-html-parsing
/syr/services/civil-procedure/appeal-deadline-and-service-problem-in-syria,en,syr,legal matter,Appeal deadline and service problem in Syria,no-direct-query-evidence-in-inputs,,Research same-language queries for this specific purpose; lack of evidence is not lack of demand,not-established-by-assignment-or-html-parsing
/syr/services/civil-procedure/appeals-and-enforcement,en,syr,legal matter,Appeals and enforcement,no-direct-query-evidence-in-inputs,,Research same-language queries for this specific purpose; lack of evidence is not lack of demand,not-established-by-assignment-or-html-parsing
/syr/services/civil-procedure/court-filing-and-jurisdiction,en,syr,legal matter,Court filing and jurisdiction,no-direct-query-evidence-in-inputs,,Research same-language queries for this specific purpose; lack of evidence is not lack of demand,not-established-by-assignment-or-html-parsing
/syr/services/civil-procedure/court-filing-and-jurisdiction-objection-in-syria,en,syr,legal matter,Challenge to court jurisdiction or improper service in Syria,no-direct-query-evidence-in-inputs,,Research same-language queries for this specific purpose; lack of evidence is not lack of demand,not-established-by-assignment-or-html-parsing
/syr/services/civil-procedure/court-service-and-notification-problem,en,syr,legal matter,Court service and notification problem,no-direct-query-evidence-in-inputs,,Research same-language queries for this specific purpose; lack of evidence is not lack of demand,not-established-by-assignment-or-html-parsing
/syr/services/civil-procedure/evidence-and-procedural-objections,en,syr,legal matter,Evidence and procedural objections,no-direct-query-evidence-in-inputs,,Research same-language queries for this specific purpose; lack of evidence is not lack of demand,not-established-by-assignment-or-html-parsing
/syr/services/civil-procedure/expert-evidence-and-report-dispute,en,syr,legal matter,Expert evidence and report dispute,no-direct-query-evidence-in-inputs,,Research same-language queries for this specific purpose; lack of evidence is not lack of demand,not-established-by-assignment-or-html-parsing
/syr/services/civil-procedure/interim-and-protective-measures,en,syr,legal matter,Interim and protective measures,no-direct-query-evidence-in-inputs,,Research same-language queries for this specific purpose; lack of evidence is not lack of demand,not-established-by-assignment-or-html-parsing
/syr/services/civil-procedure/litigation-strategy-and-case-management,en,syr,legal matter,Litigation strategy and case management,no-direct-query-evidence-in-inputs,,Research same-language queries for this specific purpose; lack of evidence is not lack of demand,not-established-by-assignment-or-html-parsing
/syr/services/companies-law,en,syr,service,Companies Law & Corporate Disputes in Syria,dated-observed-query-candidates,corporate lawyers | corporate legal,"Monitor changes in purpose, services and observed searches; linked-page work remains separate",currently-reviewed-intents-complete-for-defined-page-purpose
/syr/services/companies-law/company-dissolution-and-liquidation-dispute,en,syr,legal matter,Company dissolution and liquidation dispute,dated-observed-query-candidates,company dissolution lawyer | corporate dissolution lawyer,Validate candidate queries against full answers and jurisdiction before editing,not-established-by-assignment-or-html-parsing
/syr/services/companies-law/company-formation-and-restructuring,en,syr,legal matter,Company formation and restructuring,no-direct-query-evidence-in-inputs,,Research same-language queries for this specific purpose; lack of evidence is not lack of demand,not-established-by-assignment-or-html-parsing
/syr/services/companies-law/company-registration-and-amendment-dispute,en,syr,legal matter,Company registration and amendment dispute,no-direct-query-evidence-in-inputs,,Research same-language queries for this specific purpose; lack of evidence is not lack of demand,not-established-by-assignment-or-html-parsing
/syr/services/companies-law/corporate-governance,en,syr,legal matter,Corporate governance,no-direct-query-evidence-in-inputs,,Research same-language queries for this specific purpose; lack of evidence is not lack of demand,not-established-by-assignment-or-html-parsing
/syr/services/companies-law/director-and-manager-liability,en,syr,legal matter,Director and manager liability,no-direct-query-evidence-in-inputs,,Research same-language queries for this specific purpose; lack of evidence is not lack of demand,not-established-by-assignment-or-html-parsing
/syr/services/companies-law/mergers-dissolution-and-liquidation,en,syr,legal matter,"Mergers, dissolution, and liquidation",no-direct-query-evidence-in-inputs,,Research same-language queries for this specific purpose; lack of evidence is not lack of demand,not-established-by-assignment-or-html-parsing
/syr/services/companies-law/partner-withdrawal-and-liquidation-dispute,en,syr,legal matter,Partner withdrawal and liquidation dispute,no-direct-query-evidence-in-inputs,,Research same-language queries for this specific purpose; lack of evidence is not lack of demand,not-established-by-assignment-or-html-parsing
/syr/services/companies-law/shareholder-and-partner-disputes,en,syr,legal matter,Shareholder and partner disputes,no-direct-query-evidence-in-inputs,,Research same-language queries for this specific purpose; lack of evidence is not lack of demand,not-established-by-assignment-or-html-parsing
/syr/services/companies-law/shareholder-exit-and-buyout-dispute,en,syr,legal matter,Shareholder exit and buyout dispute,no-direct-query-evidence-in-inputs,,Research same-language queries for this specific purpose; lack of evidence is not lack of demand,not-established-by-assignment-or-html-parsing
/syr/services/contracts,en,syr,service,Contracts in Syria,dated-observed-query-candidates,contract lawyer | contracts law firm | contracts lawyer | legal contract lawyer,"Monitor changes in purpose, services and observed searches; linked-page work remains separate",currently-reviewed-intents-complete-for-defined-page-purpose
/syr/services/contracts/breach-of-contract,en,syr,legal matter,Breach of contract,no-direct-query-evidence-in-inputs,,Research same-language queries for this specific purpose; lack of evidence is not lack of demand,not-established-by-assignment-or-html-parsing
/syr/services/contracts/commercial-contract-dispute-under-syrian-law,en,syr,legal matter,Commercial contract dispute under Syrian law,no-direct-query-evidence-in-inputs,,Research same-language queries for this specific purpose; lack of evidence is not lack of demand,not-established-by-assignment-or-html-parsing
/syr/services/contracts/consumer-refund-and-purchase-cancellation-dispute,en,syr,legal matter,Consumer refund and purchase cancellation dispute,no-direct-query-evidence-in-inputs,,Research same-language queries for this specific purpose; lack of evidence is not lack of demand,not-established-by-assignment-or-html-parsing
/syr/services/contracts/contract-authentication-and-evidence-problem,en,syr,legal matter,Contract authentication and evidence problem,no-direct-query-evidence-in-inputs,,Research same-language queries for this specific purpose; lack of evidence is not lack of demand,not-established-by-assignment-or-html-parsing
/syr/services/contracts/contract-drafting-and-review,en,syr,legal matter,Contract drafting and review,no-direct-query-evidence-in-inputs,,Research same-language queries for this specific purpose; lack of evidence is not lack of demand,not-established-by-assignment-or-html-parsing
/syr/services/contracts/contract-evidence-and-electronic-messages,en,syr,legal matter,Contract evidence and electronic messages,no-direct-query-evidence-in-inputs,,Research same-language queries for this specific purpose; lack of evidence is not lack of demand,not-established-by-assignment-or-html-parsing
/syr/services/contracts/defective-goods-and-non-conforming-delivery,en,syr,legal matter,Defective goods and non-conforming delivery,no-direct-query-evidence-in-inputs,,Research same-language queries for this specific purpose; lack of evidence is not lack of demand,not-established-by-assignment-or-html-parsing
/syr/services/contracts/defective-product-and-consumer-compensation-claim,en,syr,legal matter,Defective product and consumer compensation claim,no-direct-query-evidence-in-inputs,,Research same-language queries for this specific purpose; lack of evidence is not lack of demand,not-established-by-assignment-or-html-parsing
/syr/services/contracts/document-attestation-and-legalisation-problem,en,syr,legal matter,Document attestation and legalisation problem,no-direct-query-evidence-in-inputs,,Research same-language queries for this specific purpose; lack of evidence is not lack of demand,not-established-by-assignment-or-html-parsing
/syr/services/contracts/legal-notice-and-demand-letter-drafting,en,syr,legal matter,Legal notice and demand letter drafting,no-direct-query-evidence-in-inputs,,Research same-language queries for this specific purpose; lack of evidence is not lack of demand,not-established-by-assignment-or-html-parsing
/syr/services/contracts/negotiation-and-enforcement,en,syr,legal matter,Negotiation and enforcement,no-direct-query-evidence-in-inputs,,Research same-language queries for this specific purpose; lack of evidence is not lack of demand,not-established-by-assignment-or-html-parsing
/syr/services/contracts/penalty-and-compensation-clauses,en,syr,legal matter,Penalty and compensation clauses,no-direct-query-evidence-in-inputs,,Research same-language queries for this specific purpose; lack of evidence is not lack of demand,not-established-by-assignment-or-html-parsing
/syr/services/contracts/power-of-attorney-drafting-and-authority-problem,en,syr,legal matter,"Power-of-attorney misuse, rejection or scope dispute",no-direct-query-evidence-in-inputs,,Research same-language queries for this specific purpose; lack of evidence is not lack of demand,not-established-by-assignment-or-html-parsing
/syr/services/contracts/service-agreement-breach,en,syr,legal matter,Service agreement breach,no-direct-query-evidence-in-inputs,,Research same-language queries for this specific purpose; lack of evidence is not lack of demand,not-established-by-assignment-or-html-parsing
/syr/services/contracts/supply-contract-non-delivery,en,syr,legal matter,Supply contract non-delivery,no-direct-query-evidence-in-inputs,,Research same-language queries for this specific purpose; lack of evidence is not lack of demand,not-established-by-assignment-or-html-parsing
/syr/services/contracts/termination-and-cancellation,en,syr,legal matter,Termination and cancellation,no-direct-query-evidence-in-inputs,,Research same-language queries for this specific purpose; lack of evidence is not lack of demand,not-established-by-assignment-or-html-parsing
/syr/services/contracts/unpaid-professional-fees-and-service-invoice-dispute,en,syr,legal matter,Unpaid professional fees and service invoice dispute,no-direct-query-evidence-in-inputs,,Research same-language queries for this specific purpose; lack of evidence is not lack of demand,not-established-by-assignment-or-html-parsing
/syr/services/criminal-law,en,syr,service,Criminal Law in Syria,dated-observed-query-candidates,breach of trust through embezzlement,"Monitor changes in purpose, services and observed searches; linked-page work remains separate",currently-reviewed-intents-complete-for-defined-page-purpose
/syr/services/criminal-law/arrest-and-detention-concerns,en,syr,legal matter,Arrest and detention concerns,no-direct-query-evidence-in-inputs,,Research same-language queries for this specific purpose; lack of evidence is not lack of demand,not-established-by-assignment-or-html-parsing
/syr/services/criminal-law/criminal-case-settlement-and-compensation-claim,en,syr,legal matter,Criminal case settlement and compensation claim,no-direct-query-evidence-in-inputs,,Research same-language queries for this specific purpose; lack of evidence is not lack of demand,not-established-by-assignment-or-html-parsing
/syr/services/criminal-law/criminal-complaint-before-syrian-authorities,en,syr,legal matter,Criminal complaint before Syrian authorities,no-direct-query-evidence-in-inputs,,Research same-language queries for this specific purpose; lack of evidence is not lack of demand,not-established-by-assignment-or-html-parsing
/syr/services/criminal-law/criminal-complaints-and-defence,en,syr,legal matter,Criminal complaints and defence,no-direct-query-evidence-in-inputs,,Research same-language queries for this specific purpose; lack of evidence is not lack of demand,not-established-by-assignment-or-html-parsing
/syr/services/criminal-law/cybercrime-accusation-and-defence,en,syr,legal matter,Cybercrime accusation and defence,no-direct-query-evidence-in-inputs,,Research same-language queries for this specific purpose; lack of evidence is not lack of demand,not-established-by-assignment-or-html-parsing
/syr/services/criminal-law/digital-and-documentary-evidence,en,syr,legal matter,Digital and documentary evidence,no-direct-query-evidence-in-inputs,,Research same-language queries for this specific purpose; lack of evidence is not lack of demand,not-established-by-assignment-or-html-parsing
/syr/services/criminal-law/investigation-and-questioning,en,syr,legal matter,Investigation and questioning,no-direct-query-evidence-in-inputs,,Research same-language queries for this specific purpose; lack of evidence is not lack of demand,not-established-by-assignment-or-html-parsing
/syr/services/criminal-law/online-defamation-complaint,en,syr,legal matter,Online defamation complaint,no-direct-query-evidence-in-inputs,,Research same-language queries for this specific purpose; lack of evidence is not lack of demand,not-established-by-assignment-or-html-parsing
/syr/services/criminal-law/police-complaint-defence,en,syr,legal matter,Police complaint defence,no-direct-query-evidence-in-inputs,,Research same-language queries for this specific purpose; lack of evidence is not lack of demand,not-established-by-assignment-or-html-parsing
/syr/services/criminal-law/travel-ban-and-detention-concern,en,syr,legal matter,Travel-ban and detention concern,no-direct-query-evidence-in-inputs,,Research same-language queries for this specific purpose; lack of evidence is not lack of demand,not-established-by-assignment-or-html-parsing
/syr/services/criminal-law/trial-and-appeal-preparation,en,syr,legal matter,Trial and appeal preparation,no-direct-query-evidence-in-inputs,,Research same-language queries for this specific purpose; lack of evidence is not lack of demand,not-established-by-assignment-or-html-parsing
/syr/services/criminal-procedure,en,syr,service,Criminal Procedure in Syria,no-direct-query-evidence-in-inputs,,"Monitor changes in purpose, services and observed searches; linked-page work remains separate",currently-reviewed-intents-complete-for-defined-page-purpose
/syr/services/criminal-procedure/appeals-and-post-judgment-remedies,en,syr,legal matter,Appeals and post-judgment remedies,no-direct-query-evidence-in-inputs,,Research same-language queries for this specific purpose; lack of evidence is not lack of demand,not-established-by-assignment-or-html-parsing
/syr/services/criminal-procedure/arrest-and-detention-procedure,en,syr,legal matter,Arrest and detention procedure,no-direct-query-evidence-in-inputs,,Research same-language queries for this specific purpose; lack of evidence is not lack of demand,not-established-by-assignment-or-html-parsing
/syr/services/criminal-procedure/arrest-detention-and-release-application-in-syria,en,syr,legal matter,"Arrest, detention and release application in Syria",no-direct-query-evidence-in-inputs,,Research same-language queries for this specific purpose; lack of evidence is not lack of demand,not-established-by-assignment-or-html-parsing
/syr/services/criminal-procedure/criminal-appeal-and-evidence-objection-in-syria,en,syr,legal matter,Criminal appeal and evidence objection in Syria,no-direct-query-evidence-in-inputs,,Research same-language queries for this specific purpose; lack of evidence is not lack of demand,not-established-by-assignment-or-html-parsing
/syr/services/criminal-procedure/criminal-appeal-deadline,en,syr,legal matter,Criminal appeal deadline,no-direct-query-evidence-in-inputs,,Research same-language queries for this specific purpose; lack of evidence is not lack of demand,not-established-by-assignment-or-html-parsing
/syr/services/criminal-procedure/evidence-challenge-in-criminal-case,en,syr,legal matter,Evidence challenge in criminal case,no-direct-query-evidence-in-inputs,,Research same-language queries for this specific purpose; lack of evidence is not lack of demand,not-established-by-assignment-or-html-parsing
/syr/services/criminal-procedure/evidence-challenges,en,syr,legal matter,Evidence challenges,no-direct-query-evidence-in-inputs,,Research same-language queries for this specific purpose; lack of evidence is not lack of demand,not-established-by-assignment-or-html-parsing
/syr/services/criminal-procedure/investigation-rights,en,syr,legal matter,Investigation rights,no-direct-query-evidence-in-inputs,,Research same-language queries for this specific purpose; lack of evidence is not lack of demand,not-established-by-assignment-or-html-parsing
/syr/services/criminal-procedure/release-and-detention-application,en,syr,legal matter,Release and detention application,no-direct-query-evidence-in-inputs,,Research same-language queries for this specific purpose; lack of evidence is not lack of demand,not-established-by-assignment-or-html-parsing
/syr/services/criminal-procedure/trial-procedure,en,syr,legal matter,Trial procedure,no-direct-query-evidence-in-inputs,,Research same-language queries for this specific purpose; lack of evidence is not lack of demand,not-established-by-assignment-or-html-parsing
/syr/services/cyber-law,en,syr,service,Cyber & IT Law in Syria,dated-observed-query-candidates,cyber crime lawyer,"Monitor changes in purpose, services and observed searches; linked-page work remains separate",currently-reviewed-intents-complete-for-defined-page-purpose
/syr/services/cyber-law/cybercrime-allegations-and-defence,en,syr,legal matter,Cybercrime allegations and defence,no-direct-query-evidence-in-inputs,,Research same-language queries for this specific purpose; lack of evidence is not lack of demand,not-established-by-assignment-or-html-parsing
/syr/services/cyber-law/cybercrime-complaint-and-digital-evidence-problem-in-syria,en,syr,legal matter,Cybercrime complaint and digital-evidence problem in Syria,no-direct-query-evidence-in-inputs,,Research same-language queries for this specific purpose; lack of evidence is not lack of demand,not-established-by-assignment-or-html-parsing
/syr/services/cyber-law/data-protection-incidents,en,syr,legal matter,Data-protection incidents,no-direct-query-evidence-in-inputs,,Research same-language queries for this specific purpose; lack of evidence is not lack of demand,not-established-by-assignment-or-html-parsing
/syr/services/cyber-law/digital-evidence-and-platform-disputes,en,syr,legal matter,Digital evidence and platform disputes,no-direct-query-evidence-in-inputs,,Research same-language queries for this specific purpose; lack of evidence is not lack of demand,not-established-by-assignment-or-html-parsing
/syr/services/cyber-law/hacked-account-and-unauthorized-access,en,syr,legal matter,Compromised-account recovery and access restoration,no-direct-query-evidence-in-inputs,,Research same-language queries for this specific purpose; lack of evidence is not lack of demand,not-established-by-assignment-or-html-parsing
/syr/services/cyber-law/online-account-recovery-and-platform-complaint,en,syr,legal matter,Online account recovery and platform complaint,no-direct-query-evidence-in-inputs,,Research same-language queries for this specific purpose; lack of evidence is not lack of demand,not-established-by-assignment-or-html-parsing
/syr/services/cyber-law/online-defamation-and-removal-request,en,syr,legal matter,Online defamation and removal request,no-direct-query-evidence-in-inputs,,Research same-language queries for this specific purpose; lack of evidence is not lack of demand,not-established-by-assignment-or-html-parsing
/syr/services/cyber-law/online-defamation-and-removal-request-in-syria,en,syr,legal matter,Claim for reputational harm caused by online publication in Syria,no-direct-query-evidence-in-inputs,,Research same-language queries for this specific purpose; lack of evidence is not lack of demand,not-established-by-assignment-or-html-parsing
/syr/services/cyber-law/personal-data-access-correction-or-deletion-request,en,syr,legal matter,"Personal-data access, correction or deletion request",no-direct-query-evidence-in-inputs,,Research same-language queries for this specific purpose; lack of evidence is not lack of demand,not-established-by-assignment-or-html-parsing
/syr/services/cyber-law/personal-data-breach-response,en,syr,legal matter,Personal-data breach response,no-direct-query-evidence-in-inputs,,Research same-language queries for this specific purpose; lack of evidence is not lack of demand,not-established-by-assignment-or-html-parsing
/syr/services/cyber-law/unauthorized-access-and-account-misuse,en,syr,legal matter,Unauthorized access and account misuse,no-direct-query-evidence-in-inputs,,Research same-language queries for this specific purpose; lack of evidence is not lack of demand,not-established-by-assignment-or-html-parsing
/syr/services/employment-law,en,syr,service,Employment Law in Syria,dated-observed-query-candidates,employment attorney | employment dispute lawyer | employment law attorney | employment law firm | employment law specialist | employment lawyer | employment lawyers,"Monitor changes in purpose, services and observed searches; linked-page work remains separate",currently-reviewed-intents-complete-for-defined-page-purpose
/syr/services/employment-law/delayed-or-unpaid-salary,en,syr,legal matter,Delayed or unpaid salary,dated-observed-query-candidates,pay disputes | payroll laws,Validate candidate queries against full answers and jurisdiction before editing,not-established-by-assignment-or-html-parsing
/syr/services/employment-law/disciplinary-warning-and-workplace-investigation,en,syr,legal matter,Disciplinary warning and workplace investigation,no-direct-query-evidence-in-inputs,,Research same-language queries for this specific purpose; lack of evidence is not lack of demand,not-established-by-assignment-or-html-parsing
/syr/services/employment-law/employment-contract-review,en,syr,legal matter,Employment contract review,no-direct-query-evidence-in-inputs,,Research same-language queries for this specific purpose; lack of evidence is not lack of demand,not-established-by-assignment-or-html-parsing
/syr/services/employment-law/employment-settlement-and-final-dues-calculation,en,syr,legal matter,Employment settlement and final-dues calculation,no-direct-query-evidence-in-inputs,,Research same-language queries for this specific purpose; lack of evidence is not lack of demand,not-established-by-assignment-or-html-parsing
/syr/services/employment-law/employment-termination-and-labour-record-dispute,en,syr,legal matter,Employment termination and labour-record dispute,no-direct-query-evidence-in-inputs,,Research same-language queries for this specific purpose; lack of evidence is not lack of demand,not-established-by-assignment-or-html-parsing
/syr/services/employment-law/end-of-service-entitlements,en,syr,legal matter,End-of-service entitlements,no-direct-query-evidence-in-inputs,,Research same-language queries for this specific purpose; lack of evidence is not lack of demand,not-established-by-assignment-or-html-parsing
/syr/services/employment-law/experience-certificate-and-service-transfer-dispute,en,syr,legal matter,Experience certificate and service-transfer dispute,no-direct-query-evidence-in-inputs,,Research same-language queries for this specific purpose; lack of evidence is not lack of demand,not-established-by-assignment-or-html-parsing
/syr/services/employment-law/resignation-because-of-unpaid-wages,en,syr,legal matter,Resignation because of unpaid wages,no-direct-query-evidence-in-inputs,,Research same-language queries for this specific purpose; lack of evidence is not lack of demand,not-established-by-assignment-or-html-parsing
/syr/services/employment-law/sponsorship-transfer-dispute,en,syr,legal matter,Changing employer and employment-record dispute,no-direct-query-evidence-in-inputs,,Research same-language queries for this specific purpose; lack of evidence is not lack of demand,not-established-by-assignment-or-html-parsing
/syr/services/employment-law/unpaid-wages-and-benefits,en,syr,legal matter,Unpaid wages and benefits,no-direct-query-evidence-in-inputs,,Research same-language queries for this specific purpose; lack of evidence is not lack of demand,not-established-by-assignment-or-html-parsing
/syr/services/employment-law/visa-exit-and-re-entry-restriction-affecting-employment,en,syr,legal matter,Travel and entry restrictions affecting employment,no-direct-query-evidence-in-inputs,,Research same-language queries for this specific purpose; lack of evidence is not lack of demand,not-established-by-assignment-or-html-parsing
/syr/services/employment-law/work-injury-and-compensation-claim,en,syr,legal matter,Work injury and compensation claim,no-direct-query-evidence-in-inputs,,Research same-language queries for this specific purpose; lack of evidence is not lack of demand,not-established-by-assignment-or-html-parsing
/syr/services/employment-law/work-permit-or-employment-status-problem,en,syr,legal matter,Correction of a work permit or labour record,no-direct-query-evidence-in-inputs,,Research same-language queries for this specific purpose; lack of evidence is not lack of demand,not-established-by-assignment-or-html-parsing
/syr/services/employment-law/work-permit-residency-or-employment-status-problem,en,syr,legal matter,Residency or employment-status restriction affecting work authorisation,no-direct-query-evidence-in-inputs,,Research same-language queries for this specific purpose; lack of evidence is not lack of demand,not-established-by-assignment-or-html-parsing
/syr/services/employment-law/workplace-and-disciplinary-disputes,en,syr,legal matter,Workplace and disciplinary disputes,no-direct-query-evidence-in-inputs,,Research same-language queries for this specific purpose; lack of evidence is not lack of demand,not-established-by-assignment-or-html-parsing
/syr/services/employment-law/wrongful-termination,en,syr,legal matter,Wrongful termination,dated-observed-query-candidates,unfair termination lawyers | wrongful termination lawyer,Validate candidate queries against full answers and jurisdiction before editing,not-established-by-assignment-or-html-parsing
/syr/services/enforcement,en,syr,service,Enforcement & Debt Collection in Syria,dated-observed-query-candidates,collection attorneys | debt collection attorney | debt collection in syria | debt collection lawyer | debt recovery lawyer | debt recovery services | law recovery,"Monitor changes in purpose, services and observed searches; linked-page work remains separate",currently-reviewed-intents-complete-for-defined-page-purpose
/syr/services/enforcement/asset-tracing-and-debtor-investigation,en,syr,legal matter,Asset tracing and debtor investigation,no-direct-query-evidence-in-inputs,,Research same-language queries for this specific purpose; lack of evidence is not lack of demand,not-established-by-assignment-or-html-parsing
/syr/services/enforcement/bounced-cheque-defence-and-criminal-complaint-concern,en,syr,legal matter,Bounced-cheque defence and criminal complaint concern,no-direct-query-evidence-in-inputs,,Research same-language queries for this specific purpose; lack of evidence is not lack of demand,not-established-by-assignment-or-html-parsing
/syr/services/enforcement/bounced-cheque-execution,en,syr,legal matter,Bounced cheque execution,no-direct-query-evidence-in-inputs,,Research same-language queries for this specific purpose; lack of evidence is not lack of demand,not-established-by-assignment-or-html-parsing
/syr/services/enforcement/commercial-debt-recovery,en,syr,legal matter,Commercial debt recovery,no-direct-query-evidence-in-inputs,,Research same-language queries for this specific purpose; lack of evidence is not lack of demand,not-established-by-assignment-or-html-parsing
/syr/services/enforcement/enforcement-objections-and-settlement,en,syr,legal matter,Enforcement objections and settlement,no-direct-query-evidence-in-inputs,,Research same-language queries for this specific purpose; lack of evidence is not lack of demand,not-established-by-assignment-or-html-parsing
/syr/services/enforcement/enforcement-of-court-judgments,en,syr,legal matter,Enforcement of court judgments,no-direct-query-evidence-in-inputs,,Research same-language queries for this specific purpose; lack of evidence is not lack of demand,not-established-by-assignment-or-html-parsing
/syr/services/enforcement/execution-of-a-syrian-court-judgment,en,syr,legal matter,Execution of a Syrian court judgment,no-direct-query-evidence-in-inputs,,Research same-language queries for this specific purpose; lack of evidence is not lack of demand,not-established-by-assignment-or-html-parsing
/syr/services/enforcement/foreign-judgment-enforcement,en,syr,legal matter,Foreign judgment enforcement,dated-observed-query-candidates,foreign judgment enforcement,Validate candidate queries against full answers and jurisdiction before editing,not-established-by-assignment-or-html-parsing
/syr/services/enforcement/objection-to-an-execution-measure-or-seizure,en,syr,legal matter,Objection to an execution measure or seizure,no-direct-query-evidence-in-inputs,,Research same-language queries for this specific purpose; lack of evidence is not lack of demand,not-established-by-assignment-or-html-parsing
/syr/services/enforcement/payment-order-and-urgent-debt-recovery,en,syr,legal matter,Payment order and urgent debt recovery,no-direct-query-evidence-in-inputs,,Research same-language queries for this specific purpose; lack of evidence is not lack of demand,not-established-by-assignment-or-html-parsing
/syr/services/enforcement/service-suspension-and-asset-freezing-request,en,syr,legal matter,Asset attachment and protective-measure request,no-direct-query-evidence-in-inputs,,Research same-language queries for this specific purpose; lack of evidence is not lack of demand,not-established-by-assignment-or-html-parsing
/syr/services/enforcement/travel-ban-application-for-debt-recovery,en,syr,legal matter,Travel-ban application for debt recovery,no-direct-query-evidence-in-inputs,,Research same-language queries for this specific purpose; lack of evidence is not lack of demand,not-established-by-assignment-or-html-parsing
/syr/services/enforcement/unpaid-invoices-and-payment-claims,en,syr,legal matter,Unpaid invoices and payment claims,no-direct-query-evidence-in-inputs,,Research same-language queries for this specific purpose; lack of evidence is not lack of demand,not-established-by-assignment-or-html-parsing
/syr/services/enforcement/wrongful-debt-collection-or-creditor-harassment-complaint,en,syr,legal matter,Wrongful debt-collection or creditor harassment complaint,no-direct-query-evidence-in-inputs,,Research same-language queries for this specific purpose; lack of evidence is not lack of demand,not-established-by-assignment-or-html-parsing
/syr/services/family-law,en,syr,service,Family Law in Syria,dated-observed-query-candidates,family and estate,"Monitor changes in purpose, services and observed searches; linked-page work remains separate",currently-reviewed-intents-complete-for-defined-page-purpose
/syr/services/family-law/alimony-and-child-maintenance,en,syr,legal matter,Alimony and child maintenance,no-direct-query-evidence-in-inputs,,Research same-language queries for this specific purpose; lack of evidence is not lack of demand,not-established-by-assignment-or-html-parsing
/syr/services/family-law/child-custody-and-visitation,en,syr,legal matter,Child custody and visitation,no-direct-query-evidence-in-inputs,,Research same-language queries for this specific purpose; lack of evidence is not lack of demand,not-established-by-assignment-or-html-parsing
/syr/services/family-law/child-relocation-and-travel-disputes,en,syr,legal matter,Child relocation and travel disputes,no-direct-query-evidence-in-inputs,,Research same-language queries for this specific purpose; lack of evidence is not lack of demand,not-established-by-assignment-or-html-parsing
/syr/services/family-law/divorce-and-separation,en,syr,legal matter,Divorce and separation,no-direct-query-evidence-in-inputs,,Research same-language queries for this specific purpose; lack of evidence is not lack of demand,not-established-by-assignment-or-html-parsing
/syr/services/family-law/family-status-document-or-civil-record-correction,en,syr,legal matter,Family-status document or civil-record correction,no-direct-query-evidence-in-inputs,,Research same-language queries for this specific purpose; lack of evidence is not lack of demand,not-established-by-assignment-or-html-parsing
/syr/services/family-law/inheritance-and-family-settlements,en,syr,legal matter,Inheritance and family settlements,no-direct-query-evidence-in-inputs,,Research same-language queries for this specific purpose; lack of evidence is not lack of demand,not-established-by-assignment-or-html-parsing
/syr/services/family-law/inheritance-document-and-civil-record-correction,en,syr,legal matter,Inheritance document and civil-record correction,no-direct-query-evidence-in-inputs,,Research same-language queries for this specific purpose; lack of evidence is not lack of demand,not-established-by-assignment-or-html-parsing
/syr/services/family-law/marriage-and-personal-status-disputes,en,syr,legal matter,Marriage and personal-status disputes,no-direct-query-evidence-in-inputs,,Research same-language queries for this specific purpose; lack of evidence is not lack of demand,not-established-by-assignment-or-html-parsing
/syr/services/family-law/marriage-registration-and-family-status-certificate-problem,en,syr,legal matter,Marriage registration and family-status certificate problem,no-direct-query-evidence-in-inputs,,Research same-language queries for this specific purpose; lack of evidence is not lack of demand,not-established-by-assignment-or-html-parsing
/syr/services/family-law/paternity-dispute,en,syr,legal matter,Paternity dispute,no-direct-query-evidence-in-inputs,,Research same-language queries for this specific purpose; lack of evidence is not lack of demand,not-established-by-assignment-or-html-parsing
/syr/services/family-law/recognition-and-enforcement-of-a-syrian-family-judgment,en,syr,legal matter,Recognition and enforcement of a Syrian family judgment,no-direct-query-evidence-in-inputs,,Research same-language queries for this specific purpose; lack of evidence is not lack of demand,not-established-by-assignment-or-html-parsing
/syr/services/family-law/recognition-of-foreign-family-judgments,en,syr,legal matter,Recognition of foreign family judgments,no-direct-query-evidence-in-inputs,,Research same-language queries for this specific purpose; lack of evidence is not lack of demand,not-established-by-assignment-or-html-parsing
/syr/services/family-law/visitation-order-enforcement,en,syr,legal matter,Visitation order enforcement,no-direct-query-evidence-in-inputs,,Research same-language queries for this specific purpose; lack of evidence is not lack of demand,not-established-by-assignment-or-html-parsing
/syr/services/family-law/will-validity-and-estate-distribution,en,syr,legal matter,Will validity and estate distribution,no-direct-query-evidence-in-inputs,,Research same-language queries for this specific purpose; lack of evidence is not lack of demand,not-established-by-assignment-or-html-parsing
/syr/services/foreign-investment,en,syr,service,Foreign Investment & Business Law in Syria,no-direct-query-evidence-in-inputs,,"Monitor changes in purpose, services and observed searches; linked-page work remains separate",currently-reviewed-intents-complete-for-defined-page-purpose
/syr/services/foreign-investment/cross-border-investment-payment-or-exit-dispute,en,syr,legal matter,Cross-border investment payment or exit dispute,no-direct-query-evidence-in-inputs,,Research same-language queries for this specific purpose; lack of evidence is not lack of demand,not-established-by-assignment-or-html-parsing
/syr/services/foreign-investment/foreign-investor-and-local-partner-dispute,en,syr,legal matter,Foreign investor and local-partner dispute,no-direct-query-evidence-in-inputs,,Research same-language queries for this specific purpose; lack of evidence is not lack of demand,not-established-by-assignment-or-html-parsing
/syr/services/foreign-investment/foreign-investor-compensation-claim,en,syr,legal matter,Foreign investor compensation claim,no-direct-query-evidence-in-inputs,,Research same-language queries for this specific purpose; lack of evidence is not lack of demand,not-established-by-assignment-or-html-parsing
/syr/services/foreign-investment/foreign-investor-licensing-and-registration-problem,en,syr,legal matter,Foreign-investor licensing and registration problem,no-direct-query-evidence-in-inputs,,Research same-language queries for this specific purpose; lack of evidence is not lack of demand,not-established-by-assignment-or-html-parsing
/syr/services/foreign-investment/foreign-owned-company-formation,en,syr,legal matter,Foreign-owned company formation,no-direct-query-evidence-in-inputs,,Research same-language queries for this specific purpose; lack of evidence is not lack of demand,not-established-by-assignment-or-html-parsing
/syr/services/foreign-investment/investment-and-business-licensing,en,syr,legal matter,Investment and business licensing,no-direct-query-evidence-in-inputs,,Research same-language queries for this specific purpose; lack of evidence is not lack of demand,not-established-by-assignment-or-html-parsing
/syr/services/foreign-investment/investment-licence-refusal-or-cancellation,en,syr,legal matter,Investment licence refusal or cancellation,no-direct-query-evidence-in-inputs,,Research same-language queries for this specific purpose; lack of evidence is not lack of demand,not-established-by-assignment-or-html-parsing
/syr/services/foreign-investment/investor-and-cross-border-disputes,en,syr,legal matter,Investor and cross-border disputes,no-direct-query-evidence-in-inputs,,Research same-language queries for this specific purpose; lack of evidence is not lack of demand,not-established-by-assignment-or-html-parsing
/syr/services/foreign-investment/market-entry-legal-structure,en,syr,legal matter,Market-entry legal structure,no-direct-query-evidence-in-inputs,,Research same-language queries for this specific purpose; lack of evidence is not lack of demand,not-established-by-assignment-or-html-parsing
/syr/services/foreign-investment/regulatory-compliance,en,syr,legal matter,Regulatory compliance,no-direct-query-evidence-in-inputs,,Research same-language queries for this specific purpose; lack of evidence is not lack of demand,not-established-by-assignment-or-html-parsing
/syr/services/insurance-law,en,syr,service,Insurance Law in Syria,dated-observed-query-candidates,auto insurance lawyer near me | car insurance lawyer | health insurance lawyer | insurance disputes lawyer | insurance lawyer | insurance regulatory lawyer,"Monitor changes in purpose, services and observed searches; linked-page work remains separate",currently-reviewed-intents-complete-for-defined-page-purpose
/syr/services/insurance-law/coverage-and-policy-interpretation,en,syr,legal matter,Coverage and policy interpretation,dated-observed-query-candidates,insurance coverage lawyer,Validate candidate queries against full answers and jurisdiction before editing,not-established-by-assignment-or-html-parsing
/syr/services/insurance-law/delayed-insurance-settlement,en,syr,legal matter,Delayed insurance settlement,no-direct-query-evidence-in-inputs,,Research same-language queries for this specific purpose; lack of evidence is not lack of demand,not-established-by-assignment-or-html-parsing
/syr/services/insurance-law/denied-insurance-claim,en,syr,legal matter,Denied insurance claim,no-direct-query-evidence-in-inputs,,Research same-language queries for this specific purpose; lack of evidence is not lack of demand,not-established-by-assignment-or-html-parsing
/syr/services/insurance-law/insurance-claim-dispute-with-a-syrian-insurer,en,syr,legal matter,Insurance claim dispute with a Syrian insurer,no-direct-query-evidence-in-inputs,,Research same-language queries for this specific purpose; lack of evidence is not lack of demand,not-established-by-assignment-or-html-parsing
/syr/services/insurance-law/insurer-and-broker-disputes,en,syr,legal matter,Insurer and broker disputes,no-direct-query-evidence-in-inputs,,Research same-language queries for this specific purpose; lack of evidence is not lack of demand,not-established-by-assignment-or-html-parsing
/syr/services/insurance-law/personal-injury-compensation-after-an-accident,en,syr,legal matter,Personal injury compensation for a non-traffic accident,no-direct-query-evidence-in-inputs,,Research same-language queries for this specific purpose; lack of evidence is not lack of demand,not-established-by-assignment-or-html-parsing
/syr/services/insurance-law/policy-coverage-dispute,en,syr,legal matter,Claim denial based on a policy exclusion,no-direct-query-evidence-in-inputs,,Research same-language queries for this specific purpose; lack of evidence is not lack of demand,not-established-by-assignment-or-html-parsing
/syr/services/insurance-law/traffic-accident-compensation-and-fault-dispute-in-syria,en,syr,legal matter,Traffic-accident compensation and fault dispute in Syria,no-direct-query-evidence-in-inputs,,Research same-language queries for this specific purpose; lack of evidence is not lack of demand,not-established-by-assignment-or-html-parsing
/syr/services/insurance-law/traffic-accident-compensation-and-liability-claim,en,syr,legal matter,Traffic accident compensation for personal injury and vehicle damage,no-direct-query-evidence-in-inputs,,Research same-language queries for this specific purpose; lack of evidence is not lack of demand,not-established-by-assignment-or-html-parsing
/syr/services/insurance-law/traffic-accident-liability-and-compensation,en,syr,legal matter,Traffic accident liability and compensation,no-direct-query-evidence-in-inputs,,Research same-language queries for this specific purpose; lack of evidence is not lack of demand,not-established-by-assignment-or-html-parsing
/syr/services/insurance-law/traffic-report-and-fault-dispute,en,syr,legal matter,Traffic report and fault dispute,no-direct-query-evidence-in-inputs,,Research same-language queries for this specific purpose; lack of evidence is not lack of demand,not-established-by-assignment-or-html-parsing
/syr/services/insurance-law/uninsured-accident-compensation-claim,en,syr,legal matter,Uninsured accident compensation claim,no-direct-query-evidence-in-inputs,,Research same-language queries for this specific purpose; lack of evidence is not lack of demand,not-established-by-assignment-or-html-parsing
/syr/services/intellectual-property,en,syr,service,Intellectual Property in Syria,no-direct-query-evidence-in-inputs,,"Monitor changes in purpose, services and observed searches; linked-page work remains separate",currently-reviewed-intents-complete-for-defined-page-purpose
/syr/services/intellectual-property/copyright-infringement-and-takedown-request,en,syr,legal matter,Copyright infringement and takedown request,no-direct-query-evidence-in-inputs,,Research same-language queries for this specific purpose; lack of evidence is not lack of demand,not-established-by-assignment-or-html-parsing
/syr/services/intellectual-property/copyright-infringement-online,en,syr,legal matter,Copyright infringement online,no-direct-query-evidence-in-inputs,,Research same-language queries for this specific purpose; lack of evidence is not lack of demand,not-established-by-assignment-or-html-parsing
/syr/services/intellectual-property/copyright-protection,en,syr,legal matter,Copyright protection,no-direct-query-evidence-in-inputs,,Research same-language queries for this specific purpose; lack of evidence is not lack of demand,not-established-by-assignment-or-html-parsing
/syr/services/intellectual-property/counterfeit-and-brand-infringement,en,syr,legal matter,Counterfeit and brand infringement,no-direct-query-evidence-in-inputs,,Research same-language queries for this specific purpose; lack of evidence is not lack of demand,not-established-by-assignment-or-html-parsing
/syr/services/intellectual-property/infringement-and-counterfeit-claims,en,syr,legal matter,Infringement and counterfeit claims,no-direct-query-evidence-in-inputs,,Research same-language queries for this specific purpose; lack of evidence is not lack of demand,not-established-by-assignment-or-html-parsing
/syr/services/intellectual-property/patent-and-licensing-matters,en,syr,legal matter,Patent and licensing matters,no-direct-query-evidence-in-inputs,,Research same-language queries for this specific purpose; lack of evidence is not lack of demand,not-established-by-assignment-or-html-parsing
/syr/services/intellectual-property/trade-secret-protection,en,syr,legal matter,Trade-secret protection,no-direct-query-evidence-in-inputs,,Research same-language queries for this specific purpose; lack of evidence is not lack of demand,not-established-by-assignment-or-html-parsing
/syr/services/intellectual-property/trademark-opposition-and-cancellation,en,syr,legal matter,Trademark opposition and cancellation,no-direct-query-evidence-in-inputs,,Research same-language queries for this specific purpose; lack of evidence is not lack of demand,not-established-by-assignment-or-html-parsing
/syr/services/intellectual-property/trademark-registration-and-disputes,en,syr,legal matter,Trademark registration and disputes,no-direct-query-evidence-in-inputs,,Research same-language queries for this specific purpose; lack of evidence is not lack of demand,not-established-by-assignment-or-html-parsing
/syr/services/intellectual-property/trademark-registration-or-opposition-in-syria,en,syr,legal matter,Trademark registration or opposition in Syria,no-direct-query-evidence-in-inputs,,Research same-language queries for this specific purpose; lack of evidence is not lack of demand,not-established-by-assignment-or-html-parsing
/syr/services/medical-malpractice,en,syr,service,Medical Malpractice & Healthcare Law in Syria,dated-observed-query-candidates,healthcare lawyer | lawyer medical negligence | medical injury lawyer | medical law attorney | medical legal consultant | medical liability attorneys | medical malpractice lawyer | medical malpractice lawyers near me,"Monitor changes in purpose, services and observed searches; linked-page work remains separate",currently-reviewed-intents-complete-for-defined-page-purpose
/syr/services/medical-malpractice/compensation-and-professional-liability-disputes,en,syr,legal matter,Compensation and professional-liability disputes,no-direct-query-evidence-in-inputs,,Research same-language queries for this specific purpose; lack of evidence is not lack of demand,not-established-by-assignment-or-html-parsing
/syr/services/medical-malpractice/medical-negligence-claims,en,syr,legal matter,Medical negligence claims,no-direct-query-evidence-in-inputs,,Research same-language queries for this specific purpose; lack of evidence is not lack of demand,not-established-by-assignment-or-html-parsing
/syr/services/medical-malpractice/medical-negligence-complaint-and-compensation-in-syria,en,syr,legal matter,Medical negligence complaint and compensation in Syria,no-direct-query-evidence-in-inputs,,Research same-language queries for this specific purpose; lack of evidence is not lack of demand,not-established-by-assignment-or-html-parsing
/syr/services/medical-malpractice/medical-record-access-and-expert-evidence-dispute,en,syr,legal matter,Challenge to an adverse medical expert report,no-direct-query-evidence-in-inputs,,Research same-language queries for this specific purpose; lack of evidence is not lack of demand,not-established-by-assignment-or-html-parsing
/syr/services/medical-malpractice/medical-record-access-dispute,en,syr,legal matter,Medical-record access dispute,no-direct-query-evidence-in-inputs,,Research same-language queries for this specific purpose; lack of evidence is not lack of demand,not-established-by-assignment-or-html-parsing
/syr/services/medical-malpractice/medical-record-review,en,syr,legal matter,Medical-record review,no-direct-query-evidence-in-inputs,,Research same-language queries for this specific purpose; lack of evidence is not lack of demand,not-established-by-assignment-or-html-parsing
/syr/services/medical-malpractice/misdiagnosis-and-delayed-diagnosis,en,syr,legal matter,Misdiagnosis and delayed diagnosis,no-direct-query-evidence-in-inputs,,Research same-language queries for this specific purpose; lack of evidence is not lack of demand,not-established-by-assignment-or-html-parsing
/syr/services/medical-malpractice/surgical-and-treatment-errors,en,syr,legal matter,Surgical and treatment errors,no-direct-query-evidence-in-inputs,,Research same-language queries for this specific purpose; lack of evidence is not lack of demand,not-established-by-assignment-or-html-parsing
/syr/services/medical-malpractice/treatment-injury-and-compensation-claim,en,syr,legal matter,Treatment injury and compensation claim,no-direct-query-evidence-in-inputs,,Research same-language queries for this specific purpose; lack of evidence is not lack of demand,not-established-by-assignment-or-html-parsing
/syr/services/real-estate,en,syr,service,Property Law in Syria,dated-observed-query-candidates,construction lawyer | land law lawyers | property dispute | real estate legal services,"Monitor changes in purpose, services and observed searches; linked-page work remains separate",currently-reviewed-intents-complete-for-defined-page-purpose
/syr/services/real-estate/construction-and-contractor-claims,en,syr,legal matter,Construction and contractor claims,no-direct-query-evidence-in-inputs,,Research same-language queries for this specific purpose; lack of evidence is not lack of demand,not-established-by-assignment-or-html-parsing
/syr/services/real-estate/construction-delay-and-defective-construction,en,syr,legal matter,Construction delay and defective construction,no-direct-query-evidence-in-inputs,,Research same-language queries for this specific purpose; lack of evidence is not lack of demand,not-established-by-assignment-or-html-parsing
/syr/services/real-estate/eviction-notice-and-eviction-dispute,en,syr,legal matter,Eviction notice and eviction dispute,no-direct-query-evidence-in-inputs,,Research same-language queries for this specific purpose; lack of evidence is not lack of demand,not-established-by-assignment-or-html-parsing
/syr/services/real-estate/expropriation-and-compensation-claim,en,syr,legal matter,Expropriation and compensation claim,no-direct-query-evidence-in-inputs,,Research same-language queries for this specific purpose; lack of evidence is not lack of demand,not-established-by-assignment-or-html-parsing
/syr/services/real-estate/land-registry-and-title-record-correction,en,syr,legal matter,Land-registry and title-record correction,no-direct-query-evidence-in-inputs,,Research same-language queries for this specific purpose; lack of evidence is not lack of demand,not-established-by-assignment-or-html-parsing
/syr/services/real-estate/landlord-or-tenant-notice-and-settlement-problem,en,syr,legal matter,Landlord or tenant notice and settlement problem,no-direct-query-evidence-in-inputs,,Research same-language queries for this specific purpose; lack of evidence is not lack of demand,not-established-by-assignment-or-html-parsing
/syr/services/real-estate/lease-and-eviction-matters,en,syr,legal matter,Lease and eviction matters,no-direct-query-evidence-in-inputs,,Research same-language queries for this specific purpose; lack of evidence is not lack of demand,not-established-by-assignment-or-html-parsing
/syr/services/real-estate/property-encroachment-and-boundary-dispute,en,syr,legal matter,Property encroachment and boundary dispute,no-direct-query-evidence-in-inputs,,Research same-language queries for this specific purpose; lack of evidence is not lack of demand,not-established-by-assignment-or-html-parsing
/syr/services/real-estate/property-ownership-disputes,en,syr,legal matter,Property ownership disputes,no-direct-query-evidence-in-inputs,,Research same-language queries for this specific purpose; lack of evidence is not lack of demand,not-established-by-assignment-or-html-parsing
/syr/services/real-estate/property-possession-and-handover-dispute,en,syr,legal matter,Property possession and handover dispute,no-direct-query-evidence-in-inputs,,Research same-language queries for this specific purpose; lack of evidence is not lack of demand,not-established-by-assignment-or-html-parsing
/syr/services/real-estate/property-service-charge-and-maintenance-dispute,en,syr,legal matter,Shared-building expenses and maintenance dispute,no-direct-query-evidence-in-inputs,,Research same-language queries for this specific purpose; lack of evidence is not lack of demand,not-established-by-assignment-or-html-parsing
/syr/services/real-estate/registration-and-title-problems,en,syr,legal matter,Registration and title problems,no-direct-query-evidence-in-inputs,,Research same-language queries for this specific purpose; lack of evidence is not lack of demand,not-established-by-assignment-or-html-parsing
/syr/services/real-estate/sale-and-purchase-contract-disputes,en,syr,legal matter,Sale and purchase contract disputes,no-direct-query-evidence-in-inputs,,Research same-language queries for this specific purpose; lack of evidence is not lack of demand,not-established-by-assignment-or-html-parsing
/syr/services/real-estate/security-deposit-recovery,en,syr,legal matter,Security deposit recovery,no-direct-query-evidence-in-inputs,,Research same-language queries for this specific purpose; lack of evidence is not lack of demand,not-established-by-assignment-or-html-parsing
/syr/services/real-estate/title-deed-and-registration-dispute,en,syr,legal matter,Title deed and registration dispute,no-direct-query-evidence-in-inputs,,Research same-language queries for this specific purpose; lack of evidence is not lack of demand,not-established-by-assignment-or-html-parsing
/syr/services/real-estate/unpaid-rent-and-rental-payment-claim,en,syr,legal matter,Unpaid rent and rental payment claim,no-direct-query-evidence-in-inputs,,Research same-language queries for this specific purpose; lack of evidence is not lack of demand,not-established-by-assignment-or-html-parsing
/syr/services/tax-zakat,en,syr,service,Tax & Customs in Syria,dated-observed-query-candidates,tax and legal services | tax attorney | tax attorneys | tax lawyer,"Monitor changes in purpose, services and observed searches; linked-page work remains separate",currently-reviewed-intents-complete-for-defined-page-purpose
/syr/services/tax-zakat/business-tax-compliance,en,syr,legal matter,Business tax compliance,no-direct-query-evidence-in-inputs,,Research same-language queries for this specific purpose; lack of evidence is not lack of demand,not-established-by-assignment-or-html-parsing
/syr/services/tax-zakat/corporate-tax-registration-and-filing-problem,en,syr,legal matter,Corporate-tax registration and filing problem,no-direct-query-evidence-in-inputs,,Research same-language queries for this specific purpose; lack of evidence is not lack of demand,not-established-by-assignment-or-html-parsing
/syr/services/tax-zakat/customs-penalty-challenge,en,syr,legal matter,Customs penalty challenge,no-direct-query-evidence-in-inputs,,Research same-language queries for this specific purpose; lack of evidence is not lack of demand,not-established-by-assignment-or-html-parsing
/syr/services/tax-zakat/customs-valuation-or-penalty-dispute,en,syr,legal matter,Customs valuation or penalty dispute,no-direct-query-evidence-in-inputs,,Research same-language queries for this specific purpose; lack of evidence is not lack of demand,not-established-by-assignment-or-html-parsing
/syr/services/tax-zakat/objections-and-appeals,en,syr,legal matter,Objections and appeals,no-direct-query-evidence-in-inputs,,Research same-language queries for this specific purpose; lack of evidence is not lack of demand,not-established-by-assignment-or-html-parsing
/syr/services/tax-zakat/syrian-tax-assessment-and-objection,en,syr,legal matter,Syrian tax assessment and objection,no-direct-query-evidence-in-inputs,,Research same-language queries for this specific purpose; lack of evidence is not lack of demand,not-established-by-assignment-or-html-parsing
/syr/services/tax-zakat/tax-and-zakat-assessments,en,syr,legal matter,Tax jurisdiction and assessment review,no-direct-query-evidence-in-inputs,,Research same-language queries for this specific purpose; lack of evidence is not lack of demand,not-established-by-assignment-or-html-parsing
/syr/services/tax-zakat/tax-audit-and-assessment-objection,en,syr,legal matter,Tax audit and assessment objection,no-direct-query-evidence-in-inputs,,Research same-language queries for this specific purpose; lack of evidence is not lack of demand,not-established-by-assignment-or-html-parsing
/syr/services/tax-zakat/tax-penalties-and-disputes,en,syr,legal matter,Tax penalties and disputes,no-direct-query-evidence-in-inputs,,Research same-language queries for this specific purpose; lack of evidence is not lack of demand,not-established-by-assignment-or-html-parsing
/syr/services/tax-zakat/vat-and-customs-issues,en,syr,legal matter,Cross-border transaction taxes and customs,no-direct-query-evidence-in-inputs,,Research same-language queries for this specific purpose; lack of evidence is not lack of demand,not-established-by-assignment-or-html-parsing
/syr/services/tax-zakat/vat-invoice-and-tax-correction-dispute,en,syr,legal matter,Foreign VAT invoice correction for a Syrian transaction,no-direct-query-evidence-in-inputs,,Research same-language queries for this specific purpose; lack of evidence is not lack of demand,not-established-by-assignment-or-html-parsing
/syr/services/tax-zakat/vat-refund-and-registration-dispute,en,syr,legal matter,Foreign VAT registration or refund affecting a Syrian business,no-direct-query-evidence-in-inputs,,Research same-language queries for this specific purpose; lack of evidence is not lack of demand,not-established-by-assignment-or-html-parsing
/syr/terms-of-service,en,syr,shared or regional page,Terms of Service,no-direct-query-evidence-in-inputs,,Research same-language queries for this specific purpose; lack of evidence is not lack of demand,not-established-by-assignment-or-html-parsing
/syr/vision,en,syr,shared or regional page,"Law—closer, clearer, and more trustworthy",no-direct-query-evidence-in-inputs,,Research same-language queries for this specific purpose; lack of evidence is not lack of demand,not-established-by-assignment-or-html-parsing
/uae,en,uae,shared or regional page,Online Legal Consultation for the UAE — Focused & Structured.,no-direct-query-evidence-in-inputs,,Research same-language queries for this specific purpose; lack of evidence is not lack of demand,not-established-by-assignment-or-html-parsing
/uae/about,en,uae,shared or regional page,Online Legal Guidance for UAE Matters,no-direct-query-evidence-in-inputs,,Research same-language queries for this specific purpose; lack of evidence is not lack of demand,not-established-by-assignment-or-html-parsing
/uae/ar,ar,uae,shared or regional page,استشارة قانونية أونلاين للإمارات العربية المتحدة — مركزة ومنظمة.,keyword-export-candidates,استشارات قانونية | استشارات قانونية 24 ساعة | استشارات قانونية اونلاين | استشارة قانونية | استشارة قانونية فورية | استشارة قانونية مكتوبة | استشارة محامي | استشاره قانونيه محامي | استشاره محامي قانوني | الإستشارات القانونية | الإستشارة القانونية | الاستشارات القانونية | الاستشارات القانونيه | الاستشاره القانونيه | الاعمال القانونية | التحليل القانوني | الخبرة للاستشارات القانونية | الخدمات القانونية | المحامي الإلكتروني | المحامي القانوني | المحامي والمستشار القانوني | المسألة القانونية | المسائل القانونية | المستندات القانونية | المشورة القانونية | تحليل استشارة قانونية | تقديم الاستشارات القانونية | خدمات المحامي | خدمات قانونية | دور المستشار القانوني | شركات قانونية | شركة استشارات قانونية | شركة المحامي | شركة قانونية | شركة محاماة | شركة محاماة واستشارات قانونية | قانون محاماة | للاستشارات القانونية | للاستشارات القانونية والمحاماة | محام عربي | محامي إلكتروني | محامي استشارات | محامي استشارة | محامي استشارة قانونية | محامي استشاره | محامي الكتروني | محامي حقوقي | محامي قانون | محامي قانوني | محامي للاستشارات القانونيه | محامي للاستشاره | محامي متعاون | محامين للاستشارات القانونية | مركز الاستشارات القانونية | مسألة قانونية | مسالة قانونية | معلومات المحامي | معلومات عن المحاماه | مكتب استشارات قانونية | مكتب استشارات قانونيه | مكتب الاستشارات القانونية | مكتب الاستشارة القانونية | مكتب المستشار القانوني | مكتب للاستشارات القانونية | مكتب محاماة | مكتب محاماة للاستشارات القانونية | مكتب محامي | منصات قانونية | منصة استشارات قانونية | منصة الاستشارات القانونية | منصة قانونية | منصة محامي | موقع استشارات قانونيه | موقع للاستشارات القانونية | موقع مكتب محاماة,Validate candidate queries against full answers and jurisdiction before editing,not-established-by-assignment-or-html-parsing
/uae/ar/about,ar,uae,shared or regional page,إرشاد قانوني أونلاين للمسائل الإماراتية,no-direct-query-evidence-in-inputs,,Research same-language queries for this specific purpose; lack of evidence is not lack of demand,not-established-by-assignment-or-html-parsing
/uae/ar/contact,ar,uae,shared or regional page,ابدأ استشارتك الإماراتية,dated-observed-query-candidates,احتاج محامي | ارقام محامين استشارات قانونيه | اريد استشارة قانونية | اريد استشارة محامي | استشارة قانونية اون لاين | استشارة قانونية نموذج | استشر محامي | اقوى محامي | التحقق من محامي | التواصل مع محامي | تقديم استشارة قانونية | تكليف محامي | خطوات الاستشارة القانونية | رقم الاستشارات القانونية | رقم محامي قانوني | شروط الاستشارة القانونية | طريقة الاستشارة القانونية | طريقة كتابة استشارة قانونية | طلب استشارة | طلب استشارة قانونية | طلب محامي | عرض تقديم خدمات قانونية | عرض خدمات قانونية | قيمة الاستشارة القانونية | كتابة استشارة قانونية | كيفية التواصل | كيفية كتابة استشارة قانونية | محامي مرخص | نموذج استشارة قانونية | نموذج الاستشارة القانونية | نموذج تقديم استشارة قانونية | نموذج طلب استشارة قانونية | نموذج عرض تقديم خدمات قانونية | نموذج عرض خدمات قانونية | نموذج عن استشارة قانونية,Validate candidate queries against full answers and jurisdiction before editing,not-established-by-assignment-or-html-parsing
/uae/ar/privacy-policy,ar,uae,shared or regional page,سياسة الخصوصية,no-direct-query-evidence-in-inputs,,Research same-language queries for this specific purpose; lack of evidence is not lack of demand,not-established-by-assignment-or-html-parsing
/uae/ar/services,ar,uae,shared or regional page,22 مجالاً قانونياً في الإمارات,no-direct-query-evidence-in-inputs,,"Monitor changes in purpose, services and observed searches; linked-page work remains separate",currently-reviewed-intents-complete-for-defined-page-purpose
/uae/ar/services/administrative-regulatory,ar,uae,service,القانون الإداري والتنظيمي في الإمارات العربية المتحدة,keyword-export-candidates,فسخ العقد الاداري,"Monitor changes in purpose, services and observed searches; linked-page work remains separate",currently-reviewed-intents-complete-for-defined-page-purpose
/uae/ar/services/administrative-regulatory/government-penalty-challenge,ar,uae,legal matter,الطعن في الغرامة الحكومية,no-direct-query-evidence-in-inputs,,Research same-language queries for this specific purpose; lack of evidence is not lack of demand,not-established-by-assignment-or-html-parsing
/uae/ar/services/administrative-regulatory/licence-refusal-or-cancellation,ar,uae,legal matter,رفض أو إلغاء الترخيص,no-direct-query-evidence-in-inputs,,Research same-language queries for this specific purpose; lack of evidence is not lack of demand,not-established-by-assignment-or-html-parsing
/uae/ar/services/administrative-regulatory/public-procurement-dispute,ar,uae,legal matter,منازعة المشتريات العامة,no-direct-query-evidence-in-inputs,,Research same-language queries for this specific purpose; lack of evidence is not lack of demand,not-established-by-assignment-or-html-parsing
/uae/ar/services/arbitration-mediation,ar,uae,service,التحكيم والوساطة في الإمارات العربية المتحدة,no-direct-query-evidence-in-inputs,,"Monitor changes in purpose, services and observed searches; linked-page work remains separate",currently-reviewed-intents-complete-for-defined-page-purpose
/uae/ar/services/arbitration-mediation/challenge-to-arbitration-jurisdiction,ar,uae,legal matter,الطعن في اختصاص هيئة التحكيم,no-direct-query-evidence-in-inputs,,Research same-language queries for this specific purpose; lack of evidence is not lack of demand,not-established-by-assignment-or-html-parsing
/uae/ar/services/arbitration-mediation/emergency-arbitration-and-interim-measures,ar,uae,legal matter,التحكيم الطارئ والتدابير المؤقتة,no-direct-query-evidence-in-inputs,,Research same-language queries for this specific purpose; lack of evidence is not lack of demand,not-established-by-assignment-or-html-parsing
/uae/ar/services/arbitration-mediation/foreign-arbitral-award-enforcement,ar,uae,legal matter,تنفيذ حكم التحكيم الأجنبي,no-direct-query-evidence-in-inputs,,Research same-language queries for this specific purpose; lack of evidence is not lack of demand,not-established-by-assignment-or-html-parsing
/uae/ar/services/banking-finance,ar,uae,service,البنوك والتمويل والتنظيم المالي في الإمارات العربية المتحدة,keyword-export-candidates,المحامي المصرفي | قضايا البنوك | محامي البنوك | محامي بنوك | محامي ضد البنوك | محامي مالي | محامي ماليه,"Monitor changes in purpose, services and observed searches; linked-page work remains separate",currently-reviewed-intents-complete-for-defined-page-purpose
/uae/ar/services/banking-finance/loan-default-and-restructuring,ar,uae,legal matter,التعثر في سداد القرض وإعادة الهيكلة,no-direct-query-evidence-in-inputs,,Research same-language queries for this specific purpose; lack of evidence is not lack of demand,not-established-by-assignment-or-html-parsing
/uae/ar/services/banking-finance/personal-guarantee-enforcement,ar,uae,legal matter,تنفيذ الكفالة الشخصية,no-direct-query-evidence-in-inputs,,Research same-language queries for this specific purpose; lack of evidence is not lack of demand,not-established-by-assignment-or-html-parsing
/uae/ar/services/banking-finance/unauthorized-bank-transaction,ar,uae,legal matter,المعاملة المصرفية غير المصرح بها,no-direct-query-evidence-in-inputs,,Research same-language queries for this specific purpose; lack of evidence is not lack of demand,not-established-by-assignment-or-html-parsing
/uae/ar/services/commercial-contracts,ar,uae,service,العقود التجارية في الإمارات العربية المتحدة,dated-observed-query-candidates,اتفاقية بيع | اتفاقية تسوية | التعويض في حال فسخ العقد | الشرط الجزائي | العقود التجارية | العقود التجاريه | العقود القانونية | الفرق بين العقود التجارية والعقود المدنية | المسؤولية القانونية للمحامي | تدقيق العقود | تعويض فسخ العقد | تقادم دعوى فسخ عقد البيع | توقيع العقد | توقيع العقد الالكتروني | خدمات العقود | دعوى فسخ عقد | رفض دعوى فسخ عقد بيع | شروط الخدمة | صيغة الشرط الجزائي في العقود | صيغة دعوى فسخ عقد بيع مع التعويض | صيغة عقد فسخ عقد بيع | طريقة فسخ العقد | عدم التوقيع على العقد | عقد إدارة | عقد استشارات قانونية | عقد استشارات مالية | عقد استشارة | عقد استشارة قانونية | عقد بيع | عقد تجاري | عقد تقديم استشارات قانونية | عقد تقديم خدمات قانونية | عقد خدمات قانونية | عقد شركة محاماة | عقد محاماة | عقد محامي | عقد محامي مع عميل | عقود الامتياز التجاري | عقود تجارية | عقود قانونية | فسخ العقد | فسخ العقد مع التعويض | فسخ العقود | فسخ العقود التجارية | فسخ عقد | فسخ عقد محامي | قانون العقود التجارية | قضية فسخ عقد | ما هو الشرط الجزائي | ماهو الامتياز التجاري | محامي عقود | محامي عقود تجارية | محامي عقود شركات | محضر بيع | مراجعة العقود | مراجعة عقود | منازعات العقود التجارية | نظام إدارة الامتياز التجاري (فرنشايز) | نموذج بيع | نموذج عقد استشارات قانونية | نموذج عقد البيع | نموذج عقد الكتروني | نموذج عقد بيع | نموذج فسخ عقد مع محامي,"Monitor changes in purpose, services and observed searches; linked-page work remains separate",currently-reviewed-intents-complete-for-defined-page-purpose
/uae/ar/services/commercial-contracts/consumer-refund-and-purchase-cancellation-dispute,ar,uae,legal matter,منازعة استرداد قيمة الشراء وإلغاء المعاملة,no-direct-query-evidence-in-inputs,,Research same-language queries for this specific purpose; lack of evidence is not lack of demand,not-established-by-assignment-or-html-parsing
/uae/ar/services/commercial-contracts/contract-evidence-and-electronic-messages,ar,uae,legal matter,إثبات العقد والرسائل الإلكترونية,no-direct-query-evidence-in-inputs,,Research same-language queries for this specific purpose; lack of evidence is not lack of demand,not-established-by-assignment-or-html-parsing
/uae/ar/services/commercial-contracts/defective-goods-and-non-conforming-delivery,ar,uae,legal matter,عيوب البضائع وعدم مطابقة التسليم,no-direct-query-evidence-in-inputs,,Research same-language queries for this specific purpose; lack of evidence is not lack of demand,not-established-by-assignment-or-html-parsing
/uae/ar/services/commercial-contracts/defective-product-and-consumer-compensation-claim,ar,uae,legal matter,المنتج المعيب ومطالبة المستهلك بالتعويض,no-direct-query-evidence-in-inputs,,Research same-language queries for this specific purpose; lack of evidence is not lack of demand,not-established-by-assignment-or-html-parsing
/uae/ar/services/commercial-contracts/document-attestation-and-legalisation-problem,ar,uae,legal matter,مشكلة تصديق المستند وإضفاء الصفة القانونية,no-direct-query-evidence-in-inputs,,Research same-language queries for this specific purpose; lack of evidence is not lack of demand,not-established-by-assignment-or-html-parsing
/uae/ar/services/commercial-contracts/legal-notice-and-demand-letter-drafting,ar,uae,legal matter,صياغة الإنذار والمطالبة القانونية,no-direct-query-evidence-in-inputs,,Research same-language queries for this specific purpose; lack of evidence is not lack of demand,not-established-by-assignment-or-html-parsing
/uae/ar/services/commercial-contracts/power-of-attorney-drafting-and-authority-problem,ar,uae,legal matter,صياغة الوكالة ومشكلة حدود الصلاحية,no-direct-query-evidence-in-inputs,,Research same-language queries for this specific purpose; lack of evidence is not lack of demand,not-established-by-assignment-or-html-parsing
/uae/ar/services/commercial-contracts/service-agreement-breach,ar,uae,legal matter,الإخلال بعقد الخدمات,no-direct-query-evidence-in-inputs,,Research same-language queries for this specific purpose; lack of evidence is not lack of demand,not-established-by-assignment-or-html-parsing
/uae/ar/services/commercial-contracts/supply-contract-non-delivery,ar,uae,legal matter,عدم التسليم في عقد التوريد,no-direct-query-evidence-in-inputs,,Research same-language queries for this specific purpose; lack of evidence is not lack of demand,not-established-by-assignment-or-html-parsing
/uae/ar/services/commercial-contracts/unpaid-business-invoice,ar,uae,legal matter,الفاتورة التجارية غير المدفوعة,no-direct-query-evidence-in-inputs,,Research same-language queries for this specific purpose; lack of evidence is not lack of demand,not-established-by-assignment-or-html-parsing
/uae/ar/services/commercial-contracts/unpaid-professional-fees-and-service-invoice-dispute,ar,uae,legal matter,منازعة أتعاب المهنة والفاتورة الخدمية غير المدفوعة,no-direct-query-evidence-in-inputs,,Research same-language queries for this specific purpose; lack of evidence is not lack of demand,not-established-by-assignment-or-html-parsing
/uae/ar/services/consumer-ecommerce,ar,uae,service,حماية المستهلك والتجارة الإلكترونية والأعمال الرقمية في الإمارات العربية المتحدة,no-direct-query-evidence-in-inputs,,"Monitor changes in purpose, services and observed searches; linked-page work remains separate",currently-reviewed-intents-complete-for-defined-page-purpose
/uae/ar/services/consumer-ecommerce/defective-product-and-consumer-claim,ar,uae,legal matter,المنتج المعيب ومطالبة المستهلك,no-direct-query-evidence-in-inputs,,"Monitor changes in purpose, services and observed searches; linked-page work remains separate",currently-reviewed-intents-complete-for-defined-page-purpose
/uae/ar/services/consumer-ecommerce/e-commerce-platform-account-dispute,ar,uae,legal matter,منازعة حساب منصة التجارة الإلكترونية,no-direct-query-evidence-in-inputs,,Research same-language queries for this specific purpose; lack of evidence is not lack of demand,not-established-by-assignment-or-html-parsing
/uae/ar/services/consumer-ecommerce/online-purchase-refund-dispute,ar,uae,legal matter,منازعة استرداد قيمة الشراء الإلكتروني,no-direct-query-evidence-in-inputs,,Research same-language queries for this specific purpose; lack of evidence is not lack of demand,not-established-by-assignment-or-html-parsing
/uae/ar/services/corporate-commercial,ar,uae,service,تأسيس الشركات وقانون الشركات التجارية في الإمارات العربية المتحدة,keyword-export-candidates,استشارات قانونية تجارية | الخدمات القانونية للشركات | النزاعات التجارية | دعوى تجارية | دور المستشار القانوني في الشركة | عقد امتياز | قضية تجارية | محامى الشركات | محامي الشركات | محامي تجاري | محامي تسجيل شركات | محامي شركة | محامي قانون تجاري | محامي قضايا تجارية | منازعات الشركات التجارية | نموذج استشارة قانونية تجارية | نموذج عقد الامتياز التجاري | نموذج عقد امتياز تجاري,"Monitor changes in purpose, services and observed searches; linked-page work remains separate",currently-reviewed-intents-complete-for-defined-page-purpose
/uae/ar/services/corporate-commercial/company-dissolution-and-liquidation-dispute,ar,uae,legal matter,منازعة حل الشركة وتصفيتها,no-direct-query-evidence-in-inputs,,Research same-language queries for this specific purpose; lack of evidence is not lack of demand,not-established-by-assignment-or-html-parsing
/uae/ar/services/corporate-commercial/company-formation-and-registration-problem,ar,uae,legal matter,مشكلة تأسيس الشركة وتسجيلها,no-direct-query-evidence-in-inputs,,Research same-language queries for this specific purpose; lack of evidence is not lack of demand,not-established-by-assignment-or-html-parsing
/uae/ar/services/corporate-commercial/director-and-manager-liability,ar,uae,legal matter,مسؤولية المدير وعضو مجلس الإدارة,no-direct-query-evidence-in-inputs,,Research same-language queries for this specific purpose; lack of evidence is not lack of demand,not-established-by-assignment-or-html-parsing
/uae/ar/services/corporate-commercial/shareholder-exit-and-buyout-dispute,ar,uae,legal matter,خروج المساهم أو الشريك ومنازعة شراء الحصة,no-direct-query-evidence-in-inputs,,Research same-language queries for this specific purpose; lack of evidence is not lack of demand,not-established-by-assignment-or-html-parsing
/uae/ar/services/criminal-investigations,ar,uae,service,القانون الجزائي والتحقيقات والإجراءات في الإمارات العربية المتحدة,dated-observed-query-candidates,انتحال شخصية محامي | قضايا الاحتيال | محامي احتيال | منع السفر | منع السفر الامارات,"Monitor changes in purpose, services and observed searches; linked-page work remains separate",currently-reviewed-intents-complete-for-defined-page-purpose
/uae/ar/services/criminal-investigations/fraud-and-breach-of-trust-accusation,ar,uae,legal matter,اتهام بالاحتيال أو خيانة الأمانة,no-direct-query-evidence-in-inputs,,Research same-language queries for this specific purpose; lack of evidence is not lack of demand,not-established-by-assignment-or-html-parsing
/uae/ar/services/criminal-investigations/police-complaint-defence,ar,uae,legal matter,الدفاع في الشكوى أمام الشرطة,no-direct-query-evidence-in-inputs,,Research same-language queries for this specific purpose; lack of evidence is not lack of demand,not-established-by-assignment-or-html-parsing
/uae/ar/services/criminal-investigations/travel-ban-and-detention-concern,ar,uae,legal matter,مشكلة منع السفر أو التوقيف,no-direct-query-evidence-in-inputs,,Research same-language queries for this specific purpose; lack of evidence is not lack of demand,not-established-by-assignment-or-html-parsing
/uae/ar/services/employment-labour,ar,uae,service,علاقات العمل والتوظيف في الإمارات العربية المتحدة,dated-observed-query-candidates,استشارة قانونية في قانون الشغل | استشارة مكتب العمل | عقوبة حجز جواز السفر في الإمارات | ما هي المحكمة العمالية | مباشرة العمل بعد توقيع العقد | محامي عمالة | محامي عمل | محامي عمل وعمال | محامي قانون العمل | محامي مكتب العمل,"Monitor changes in purpose, services and observed searches; linked-page work remains separate",currently-reviewed-intents-complete-for-defined-page-purpose
/uae/ar/services/employment-labour/commission-and-bonus-payment-dispute,ar,uae,legal matter,منازعة صرف العمولة والمكافأة,no-direct-query-evidence-in-inputs,,Research same-language queries for this specific purpose; lack of evidence is not lack of demand,not-established-by-assignment-or-html-parsing
/uae/ar/services/employment-labour/delayed-or-unpaid-salary,ar,uae,legal matter,تأخر الراتب أو عدم دفعه,no-direct-query-evidence-in-inputs,,Research same-language queries for this specific purpose; lack of evidence is not lack of demand,not-established-by-assignment-or-html-parsing
/uae/ar/services/employment-labour/disciplinary-warning-and-workplace-investigation,ar,uae,legal matter,الإنذار التأديبي والتحقيق في مكان العمل,no-direct-query-evidence-in-inputs,,Research same-language queries for this specific purpose; lack of evidence is not lack of demand,not-established-by-assignment-or-html-parsing
/uae/ar/services/employment-labour/end-of-service-benefits-and-final-settlement-dispute,ar,uae,legal matter,منازعة مكافأة نهاية الخدمة والتسوية النهائية,no-direct-query-evidence-in-inputs,,Research same-language queries for this specific purpose; lack of evidence is not lack of demand,not-established-by-assignment-or-html-parsing
/uae/ar/services/employment-labour/experience-certificate-and-work-permit-dispute,ar,uae,legal matter,منازعة شهادة الخبرة وتصريح العمل,no-direct-query-evidence-in-inputs,,Research same-language queries for this specific purpose; lack of evidence is not lack of demand,not-established-by-assignment-or-html-parsing
/uae/ar/services/employment-labour/resignation-because-of-unpaid-wages,ar,uae,legal matter,الاستقالة بسبب عدم دفع الأجور,no-direct-query-evidence-in-inputs,,Research same-language queries for this specific purpose; lack of evidence is not lack of demand,not-established-by-assignment-or-html-parsing
/uae/ar/services/employment-labour/sponsorship-and-work-permit-transfer-dispute,ar,uae,legal matter,منازعة نقل الكفالة وتصريح العمل,no-direct-query-evidence-in-inputs,,Research same-language queries for this specific purpose; lack of evidence is not lack of demand,not-established-by-assignment-or-html-parsing
/uae/ar/services/employment-labour/work-injury-and-compensation-claim,ar,uae,legal matter,إصابة العمل ومطالبة التعويض,no-direct-query-evidence-in-inputs,,Research same-language queries for this specific purpose; lack of evidence is not lack of demand,not-established-by-assignment-or-html-parsing
/uae/ar/services/employment-labour/wrongful-termination-and-labour-complaint,ar,uae,legal matter,الفصل التعسفي والشكوى العمالية,dated-observed-query-candidates,فصل تعسفي,Validate candidate queries against full answers and jurisdiction before editing,not-established-by-assignment-or-html-parsing
/uae/ar/services/enforcement-debt-recovery,ar,uae,service,التنفيذ وتحصيل الديون في الإمارات العربية المتحدة,keyword-export-candidates,الاعتراض على أمر تنفيذ سند لأمر | الاعتراض على تنفيذ سند لأمر | الاعتراض على حكم محكمة التنفيذ | الاعتراض على سند لأمر | التوقيع على سند لامر | المطالبات المالية في المحاكم | دعوى المطالبة المالية | دعوى مطالبة مالية | رفع مطالبة مالية | طريقة الاعتراض على سند لامر | قضايا المطالبات المالية | قضية مطالبة مالية | محامي سند لأمر | محامي محكمة التنفيذ | محامي مطالبات ماليه | مدة الاعتراض على سند لأمر | مطالبة مالية | مطالبة ماليه | مطالبه ماليه في المحكمه,"Monitor changes in purpose, services and observed searches; linked-page work remains separate",currently-reviewed-intents-complete-for-defined-page-purpose
/uae/ar/services/enforcement-debt-recovery/asset-tracing-and-debtor-investigation,ar,uae,legal matter,تتبع الأصول والتحري عن المدين,no-direct-query-evidence-in-inputs,,Research same-language queries for this specific purpose; lack of evidence is not lack of demand,not-established-by-assignment-or-html-parsing
/uae/ar/services/enforcement-debt-recovery/bounced-cheque-defence-and-criminal-complaint-concern,ar,uae,legal matter,الدفاع في الشيك المرتجع ومشكلة الشكوى الجزائية,no-direct-query-evidence-in-inputs,,Research same-language queries for this specific purpose; lack of evidence is not lack of demand,not-established-by-assignment-or-html-parsing
/uae/ar/services/enforcement-debt-recovery/bounced-cheque-execution,ar,uae,legal matter,تنفيذ الشيك المرتجع,no-direct-query-evidence-in-inputs,,Research same-language queries for this specific purpose; lack of evidence is not lack of demand,not-established-by-assignment-or-html-parsing
/uae/ar/services/enforcement-debt-recovery/foreign-judgment-enforcement,ar,uae,legal matter,تنفيذ الحكم الأجنبي,no-direct-query-evidence-in-inputs,,Research same-language queries for this specific purpose; lack of evidence is not lack of demand,not-established-by-assignment-or-html-parsing
/uae/ar/services/enforcement-debt-recovery/payment-order-and-urgent-debt-recovery,ar,uae,legal matter,أمر الأداء والتحصيل العاجل للدين,no-direct-query-evidence-in-inputs,,Research same-language queries for this specific purpose; lack of evidence is not lack of demand,not-established-by-assignment-or-html-parsing
/uae/ar/services/enforcement-debt-recovery/service-suspension-and-asset-freezing-request,ar,uae,legal matter,طلب إيقاف الخدمات وتجميد الأصول,no-direct-query-evidence-in-inputs,,Research same-language queries for this specific purpose; lack of evidence is not lack of demand,not-established-by-assignment-or-html-parsing
/uae/ar/services/enforcement-debt-recovery/travel-ban-application-for-debt-recovery,ar,uae,legal matter,طلب منع السفر لتحصيل الدين,no-direct-query-evidence-in-inputs,,Research same-language queries for this specific purpose; lack of evidence is not lack of demand,not-established-by-assignment-or-html-parsing
/uae/ar/services/enforcement-debt-recovery/wrongful-debt-collection-or-creditor-harassment-complaint,ar,uae,legal matter,شكوى التحصيل غير المشروع أو مضايقة الدائن,no-direct-query-evidence-in-inputs,,Research same-language queries for this specific purpose; lack of evidence is not lack of demand,not-established-by-assignment-or-html-parsing
/uae/ar/services/family-personal-status,ar,uae,service,الأسرة والأحوال الشخصية في الإمارات العربية المتحدة,keyword-export-candidates,محامي الأحوال الشخصية,"Monitor changes in purpose, services and observed searches; linked-page work remains separate",currently-reviewed-intents-complete-for-defined-page-purpose
/uae/ar/services/family-personal-status/alimony-and-child-maintenance-claim,ar,uae,legal matter,مطالبة النفقة الزوجية ونفقة الأطفال,no-direct-query-evidence-in-inputs,,Research same-language queries for this specific purpose; lack of evidence is not lack of demand,not-established-by-assignment-or-html-parsing
/uae/ar/services/family-personal-status/child-custody-and-visitation-dispute,ar,uae,legal matter,منازعة حضانة الأطفال والزيارة,no-direct-query-evidence-in-inputs,,Research same-language queries for this specific purpose; lack of evidence is not lack of demand,not-established-by-assignment-or-html-parsing
/uae/ar/services/family-personal-status/child-relocation-and-travel-dispute,ar,uae,legal matter,منازعة انتقال الأطفال والسفر بهم,no-direct-query-evidence-in-inputs,,Research same-language queries for this specific purpose; lack of evidence is not lack of demand,not-established-by-assignment-or-html-parsing
/uae/ar/services/family-personal-status/divorce-filing-and-personal-status-procedure,ar,uae,legal matter,قيد دعوى الطلاق وإجراءات الأحوال الشخصية,no-direct-query-evidence-in-inputs,,Research same-language queries for this specific purpose; lack of evidence is not lack of demand,not-established-by-assignment-or-html-parsing
/uae/ar/services/family-personal-status/inheritance-document-and-civil-record-correction,ar,uae,legal matter,تصحيح مستندات الميراث والسجل المدني,no-direct-query-evidence-in-inputs,,Research same-language queries for this specific purpose; lack of evidence is not lack of demand,not-established-by-assignment-or-html-parsing
/uae/ar/services/family-personal-status/marriage-registration-and-certificate-problem,ar,uae,legal matter,مشكلة تسجيل الزواج وشهادة الزواج,no-direct-query-evidence-in-inputs,,Research same-language queries for this specific purpose; lack of evidence is not lack of demand,not-established-by-assignment-or-html-parsing
/uae/ar/services/family-personal-status/paternity-dispute,ar,uae,legal matter,منازعة إثبات النسب,no-direct-query-evidence-in-inputs,,Research same-language queries for this specific purpose; lack of evidence is not lack of demand,not-established-by-assignment-or-html-parsing
/uae/ar/services/family-personal-status/recognition-of-foreign-family-judgment,ar,uae,legal matter,الاعتراف بالحكم الأسري الأجنبي,no-direct-query-evidence-in-inputs,,Research same-language queries for this specific purpose; lack of evidence is not lack of demand,not-established-by-assignment-or-html-parsing
/uae/ar/services/family-personal-status/visitation-order-enforcement,ar,uae,legal matter,تنفيذ حكم الزيارة,no-direct-query-evidence-in-inputs,,Research same-language queries for this specific purpose; lack of evidence is not lack of demand,not-established-by-assignment-or-html-parsing
/uae/ar/services/foreign-investment-market-entry,ar,uae,service,الاستثمار الأجنبي ودخول السوق في الإمارات العربية المتحدة,no-direct-query-evidence-in-inputs,,"Monitor changes in purpose, services and observed searches; linked-page work remains separate",currently-reviewed-intents-complete-for-defined-page-purpose
/uae/ar/services/foreign-investment-market-entry/foreign-investor-and-local-partner-dispute,ar,uae,legal matter,منازعة المستثمر الأجنبي والشريك المحلي,no-direct-query-evidence-in-inputs,,Research same-language queries for this specific purpose; lack of evidence is not lack of demand,not-established-by-assignment-or-html-parsing
/uae/ar/services/foreign-investment-market-entry/foreign-investor-compensation-claim,ar,uae,legal matter,مطالبة المستثمر الأجنبي بالتعويض,no-direct-query-evidence-in-inputs,,Research same-language queries for this specific purpose; lack of evidence is not lack of demand,not-established-by-assignment-or-html-parsing
/uae/ar/services/foreign-investment-market-entry/investment-licence-refusal-or-cancellation,ar,uae,legal matter,رفض أو إلغاء ترخيص الاستثمار,no-direct-query-evidence-in-inputs,,Research same-language queries for this specific purpose; lack of evidence is not lack of demand,not-established-by-assignment-or-html-parsing
/uae/ar/services/healthcare-medical-liability,ar,uae,service,الرعاية الصحية والمسؤولية الطبية في الإمارات العربية المتحدة,keyword-export-candidates,التعويض عن الاخطاء الطبية | التعويض عن الخطأ الطبي | الخطأ الطبي في القانون | الخطا الطبي | المسؤولية الطبية | قانون الأخطاء الطبية | قضايا اخطاء طبية | قضايا التعويض عن الخطأ الطبي | محامي أخطاء طبية | محامي اخطاء طبية | محامي طبي,"Monitor changes in purpose, services and observed searches; linked-page work remains separate",currently-reviewed-intents-complete-for-defined-page-purpose
/uae/ar/services/healthcare-medical-liability/medical-record-access-dispute,ar,uae,legal matter,منازعة الحصول على السجل الطبي,no-direct-query-evidence-in-inputs,,Research same-language queries for this specific purpose; lack of evidence is not lack of demand,not-established-by-assignment-or-html-parsing
/uae/ar/services/healthcare-medical-liability/misdiagnosis-and-delayed-diagnosis,ar,uae,legal matter,سوء التشخيص وتأخره,dated-observed-query-candidates,سوء تشخيص,Validate candidate queries against full answers and jurisdiction before editing,not-established-by-assignment-or-html-parsing
/uae/ar/services/healthcare-medical-liability/treatment-injury-and-compensation-claim,ar,uae,legal matter,إصابة العلاج ومطالبة التعويض,no-direct-query-evidence-in-inputs,,Research same-language queries for this specific purpose; lack of evidence is not lack of demand,not-established-by-assignment-or-html-parsing
/uae/ar/services/immigration-residency,ar,uae,service,الدخول والإقامة والهجرة في الإمارات العربية المتحدة,no-direct-query-evidence-in-inputs,,"Monitor changes in purpose, services and observed searches; linked-page work remains separate",currently-reviewed-intents-complete-for-defined-page-purpose
/uae/ar/services/immigration-residency/emirates-id-and-residency-cancellation-problem,ar,uae,legal matter,مشكلة إلغاء الهوية الإماراتية والإقامة,no-direct-query-evidence-in-inputs,,Research same-language queries for this specific purpose; lack of evidence is not lack of demand,not-established-by-assignment-or-html-parsing
/uae/ar/services/immigration-residency/entry-exit-and-travel-restriction-problem,ar,uae,legal matter,مشكلة قيود الدخول والخروج والسفر,no-direct-query-evidence-in-inputs,,Research same-language queries for this specific purpose; lack of evidence is not lack of demand,not-established-by-assignment-or-html-parsing
/uae/ar/services/immigration-residency/residence-ban-and-entry-restriction,ar,uae,legal matter,منع الإقامة وقيود الدخول,no-direct-query-evidence-in-inputs,,Research same-language queries for this specific purpose; lack of evidence is not lack of demand,not-established-by-assignment-or-html-parsing
/uae/ar/services/immigration-residency/visa-cancellation-and-overstay-dispute,ar,uae,legal matter,منازعة إلغاء التأشيرة ومخالفة مدة الإقامة,no-direct-query-evidence-in-inputs,,Research same-language queries for this specific purpose; lack of evidence is not lack of demand,not-established-by-assignment-or-html-parsing
/uae/ar/services/immigration-residency/visa-overstay-and-immigration-penalty-dispute,ar,uae,legal matter,منازعة مخالفة مدة التأشيرة والغرامة والهجرة,no-direct-query-evidence-in-inputs,,Research same-language queries for this specific purpose; lack of evidence is not lack of demand,not-established-by-assignment-or-html-parsing
/uae/ar/services/immigration-residency/work-permit-refusal-or-cancellation,ar,uae,legal matter,رفض أو إلغاء تصريح العمل,no-direct-query-evidence-in-inputs,,Research same-language queries for this specific purpose; lack of evidence is not lack of demand,not-established-by-assignment-or-html-parsing
/uae/ar/services/insolvency-restructuring,ar,uae,service,إعادة التنظيم المالي والإفلاس في الإمارات العربية المتحدة,no-direct-query-evidence-in-inputs,,"Monitor changes in purpose, services and observed searches; linked-page work remains separate",currently-reviewed-intents-complete-for-defined-page-purpose
/uae/ar/services/insolvency-restructuring/business-debt-restructuring,ar,uae,legal matter,إعادة هيكلة ديون المنشأة,no-direct-query-evidence-in-inputs,,"Monitor changes in purpose, services and observed searches; linked-page work remains separate",currently-reviewed-intents-complete-for-defined-page-purpose
/uae/ar/services/insolvency-restructuring/creditor-claim-in-insolvency,ar,uae,legal matter,مطالبة الدائن في الإعسار,no-direct-query-evidence-in-inputs,,"Monitor changes in purpose, services and observed searches; linked-page work remains separate",currently-reviewed-intents-complete-for-defined-page-purpose
/uae/ar/services/insolvency-restructuring/director-liability-in-insolvency,ar,uae,legal matter,مسؤولية المدير في الإعسار,no-direct-query-evidence-in-inputs,,"Monitor changes in purpose, services and observed searches; linked-page work remains separate",currently-reviewed-intents-complete-for-defined-page-purpose
/uae/ar/services/insurance,ar,uae,service,التأمين ومنازعات التغطية في الإمارات العربية المتحدة,keyword-export-candidates,الاوراق المطلوبة لمطالبة التأمين | طريقة مطالبة شركة التأمين | قضايا التأمين | قوانين التامينات | كيفية مطالبة شركة التأمين | محامي تأمين | محامي شركات التأمين | محامي شركات تامين | محامي ضد شركات التأمين | مدة المطالبة بالتأمين | مدة مطالبة التأمين | مدة مطالبة شركة التأمين | مراجعة المطالبة من قبل شركة التأمين | مطالبة شركة التامين,"Monitor changes in purpose, services and observed searches; linked-page work remains separate",currently-reviewed-intents-complete-for-defined-page-purpose
/uae/ar/services/insurance/delayed-insurance-settlement,ar,uae,legal matter,تأخر تسوية مطالبة التأمين,no-direct-query-evidence-in-inputs,,Research same-language queries for this specific purpose; lack of evidence is not lack of demand,not-established-by-assignment-or-html-parsing
/uae/ar/services/insurance/denied-insurance-claim,ar,uae,legal matter,رفض مطالبة التأمين,no-direct-query-evidence-in-inputs,,Research same-language queries for this specific purpose; lack of evidence is not lack of demand,not-established-by-assignment-or-html-parsing
/uae/ar/services/insurance/policy-coverage-dispute,ar,uae,legal matter,منازعة تغطية وثيقة التأمين,no-direct-query-evidence-in-inputs,,Research same-language queries for this specific purpose; lack of evidence is not lack of demand,not-established-by-assignment-or-html-parsing
/uae/ar/services/insurance/traffic-accident-liability-and-compensation,ar,uae,legal matter,المسؤولية والتعويض عن حادث مروري,no-direct-query-evidence-in-inputs,,Research same-language queries for this specific purpose; lack of evidence is not lack of demand,not-established-by-assignment-or-html-parsing
/uae/ar/services/insurance/traffic-report-and-fault-dispute,ar,uae,legal matter,منازعة تقرير الحادث ونسبة الخطأ,no-direct-query-evidence-in-inputs,,Research same-language queries for this specific purpose; lack of evidence is not lack of demand,not-established-by-assignment-or-html-parsing
/uae/ar/services/insurance/uninsured-accident-compensation-claim,ar,uae,legal matter,مطالبة التعويض عن حادث دون تأمين,no-direct-query-evidence-in-inputs,,Research same-language queries for this specific purpose; lack of evidence is not lack of demand,not-established-by-assignment-or-html-parsing
/uae/ar/services/intellectual-property,ar,uae,service,الملكية الفكرية وحماية العلامات في الإمارات العربية المتحدة,keyword-export-candidates,أحكام قضائية العلامات التجارية | الاوراق المطلوبة لتسجيل العلامة التجارية | الاوراق المطلوبة لتسجيل علامة تجارية | المستندات المطلوبة لتسجيل العلامة التجارية | محامي الملكية الفكرية | محامي حقوق الملكية الفكرية | محامي علامات تجارية | محامي ملكية فكرية,"Monitor changes in purpose, services and observed searches; linked-page work remains separate",currently-reviewed-intents-complete-for-defined-page-purpose
/uae/ar/services/intellectual-property/copyright-infringement-online,ar,uae,legal matter,التعدي على حقوق المؤلف أونلاين,no-direct-query-evidence-in-inputs,,Research same-language queries for this specific purpose; lack of evidence is not lack of demand,not-established-by-assignment-or-html-parsing
/uae/ar/services/intellectual-property/counterfeit-and-brand-infringement,ar,uae,legal matter,تقليد العلامة التجارية والتعدي عليها,no-direct-query-evidence-in-inputs,,Research same-language queries for this specific purpose; lack of evidence is not lack of demand,not-established-by-assignment-or-html-parsing
/uae/ar/services/intellectual-property/trademark-opposition-and-cancellation,ar,uae,legal matter,الاعتراض على العلامة التجارية وإلغاؤها,no-direct-query-evidence-in-inputs,,Research same-language queries for this specific purpose; lack of evidence is not lack of demand,not-established-by-assignment-or-html-parsing
/uae/ar/services/litigation-court-disputes,ar,uae,service,التقاضي المدني والتجاري في الإمارات العربية المتحدة,dated-observed-query-candidates,دعوى تعويض عن ضرر,"Monitor changes in purpose, services and observed searches; linked-page work remains separate",currently-reviewed-intents-complete-for-defined-page-purpose
/uae/ar/services/litigation-court-disputes/appeal-deadline-and-filing-problem,ar,uae,legal matter,مشكلة ميعاد الطعن والقيد,no-direct-query-evidence-in-inputs,,Research same-language queries for this specific purpose; lack of evidence is not lack of demand,not-established-by-assignment-or-html-parsing
/uae/ar/services/litigation-court-disputes/court-service-and-notification-problem,ar,uae,legal matter,مشكلة إعلان الدعوى والتبليغ القضائي,no-direct-query-evidence-in-inputs,,Research same-language queries for this specific purpose; lack of evidence is not lack of demand,not-established-by-assignment-or-html-parsing
/uae/ar/services/litigation-court-disputes/expert-evidence-and-report-dispute,ar,uae,legal matter,منازعة الخبرة والتقرير الفني,no-direct-query-evidence-in-inputs,,Research same-language queries for this specific purpose; lack of evidence is not lack of demand,not-established-by-assignment-or-html-parsing
/uae/ar/services/maritime-aviation-transport,ar,uae,service,القانون البحري والجوي والنقل في الإمارات العربية المتحدة,no-direct-query-evidence-in-inputs,,"Monitor changes in purpose, services and observed searches; linked-page work remains separate",currently-reviewed-intents-complete-for-defined-page-purpose
/uae/ar/services/maritime-aviation-transport/cargo-damage-and-transport-claim,ar,uae,legal matter,تلف البضائع ومطالبة النقل,no-direct-query-evidence-in-inputs,,Research same-language queries for this specific purpose; lack of evidence is not lack of demand,not-established-by-assignment-or-html-parsing
/uae/ar/services/maritime-aviation-transport/passenger-compensation-claim,ar,uae,legal matter,مطالبة تعويض المسافر,no-direct-query-evidence-in-inputs,,Research same-language queries for this specific purpose; lack of evidence is not lack of demand,not-established-by-assignment-or-html-parsing
/uae/ar/services/maritime-aviation-transport/shipping-delay-and-delivery-dispute,ar,uae,legal matter,تأخر الشحن ومنازعة التسليم,no-direct-query-evidence-in-inputs,,Research same-language queries for this specific purpose; lack of evidence is not lack of demand,not-established-by-assignment-or-html-parsing
/uae/ar/services/real-estate-construction,ar,uae,service,العقارات والإنشاءات في الإمارات العربية المتحدة,dated-observed-query-candidates,المحامي العقاري | المنازعات العقارية | عقود المقاولين,"Monitor changes in purpose, services and observed searches; linked-page work remains separate",currently-reviewed-intents-complete-for-defined-page-purpose
/uae/ar/services/real-estate-construction/bounced-rental-cheque,ar,uae,legal matter,الشيك الإيجاري المرتجع,no-direct-query-evidence-in-inputs,,Research same-language queries for this specific purpose; lack of evidence is not lack of demand,not-established-by-assignment-or-html-parsing
/uae/ar/services/real-estate-construction/construction-delay-and-defective-construction,ar,uae,legal matter,تأخر البناء وعيوب الإنشاء,no-direct-query-evidence-in-inputs,,Research same-language queries for this specific purpose; lack of evidence is not lack of demand,not-established-by-assignment-or-html-parsing
/uae/ar/services/real-estate-construction/dubai-tenancy-and-rera-rental-dispute,ar,uae,legal matter,منازعة إيجار دبي أمام مركز فض المنازعات الإيجارية,no-direct-query-evidence-in-inputs,,Research same-language queries for this specific purpose; lack of evidence is not lack of demand,not-established-by-assignment-or-html-parsing
/uae/ar/services/real-estate-construction/eviction-notice-and-eviction-dispute,ar,uae,legal matter,إخطار الإخلاء ومنازعة الإخلاء,no-direct-query-evidence-in-inputs,,Research same-language queries for this specific purpose; lack of evidence is not lack of demand,not-established-by-assignment-or-html-parsing
/uae/ar/services/real-estate-construction/expropriation-and-compensation-claim,ar,uae,legal matter,نزع الملكية ومطالبة التعويض,no-direct-query-evidence-in-inputs,,Research same-language queries for this specific purpose; lack of evidence is not lack of demand,not-established-by-assignment-or-html-parsing
/uae/ar/services/real-estate-construction/landlord-notice-and-tenant-settlement-problem,ar,uae,legal matter,مشكلة إخطار المالك وتسوية المستأجر,no-direct-query-evidence-in-inputs,,Research same-language queries for this specific purpose; lack of evidence is not lack of demand,not-established-by-assignment-or-html-parsing
/uae/ar/services/real-estate-construction/property-encroachment-and-boundary-dispute,ar,uae,legal matter,التعدي على العقار ومنازعة الحدود,no-direct-query-evidence-in-inputs,,Research same-language queries for this specific purpose; lack of evidence is not lack of demand,not-established-by-assignment-or-html-parsing
/uae/ar/services/real-estate-construction/property-service-charge-and-maintenance-dispute,ar,uae,legal matter,منازعة رسوم الخدمات وصيانة العقار,no-direct-query-evidence-in-inputs,,Research same-language queries for this specific purpose; lack of evidence is not lack of demand,not-established-by-assignment-or-html-parsing
/uae/ar/services/real-estate-construction/security-deposit-recovery,ar,uae,legal matter,استرداد مبلغ التأمين,no-direct-query-evidence-in-inputs,,Research same-language queries for this specific purpose; lack of evidence is not lack of demand,not-established-by-assignment-or-html-parsing
/uae/ar/services/real-estate-construction/title-deed-and-registration-dispute,ar,uae,legal matter,منازعة سند الملكية والتسجيل,no-direct-query-evidence-in-inputs,,Research same-language queries for this specific purpose; lack of evidence is not lack of demand,not-established-by-assignment-or-html-parsing
/uae/ar/services/real-estate-construction/unpaid-rent-and-rental-payment-claim,ar,uae,legal matter,الإيجار غير المدفوع ومطالبة الأجرة,no-direct-query-evidence-in-inputs,,Research same-language queries for this specific purpose; lack of evidence is not lack of demand,not-established-by-assignment-or-html-parsing
/uae/ar/services/tax-vat,ar,uae,service,ضريبة الشركات وضريبة القيمة المضافة والمنازعات الضريبية في الإمارات العربية المتحدة,keyword-export-candidates,إلغاء ضريبة القيمة المضافة على المحامين | الاعتراض على الزكاة | الاعتراض على فاتورة الزكاة | القيمة المضافة للمحامين | ضرائب المحامين | ضريبة القيمة المضافة على المحامين | ضريبة القيمة المضافة للمحامين | محامي ضرائب | نموذج اعتراض على ضريبة القيمة المضافة,"Monitor changes in purpose, services and observed searches; linked-page work remains separate",currently-reviewed-intents-complete-for-defined-page-purpose
/uae/ar/services/tax-vat/corporate-tax-registration-and-filing-problem,ar,uae,legal matter,مشكلة التسجيل والإقرار بضريبة الشركات,no-direct-query-evidence-in-inputs,,Research same-language queries for this specific purpose; lack of evidence is not lack of demand,not-established-by-assignment-or-html-parsing
/uae/ar/services/tax-vat/customs-penalty-challenge,ar,uae,legal matter,الطعن في الغرامة الجمركية,no-direct-query-evidence-in-inputs,,Research same-language queries for this specific purpose; lack of evidence is not lack of demand,not-established-by-assignment-or-html-parsing
/uae/ar/services/tax-vat/tax-audit-and-assessment-objection,ar,uae,legal matter,الفحص والربط الضريبي والاعتراض عليه,no-direct-query-evidence-in-inputs,,Research same-language queries for this specific purpose; lack of evidence is not lack of demand,not-established-by-assignment-or-html-parsing
/uae/ar/services/tax-vat/vat-invoice-and-tax-correction-dispute,ar,uae,legal matter,منازعة فاتورة ضريبة القيمة المضافة وتصحيحها,no-direct-query-evidence-in-inputs,,Research same-language queries for this specific purpose; lack of evidence is not lack of demand,not-established-by-assignment-or-html-parsing
/uae/ar/services/tax-vat/vat-refund-and-registration-dispute,ar,uae,legal matter,استرداد ضريبة القيمة المضافة ومنازعة التسجيل,no-direct-query-evidence-in-inputs,,Research same-language queries for this specific purpose; lack of evidence is not lack of demand,not-established-by-assignment-or-html-parsing
/uae/ar/services/technology-data-protection,ar,uae,service,التقنية وحماية البيانات والجرائم الإلكترونية في الإمارات العربية المتحدة,keyword-export-candidates,القانون الالكتروني | جرائم الابتزاز | جرائم الابتزاز الإلكتروني | قضايا الابتزاز | قضايا الجرائم المعلوماتية | قضية الكترونية | محامي الجرائم الالكترونية | محامي جرائم معلوماتيه | محامي قضايا الكترونية | محامي متخصص في الجرائم الإلكترونية,"Monitor changes in purpose, services and observed searches; linked-page work remains separate",currently-reviewed-intents-complete-for-defined-page-purpose
/uae/ar/services/technology-data-protection/hacked-account-and-unauthorized-access,ar,uae,legal matter,اختراق الحساب والدخول غير المصرح به,no-direct-query-evidence-in-inputs,,Research same-language queries for this specific purpose; lack of evidence is not lack of demand,not-established-by-assignment-or-html-parsing
/uae/ar/services/technology-data-protection/online-defamation-and-removal-request,ar,uae,legal matter,التشهير الإلكتروني وطلب الإزالة,keyword-export-candidates,قضايا الابتزاز والتشهير | قضايا التشهير | قضايا التعويض عن السب والقذف | محامي قضايا تشهير,Validate candidate queries against full answers and jurisdiction before editing,not-established-by-assignment-or-html-parsing
/uae/ar/services/technology-data-protection/personal-data-breach-response,ar,uae,legal matter,الاستجابة لحادث خرق البيانات الشخصية,no-direct-query-evidence-in-inputs,,Research same-language queries for this specific purpose; lack of evidence is not lack of demand,not-established-by-assignment-or-html-parsing
/uae/ar/services/wills-estates,ar,uae,service,الوصايا والتركات والميراث في الإمارات العربية المتحدة,no-direct-query-evidence-in-inputs,,"Monitor changes in purpose, services and observed searches; linked-page work remains separate",currently-reviewed-intents-complete-for-defined-page-purpose
/uae/ar/services/wills-estates/estate-administration-and-asset-transfer,ar,uae,legal matter,إدارة التركة ونقل الأصول,no-direct-query-evidence-in-inputs,,Research same-language queries for this specific purpose; lack of evidence is not lack of demand,not-established-by-assignment-or-html-parsing
/uae/ar/services/wills-estates/foreign-will-recognition-and-probate,ar,uae,legal matter,الاعتراف بالوصية الأجنبية وإثباتها,no-direct-query-evidence-in-inputs,,Research same-language queries for this specific purpose; lack of evidence is not lack of demand,not-established-by-assignment-or-html-parsing
/uae/ar/services/wills-estates/inheritance-distribution-dispute,ar,uae,legal matter,منازعة توزيع الميراث,no-direct-query-evidence-in-inputs,,Research same-language queries for this specific purpose; lack of evidence is not lack of demand,not-established-by-assignment-or-html-parsing
/uae/ar/terms-of-service,ar,uae,shared or regional page,شروط الخدمة,no-direct-query-evidence-in-inputs,,Research same-language queries for this specific purpose; lack of evidence is not lack of demand,not-established-by-assignment-or-html-parsing
/uae/ar/vision,ar,uae,shared or regional page,القانون… أقرب، أوضح، وأكثر موثوقية,no-direct-query-evidence-in-inputs,,Research same-language queries for this specific purpose; lack of evidence is not lack of demand,not-established-by-assignment-or-html-parsing
/uae/contact,en,uae,shared or regional page,Start Your UAE Consultation,dated-observed-query-candidates,consult legal advice | counsel advice | law consultation | lawyer consultation | legal consultation | legal queries | online legal consultation | solicitor consultation,Validate candidate queries against full answers and jurisdiction before editing,not-established-by-assignment-or-html-parsing
/uae/privacy-policy,en,uae,shared or regional page,Privacy Policy,no-direct-query-evidence-in-inputs,,Research same-language queries for this specific purpose; lack of evidence is not lack of demand,not-established-by-assignment-or-html-parsing
/uae/services,en,uae,shared or regional page,22 UAE Legal Practice Areas,no-direct-query-evidence-in-inputs,,"Monitor changes in purpose, services and observed searches; linked-page work remains separate",currently-reviewed-intents-complete-for-defined-page-purpose
/uae/services/administrative-regulatory,en,uae,service,Administrative & Regulatory Law in the United Arab Emirates,no-direct-query-evidence-in-inputs,,"Monitor changes in purpose, services and observed searches; linked-page work remains separate",currently-reviewed-intents-complete-for-defined-page-purpose
/uae/services/administrative-regulatory/government-penalty-challenge,en,uae,legal matter,Government penalty challenge,no-direct-query-evidence-in-inputs,,Research same-language queries for this specific purpose; lack of evidence is not lack of demand,not-established-by-assignment-or-html-parsing
/uae/services/administrative-regulatory/licence-refusal-or-cancellation,en,uae,legal matter,Licence refusal or cancellation,no-direct-query-evidence-in-inputs,,Research same-language queries for this specific purpose; lack of evidence is not lack of demand,not-established-by-assignment-or-html-parsing
/uae/services/administrative-regulatory/public-procurement-dispute,en,uae,legal matter,Public procurement dispute,no-direct-query-evidence-in-inputs,,Research same-language queries for this specific purpose; lack of evidence is not lack of demand,not-established-by-assignment-or-html-parsing
/uae/services/arbitration-mediation,en,uae,service,Arbitration & Mediation in the United Arab Emirates,dated-observed-query-candidates,arbitral tribunal | arbitration services,"Monitor changes in purpose, services and observed searches; linked-page work remains separate",currently-reviewed-intents-complete-for-defined-page-purpose
/uae/services/arbitration-mediation/challenge-to-arbitration-jurisdiction,en,uae,legal matter,Challenge to arbitration jurisdiction,dated-observed-query-candidates,competence of arbitral tribunal | competence of arbitral tribunal to rule on its jurisdiction | jurisdiction of arbitral tribunal,Validate candidate queries against full answers and jurisdiction before editing,not-established-by-assignment-or-html-parsing
/uae/services/arbitration-mediation/emergency-arbitration-and-interim-measures,en,uae,legal matter,Emergency arbitration and interim measures,no-direct-query-evidence-in-inputs,,Research same-language queries for this specific purpose; lack of evidence is not lack of demand,not-established-by-assignment-or-html-parsing
/uae/services/arbitration-mediation/foreign-arbitral-award-enforcement,en,uae,legal matter,Foreign arbitral award enforcement,no-direct-query-evidence-in-inputs,,Research same-language queries for this specific purpose; lack of evidence is not lack of demand,not-established-by-assignment-or-html-parsing
/uae/services/banking-finance,en,uae,service,"Banking, Finance & Financial Regulation in the United Arab Emirates",dated-observed-query-candidates,bank dispute lawyer | bank lawyer | banking & finance lawyers | banking lawyer | banking litigation lawyer | finance lawyers | financial legal advisor | islamic finance | lawyer for bank disputes | lawyer for banking issues | lawyers that deal with bank issues | personal loan lawyer,"Monitor changes in purpose, services and observed searches; linked-page work remains separate",currently-reviewed-intents-complete-for-defined-page-purpose
/uae/services/banking-finance/loan-default-and-restructuring,en,uae,legal matter,Loan default and restructuring,dated-observed-query-candidates,default on funds lawyer,Validate candidate queries against full answers and jurisdiction before editing,not-established-by-assignment-or-html-parsing
/uae/services/banking-finance/personal-guarantee-enforcement,en,uae,legal matter,Personal guarantee enforcement,no-direct-query-evidence-in-inputs,,Research same-language queries for this specific purpose; lack of evidence is not lack of demand,not-established-by-assignment-or-html-parsing
/uae/services/banking-finance/unauthorized-bank-transaction,en,uae,legal matter,Unauthorized bank transaction,no-direct-query-evidence-in-inputs,,Research same-language queries for this specific purpose; lack of evidence is not lack of demand,not-established-by-assignment-or-html-parsing
/uae/services/commercial-contracts,en,uae,service,Commercial Contracts in the United Arab Emirates,dated-observed-query-candidates,contract lawyer | contracts law firm | contracts lawyer | legal contract lawyer,"Monitor changes in purpose, services and observed searches; linked-page work remains separate",currently-reviewed-intents-complete-for-defined-page-purpose
/uae/services/commercial-contracts/consumer-refund-and-purchase-cancellation-dispute,en,uae,legal matter,Consumer refund and purchase cancellation dispute,no-direct-query-evidence-in-inputs,,Research same-language queries for this specific purpose; lack of evidence is not lack of demand,not-established-by-assignment-or-html-parsing
/uae/services/commercial-contracts/contract-evidence-and-electronic-messages,en,uae,legal matter,Contract evidence and electronic messages,no-direct-query-evidence-in-inputs,,Research same-language queries for this specific purpose; lack of evidence is not lack of demand,not-established-by-assignment-or-html-parsing
/uae/services/commercial-contracts/defective-goods-and-non-conforming-delivery,en,uae,legal matter,Defective goods and non-conforming delivery,no-direct-query-evidence-in-inputs,,Research same-language queries for this specific purpose; lack of evidence is not lack of demand,not-established-by-assignment-or-html-parsing
/uae/services/commercial-contracts/defective-product-and-consumer-compensation-claim,en,uae,legal matter,Defective product and consumer compensation claim,no-direct-query-evidence-in-inputs,,Research same-language queries for this specific purpose; lack of evidence is not lack of demand,not-established-by-assignment-or-html-parsing
/uae/services/commercial-contracts/document-attestation-and-legalisation-problem,en,uae,legal matter,Document attestation and legalisation problem,no-direct-query-evidence-in-inputs,,Research same-language queries for this specific purpose; lack of evidence is not lack of demand,not-established-by-assignment-or-html-parsing
/uae/services/commercial-contracts/legal-notice-and-demand-letter-drafting,en,uae,legal matter,Legal notice and demand letter drafting,no-direct-query-evidence-in-inputs,,Research same-language queries for this specific purpose; lack of evidence is not lack of demand,not-established-by-assignment-or-html-parsing
/uae/services/commercial-contracts/power-of-attorney-drafting-and-authority-problem,en,uae,legal matter,Power-of-attorney drafting and authority problem,no-direct-query-evidence-in-inputs,,Research same-language queries for this specific purpose; lack of evidence is not lack of demand,not-established-by-assignment-or-html-parsing
/uae/services/commercial-contracts/service-agreement-breach,en,uae,legal matter,Service agreement breach,no-direct-query-evidence-in-inputs,,Research same-language queries for this specific purpose; lack of evidence is not lack of demand,not-established-by-assignment-or-html-parsing
/uae/services/commercial-contracts/supply-contract-non-delivery,en,uae,legal matter,Supply contract non-delivery,no-direct-query-evidence-in-inputs,,Research same-language queries for this specific purpose; lack of evidence is not lack of demand,not-established-by-assignment-or-html-parsing
/uae/services/commercial-contracts/unpaid-business-invoice,en,uae,legal matter,Unpaid business invoice,no-direct-query-evidence-in-inputs,,Research same-language queries for this specific purpose; lack of evidence is not lack of demand,not-established-by-assignment-or-html-parsing
/uae/services/commercial-contracts/unpaid-professional-fees-and-service-invoice-dispute,en,uae,legal matter,Unpaid professional fees and service invoice dispute,no-direct-query-evidence-in-inputs,,Research same-language queries for this specific purpose; lack of evidence is not lack of demand,not-established-by-assignment-or-html-parsing
/uae/services/consumer-ecommerce,en,uae,service,"Consumer, E-commerce & Digital Business in the United Arab Emirates",no-direct-query-evidence-in-inputs,,"Monitor changes in purpose, services and observed searches; linked-page work remains separate",currently-reviewed-intents-complete-for-defined-page-purpose
/uae/services/consumer-ecommerce/defective-product-and-consumer-claim,en,uae,legal matter,Defective product and consumer claim,no-direct-query-evidence-in-inputs,,"Monitor changes in purpose, services and observed searches; linked-page work remains separate",currently-reviewed-intents-complete-for-defined-page-purpose
/uae/services/consumer-ecommerce/e-commerce-platform-account-dispute,en,uae,legal matter,E-commerce platform account dispute,no-direct-query-evidence-in-inputs,,Research same-language queries for this specific purpose; lack of evidence is not lack of demand,not-established-by-assignment-or-html-parsing
/uae/services/consumer-ecommerce/online-purchase-refund-dispute,en,uae,legal matter,Online purchase refund dispute,no-direct-query-evidence-in-inputs,,Research same-language queries for this specific purpose; lack of evidence is not lack of demand,not-established-by-assignment-or-html-parsing
/uae/services/corporate-commercial,en,uae,service,Company Formation & Commercial Companies Law in the United Arab Emirates,dated-observed-query-candidates,corporate lawyers | corporate legal | legal consultant business,"Monitor changes in purpose, services and observed searches; linked-page work remains separate",currently-reviewed-intents-complete-for-defined-page-purpose
/uae/services/corporate-commercial/company-dissolution-and-liquidation-dispute,en,uae,legal matter,Company dissolution and liquidation dispute,dated-observed-query-candidates,company dissolution lawyer | corporate dissolution lawyer,Validate candidate queries against full answers and jurisdiction before editing,not-established-by-assignment-or-html-parsing
/uae/services/corporate-commercial/company-formation-and-registration-problem,en,uae,legal matter,Company formation and registration problem,no-direct-query-evidence-in-inputs,,Research same-language queries for this specific purpose; lack of evidence is not lack of demand,not-established-by-assignment-or-html-parsing
/uae/services/corporate-commercial/director-and-manager-liability,en,uae,legal matter,Director and manager liability,no-direct-query-evidence-in-inputs,,Research same-language queries for this specific purpose; lack of evidence is not lack of demand,not-established-by-assignment-or-html-parsing
/uae/services/corporate-commercial/shareholder-exit-and-buyout-dispute,en,uae,legal matter,Shareholder exit and buyout dispute,no-direct-query-evidence-in-inputs,,Research same-language queries for this specific purpose; lack of evidence is not lack of demand,not-established-by-assignment-or-html-parsing
/uae/services/criminal-investigations,en,uae,service,"Criminal Law, Investigations & Procedure in the United Arab Emirates",no-direct-query-evidence-in-inputs,,"Monitor changes in purpose, services and observed searches; linked-page work remains separate",currently-reviewed-intents-complete-for-defined-page-purpose
/uae/services/criminal-investigations/fraud-and-breach-of-trust-accusation,en,uae,legal matter,Fraud and breach-of-trust accusation,dated-observed-query-candidates,breach of trust through embezzlement,Validate candidate queries against full answers and jurisdiction before editing,not-established-by-assignment-or-html-parsing
/uae/services/criminal-investigations/police-complaint-defence,en,uae,legal matter,Police complaint defence,no-direct-query-evidence-in-inputs,,Research same-language queries for this specific purpose; lack of evidence is not lack of demand,not-established-by-assignment-or-html-parsing
/uae/services/criminal-investigations/travel-ban-and-detention-concern,en,uae,legal matter,Travel-ban and detention concern,no-direct-query-evidence-in-inputs,,Research same-language queries for this specific purpose; lack of evidence is not lack of demand,not-established-by-assignment-or-html-parsing
/uae/services/employment-labour,en,uae,service,Employment & Labour Relations in the United Arab Emirates,dated-observed-query-candidates,employment attorney | employment dispute lawyer | employment law attorney | employment law firm | employment law specialist | employment lawyer | employment lawyers,"Monitor changes in purpose, services and observed searches; linked-page work remains separate",currently-reviewed-intents-complete-for-defined-page-purpose
/uae/services/employment-labour/commission-and-bonus-payment-dispute,en,uae,legal matter,Commission and bonus payment dispute,no-direct-query-evidence-in-inputs,,Research same-language queries for this specific purpose; lack of evidence is not lack of demand,not-established-by-assignment-or-html-parsing
/uae/services/employment-labour/delayed-or-unpaid-salary,en,uae,legal matter,Delayed or unpaid salary,dated-observed-query-candidates,pay disputes | payroll laws,Validate candidate queries against full answers and jurisdiction before editing,not-established-by-assignment-or-html-parsing
/uae/services/employment-labour/disciplinary-warning-and-workplace-investigation,en,uae,legal matter,Disciplinary warning and workplace investigation,no-direct-query-evidence-in-inputs,,Research same-language queries for this specific purpose; lack of evidence is not lack of demand,not-established-by-assignment-or-html-parsing
/uae/services/employment-labour/end-of-service-benefits-and-final-settlement-dispute,en,uae,legal matter,End-of-service benefits and final-settlement dispute,no-direct-query-evidence-in-inputs,,Research same-language queries for this specific purpose; lack of evidence is not lack of demand,not-established-by-assignment-or-html-parsing
/uae/services/employment-labour/experience-certificate-and-work-permit-dispute,en,uae,legal matter,Experience certificate and work-permit dispute,no-direct-query-evidence-in-inputs,,Research same-language queries for this specific purpose; lack of evidence is not lack of demand,not-established-by-assignment-or-html-parsing
/uae/services/employment-labour/resignation-because-of-unpaid-wages,en,uae,legal matter,Resignation because of unpaid wages,no-direct-query-evidence-in-inputs,,Research same-language queries for this specific purpose; lack of evidence is not lack of demand,not-established-by-assignment-or-html-parsing
/uae/services/employment-labour/sponsorship-and-work-permit-transfer-dispute,en,uae,legal matter,Sponsorship and work-permit transfer dispute,no-direct-query-evidence-in-inputs,,Research same-language queries for this specific purpose; lack of evidence is not lack of demand,not-established-by-assignment-or-html-parsing
/uae/services/employment-labour/work-injury-and-compensation-claim,en,uae,legal matter,Work injury and compensation claim,no-direct-query-evidence-in-inputs,,Research same-language queries for this specific purpose; lack of evidence is not lack of demand,not-established-by-assignment-or-html-parsing
/uae/services/employment-labour/wrongful-termination-and-labour-complaint,en,uae,legal matter,Wrongful termination and labour complaint,dated-observed-query-candidates,unfair termination lawyers | wrongful termination lawyer,Validate candidate queries against full answers and jurisdiction before editing,not-established-by-assignment-or-html-parsing
/uae/services/enforcement-debt-recovery,en,uae,service,Enforcement & Debt Recovery in the United Arab Emirates,dated-observed-query-candidates,collection attorneys | debt collection attorney | debt collection lawyer | debt recovery lawyer | debt recovery services | law recovery,"Monitor changes in purpose, services and observed searches; linked-page work remains separate",currently-reviewed-intents-complete-for-defined-page-purpose
/uae/services/enforcement-debt-recovery/asset-tracing-and-debtor-investigation,en,uae,legal matter,Asset tracing and debtor investigation,no-direct-query-evidence-in-inputs,,Research same-language queries for this specific purpose; lack of evidence is not lack of demand,not-established-by-assignment-or-html-parsing
/uae/services/enforcement-debt-recovery/bounced-cheque-defence-and-criminal-complaint-concern,en,uae,legal matter,Bounced-cheque defence and criminal complaint concern,no-direct-query-evidence-in-inputs,,Research same-language queries for this specific purpose; lack of evidence is not lack of demand,not-established-by-assignment-or-html-parsing
/uae/services/enforcement-debt-recovery/bounced-cheque-execution,en,uae,legal matter,Bounced cheque execution,no-direct-query-evidence-in-inputs,,Research same-language queries for this specific purpose; lack of evidence is not lack of demand,not-established-by-assignment-or-html-parsing
/uae/services/enforcement-debt-recovery/foreign-judgment-enforcement,en,uae,legal matter,Foreign judgment enforcement,dated-observed-query-candidates,foreign judgment enforcement,Validate candidate queries against full answers and jurisdiction before editing,not-established-by-assignment-or-html-parsing
/uae/services/enforcement-debt-recovery/payment-order-and-urgent-debt-recovery,en,uae,legal matter,Payment order and urgent debt recovery,no-direct-query-evidence-in-inputs,,Research same-language queries for this specific purpose; lack of evidence is not lack of demand,not-established-by-assignment-or-html-parsing
/uae/services/enforcement-debt-recovery/service-suspension-and-asset-freezing-request,en,uae,legal matter,Service suspension and asset-freezing request,no-direct-query-evidence-in-inputs,,Research same-language queries for this specific purpose; lack of evidence is not lack of demand,not-established-by-assignment-or-html-parsing
/uae/services/enforcement-debt-recovery/travel-ban-application-for-debt-recovery,en,uae,legal matter,Travel-ban application for debt recovery,no-direct-query-evidence-in-inputs,,Research same-language queries for this specific purpose; lack of evidence is not lack of demand,not-established-by-assignment-or-html-parsing
/uae/services/enforcement-debt-recovery/wrongful-debt-collection-or-creditor-harassment-complaint,en,uae,legal matter,Wrongful debt-collection or creditor harassment complaint,no-direct-query-evidence-in-inputs,,Research same-language queries for this specific purpose; lack of evidence is not lack of demand,not-established-by-assignment-or-html-parsing
/uae/services/family-personal-status,en,uae,service,Family & Personal Status in the United Arab Emirates,dated-observed-query-candidates,family and estate,"Monitor changes in purpose, services and observed searches; linked-page work remains separate",currently-reviewed-intents-complete-for-defined-page-purpose
/uae/services/family-personal-status/alimony-and-child-maintenance-claim,en,uae,legal matter,Alimony and child-maintenance claim,no-direct-query-evidence-in-inputs,,Research same-language queries for this specific purpose; lack of evidence is not lack of demand,not-established-by-assignment-or-html-parsing
/uae/services/family-personal-status/child-custody-and-visitation-dispute,en,uae,legal matter,Child custody and visitation dispute,no-direct-query-evidence-in-inputs,,Research same-language queries for this specific purpose; lack of evidence is not lack of demand,not-established-by-assignment-or-html-parsing
/uae/services/family-personal-status/child-relocation-and-travel-dispute,en,uae,legal matter,Child relocation and travel dispute,no-direct-query-evidence-in-inputs,,Research same-language queries for this specific purpose; lack of evidence is not lack of demand,not-established-by-assignment-or-html-parsing
/uae/services/family-personal-status/divorce-filing-and-personal-status-procedure,en,uae,legal matter,Divorce filing and personal-status procedure,no-direct-query-evidence-in-inputs,,Research same-language queries for this specific purpose; lack of evidence is not lack of demand,not-established-by-assignment-or-html-parsing
/uae/services/family-personal-status/inheritance-document-and-civil-record-correction,en,uae,legal matter,Inheritance document and civil-record correction,no-direct-query-evidence-in-inputs,,Research same-language queries for this specific purpose; lack of evidence is not lack of demand,not-established-by-assignment-or-html-parsing
/uae/services/family-personal-status/marriage-registration-and-certificate-problem,en,uae,legal matter,Marriage registration and certificate problem,no-direct-query-evidence-in-inputs,,Research same-language queries for this specific purpose; lack of evidence is not lack of demand,not-established-by-assignment-or-html-parsing
/uae/services/family-personal-status/paternity-dispute,en,uae,legal matter,Paternity dispute,no-direct-query-evidence-in-inputs,,Research same-language queries for this specific purpose; lack of evidence is not lack of demand,not-established-by-assignment-or-html-parsing
/uae/services/family-personal-status/recognition-of-foreign-family-judgment,en,uae,legal matter,Recognition of foreign family judgment,no-direct-query-evidence-in-inputs,,Research same-language queries for this specific purpose; lack of evidence is not lack of demand,not-established-by-assignment-or-html-parsing
/uae/services/family-personal-status/visitation-order-enforcement,en,uae,legal matter,Visitation order enforcement,no-direct-query-evidence-in-inputs,,Research same-language queries for this specific purpose; lack of evidence is not lack of demand,not-established-by-assignment-or-html-parsing
/uae/services/foreign-investment-market-entry,en,uae,service,Foreign Investment & Market Entry in the United Arab Emirates,no-direct-query-evidence-in-inputs,,"Monitor changes in purpose, services and observed searches; linked-page work remains separate",currently-reviewed-intents-complete-for-defined-page-purpose
/uae/services/foreign-investment-market-entry/foreign-investor-and-local-partner-dispute,en,uae,legal matter,Foreign investor and local-partner dispute,no-direct-query-evidence-in-inputs,,Research same-language queries for this specific purpose; lack of evidence is not lack of demand,not-established-by-assignment-or-html-parsing
/uae/services/foreign-investment-market-entry/foreign-investor-compensation-claim,en,uae,legal matter,Foreign investor compensation claim,no-direct-query-evidence-in-inputs,,Research same-language queries for this specific purpose; lack of evidence is not lack of demand,not-established-by-assignment-or-html-parsing
/uae/services/foreign-investment-market-entry/investment-licence-refusal-or-cancellation,en,uae,legal matter,Investment licence refusal or cancellation,no-direct-query-evidence-in-inputs,,Research same-language queries for this specific purpose; lack of evidence is not lack of demand,not-established-by-assignment-or-html-parsing
/uae/services/healthcare-medical-liability,en,uae,service,Healthcare & Medical Liability in the United Arab Emirates,dated-observed-query-candidates,healthcare lawyer | lawyer medical negligence | medical injury lawyer | medical law attorney | medical legal consultant | medical liability attorneys | medical malpractice lawyer | medical malpractice lawyers near me,"Monitor changes in purpose, services and observed searches; linked-page work remains separate",currently-reviewed-intents-complete-for-defined-page-purpose
/uae/services/healthcare-medical-liability/medical-record-access-dispute,en,uae,legal matter,Medical-record access dispute,no-direct-query-evidence-in-inputs,,Research same-language queries for this specific purpose; lack of evidence is not lack of demand,not-established-by-assignment-or-html-parsing
/uae/services/healthcare-medical-liability/misdiagnosis-and-delayed-diagnosis,en,uae,legal matter,Misdiagnosis and delayed diagnosis,no-direct-query-evidence-in-inputs,,Research same-language queries for this specific purpose; lack of evidence is not lack of demand,not-established-by-assignment-or-html-parsing
/uae/services/healthcare-medical-liability/treatment-injury-and-compensation-claim,en,uae,legal matter,Treatment injury and compensation claim,no-direct-query-evidence-in-inputs,,Research same-language queries for this specific purpose; lack of evidence is not lack of demand,not-established-by-assignment-or-html-parsing
/uae/services/immigration-residency,en,uae,service,"Entry, Residency & Immigration in the United Arab Emirates",no-direct-query-evidence-in-inputs,,"Monitor changes in purpose, services and observed searches; linked-page work remains separate",currently-reviewed-intents-complete-for-defined-page-purpose
/uae/services/immigration-residency/emirates-id-and-residency-cancellation-problem,en,uae,legal matter,Emirates ID and residency cancellation problem,no-direct-query-evidence-in-inputs,,Research same-language queries for this specific purpose; lack of evidence is not lack of demand,not-established-by-assignment-or-html-parsing
/uae/services/immigration-residency/entry-exit-and-travel-restriction-problem,en,uae,legal matter,"Entry, exit and travel restriction problem",no-direct-query-evidence-in-inputs,,Research same-language queries for this specific purpose; lack of evidence is not lack of demand,not-established-by-assignment-or-html-parsing
/uae/services/immigration-residency/residence-ban-and-entry-restriction,en,uae,legal matter,Residence ban and entry restriction,no-direct-query-evidence-in-inputs,,Research same-language queries for this specific purpose; lack of evidence is not lack of demand,not-established-by-assignment-or-html-parsing
/uae/services/immigration-residency/visa-cancellation-and-overstay-dispute,en,uae,legal matter,Visa cancellation and overstay dispute,no-direct-query-evidence-in-inputs,,Research same-language queries for this specific purpose; lack of evidence is not lack of demand,not-established-by-assignment-or-html-parsing
/uae/services/immigration-residency/visa-overstay-and-immigration-penalty-dispute,en,uae,legal matter,Visa overstay and immigration penalty dispute,no-direct-query-evidence-in-inputs,,Research same-language queries for this specific purpose; lack of evidence is not lack of demand,not-established-by-assignment-or-html-parsing
/uae/services/immigration-residency/work-permit-refusal-or-cancellation,en,uae,legal matter,Work-permit refusal or cancellation,no-direct-query-evidence-in-inputs,,Research same-language queries for this specific purpose; lack of evidence is not lack of demand,not-established-by-assignment-or-html-parsing
/uae/services/insolvency-restructuring,en,uae,service,Financial Restructuring & Bankruptcy in the United Arab Emirates,no-direct-query-evidence-in-inputs,,"Monitor changes in purpose, services and observed searches; linked-page work remains separate",currently-reviewed-intents-complete-for-defined-page-purpose
/uae/services/insolvency-restructuring/business-debt-restructuring,en,uae,legal matter,Business debt restructuring,no-direct-query-evidence-in-inputs,,"Monitor changes in purpose, services and observed searches; linked-page work remains separate",currently-reviewed-intents-complete-for-defined-page-purpose
/uae/services/insolvency-restructuring/creditor-claim-in-insolvency,en,uae,legal matter,Creditor claim in insolvency,no-direct-query-evidence-in-inputs,,"Monitor changes in purpose, services and observed searches; linked-page work remains separate",currently-reviewed-intents-complete-for-defined-page-purpose
/uae/services/insolvency-restructuring/director-liability-in-insolvency,en,uae,legal matter,Director liability in insolvency,no-direct-query-evidence-in-inputs,,"Monitor changes in purpose, services and observed searches; linked-page work remains separate",currently-reviewed-intents-complete-for-defined-page-purpose
/uae/services/insurance,en,uae,service,Insurance & Coverage Disputes in the United Arab Emirates,dated-observed-query-candidates,auto insurance lawyer near me | car insurance lawyer | health insurance lawyer | insurance disputes lawyer | insurance lawyer | insurance regulatory lawyer,"Monitor changes in purpose, services and observed searches; linked-page work remains separate",currently-reviewed-intents-complete-for-defined-page-purpose
/uae/services/insurance/delayed-insurance-settlement,en,uae,legal matter,Delayed insurance settlement,no-direct-query-evidence-in-inputs,,Research same-language queries for this specific purpose; lack of evidence is not lack of demand,not-established-by-assignment-or-html-parsing
/uae/services/insurance/denied-insurance-claim,en,uae,legal matter,Denied insurance claim,no-direct-query-evidence-in-inputs,,Research same-language queries for this specific purpose; lack of evidence is not lack of demand,not-established-by-assignment-or-html-parsing
/uae/services/insurance/policy-coverage-dispute,en,uae,legal matter,Policy coverage dispute,dated-observed-query-candidates,insurance coverage lawyer,Validate candidate queries against full answers and jurisdiction before editing,not-established-by-assignment-or-html-parsing
/uae/services/insurance/traffic-accident-liability-and-compensation,en,uae,legal matter,Traffic accident liability and compensation,no-direct-query-evidence-in-inputs,,Research same-language queries for this specific purpose; lack of evidence is not lack of demand,not-established-by-assignment-or-html-parsing
/uae/services/insurance/traffic-report-and-fault-dispute,en,uae,legal matter,Traffic report and fault dispute,no-direct-query-evidence-in-inputs,,Research same-language queries for this specific purpose; lack of evidence is not lack of demand,not-established-by-assignment-or-html-parsing
/uae/services/insurance/uninsured-accident-compensation-claim,en,uae,legal matter,Uninsured accident compensation claim,no-direct-query-evidence-in-inputs,,Research same-language queries for this specific purpose; lack of evidence is not lack of demand,not-established-by-assignment-or-html-parsing
/uae/services/intellectual-property,en,uae,service,Intellectual Property & Brand Protection in the United Arab Emirates,no-direct-query-evidence-in-inputs,,"Monitor changes in purpose, services and observed searches; linked-page work remains separate",currently-reviewed-intents-complete-for-defined-page-purpose
/uae/services/intellectual-property/copyright-infringement-online,en,uae,legal matter,Copyright infringement online,no-direct-query-evidence-in-inputs,,Research same-language queries for this specific purpose; lack of evidence is not lack of demand,not-established-by-assignment-or-html-parsing
/uae/services/intellectual-property/counterfeit-and-brand-infringement,en,uae,legal matter,Counterfeit and brand infringement,no-direct-query-evidence-in-inputs,,Research same-language queries for this specific purpose; lack of evidence is not lack of demand,not-established-by-assignment-or-html-parsing
/uae/services/intellectual-property/trademark-opposition-and-cancellation,en,uae,legal matter,Trademark opposition and cancellation,dated-observed-query-candidates,trademark opposition uae,Validate candidate queries against full answers and jurisdiction before editing,not-established-by-assignment-or-html-parsing
/uae/services/litigation-court-disputes,en,uae,service,Civil & Commercial Litigation in the United Arab Emirates,no-direct-query-evidence-in-inputs,,"Monitor changes in purpose, services and observed searches; linked-page work remains separate",currently-reviewed-intents-complete-for-defined-page-purpose
/uae/services/litigation-court-disputes/appeal-deadline-and-filing-problem,en,uae,legal matter,Appeal deadline and filing problem,no-direct-query-evidence-in-inputs,,Research same-language queries for this specific purpose; lack of evidence is not lack of demand,not-established-by-assignment-or-html-parsing
/uae/services/litigation-court-disputes/court-service-and-notification-problem,en,uae,legal matter,Court service and notification problem,no-direct-query-evidence-in-inputs,,Research same-language queries for this specific purpose; lack of evidence is not lack of demand,not-established-by-assignment-or-html-parsing
/uae/services/litigation-court-disputes/expert-evidence-and-report-dispute,en,uae,legal matter,Expert evidence and report dispute,no-direct-query-evidence-in-inputs,,Research same-language queries for this specific purpose; lack of evidence is not lack of demand,not-established-by-assignment-or-html-parsing
/uae/services/maritime-aviation-transport,en,uae,service,"Maritime, Aviation & Transport in the United Arab Emirates",no-direct-query-evidence-in-inputs,,"Monitor changes in purpose, services and observed searches; linked-page work remains separate",currently-reviewed-intents-complete-for-defined-page-purpose
/uae/services/maritime-aviation-transport/cargo-damage-and-transport-claim,en,uae,legal matter,Cargo damage and transport claim,no-direct-query-evidence-in-inputs,,Research same-language queries for this specific purpose; lack of evidence is not lack of demand,not-established-by-assignment-or-html-parsing
/uae/services/maritime-aviation-transport/passenger-compensation-claim,en,uae,legal matter,Passenger compensation claim,no-direct-query-evidence-in-inputs,,Research same-language queries for this specific purpose; lack of evidence is not lack of demand,not-established-by-assignment-or-html-parsing
/uae/services/maritime-aviation-transport/shipping-delay-and-delivery-dispute,en,uae,legal matter,Shipping delay and delivery dispute,no-direct-query-evidence-in-inputs,,Research same-language queries for this specific purpose; lack of evidence is not lack of demand,not-established-by-assignment-or-html-parsing
/uae/services/real-estate-construction,en,uae,service,Real Estate & Construction in the United Arab Emirates,dated-observed-query-candidates,construction lawyer | land law lawyers | property dispute | real estate legal services,"Monitor changes in purpose, services and observed searches; linked-page work remains separate",currently-reviewed-intents-complete-for-defined-page-purpose
/uae/services/real-estate-construction/bounced-rental-cheque,en,uae,legal matter,Bounced rental cheque,no-direct-query-evidence-in-inputs,,Research same-language queries for this specific purpose; lack of evidence is not lack of demand,not-established-by-assignment-or-html-parsing
/uae/services/real-estate-construction/construction-delay-and-defective-construction,en,uae,legal matter,Construction delay and defective construction,no-direct-query-evidence-in-inputs,,Research same-language queries for this specific purpose; lack of evidence is not lack of demand,not-established-by-assignment-or-html-parsing
/uae/services/real-estate-construction/dubai-tenancy-and-rera-rental-dispute,en,uae,legal matter,Dubai tenancy and Rental Disputes Center claim,no-direct-query-evidence-in-inputs,,Research same-language queries for this specific purpose; lack of evidence is not lack of demand,not-established-by-assignment-or-html-parsing
/uae/services/real-estate-construction/eviction-notice-and-eviction-dispute,en,uae,legal matter,Eviction notice and eviction dispute,no-direct-query-evidence-in-inputs,,Research same-language queries for this specific purpose; lack of evidence is not lack of demand,not-established-by-assignment-or-html-parsing
/uae/services/real-estate-construction/expropriation-and-compensation-claim,en,uae,legal matter,Expropriation and compensation claim,no-direct-query-evidence-in-inputs,,Research same-language queries for this specific purpose; lack of evidence is not lack of demand,not-established-by-assignment-or-html-parsing
/uae/services/real-estate-construction/landlord-notice-and-tenant-settlement-problem,en,uae,legal matter,Landlord notice and tenant settlement problem,no-direct-query-evidence-in-inputs,,Research same-language queries for this specific purpose; lack of evidence is not lack of demand,not-established-by-assignment-or-html-parsing
/uae/services/real-estate-construction/property-encroachment-and-boundary-dispute,en,uae,legal matter,Property encroachment and boundary dispute,no-direct-query-evidence-in-inputs,,Research same-language queries for this specific purpose; lack of evidence is not lack of demand,not-established-by-assignment-or-html-parsing
/uae/services/real-estate-construction/property-service-charge-and-maintenance-dispute,en,uae,legal matter,Property service-charge and maintenance dispute,no-direct-query-evidence-in-inputs,,Research same-language queries for this specific purpose; lack of evidence is not lack of demand,not-established-by-assignment-or-html-parsing
/uae/services/real-estate-construction/security-deposit-recovery,en,uae,legal matter,Security deposit recovery,no-direct-query-evidence-in-inputs,,Research same-language queries for this specific purpose; lack of evidence is not lack of demand,not-established-by-assignment-or-html-parsing
/uae/services/real-estate-construction/title-deed-and-registration-dispute,en,uae,legal matter,Title deed and registration dispute,no-direct-query-evidence-in-inputs,,Research same-language queries for this specific purpose; lack of evidence is not lack of demand,not-established-by-assignment-or-html-parsing
/uae/services/real-estate-construction/unpaid-rent-and-rental-payment-claim,en,uae,legal matter,Unpaid rent and rental payment claim,no-direct-query-evidence-in-inputs,,Research same-language queries for this specific purpose; lack of evidence is not lack of demand,not-established-by-assignment-or-html-parsing
/uae/services/tax-vat,en,uae,service,"Corporate Tax, VAT & Tax Disputes in the United Arab Emirates",dated-observed-query-candidates,tax and legal services | tax attorney | tax attorneys | tax lawyer | vat | vat dispute resolution,"Monitor changes in purpose, services and observed searches; linked-page work remains separate",currently-reviewed-intents-complete-for-defined-page-purpose
/uae/services/tax-vat/corporate-tax-registration-and-filing-problem,en,uae,legal matter,Corporate-tax registration and filing problem,no-direct-query-evidence-in-inputs,,Research same-language queries for this specific purpose; lack of evidence is not lack of demand,not-established-by-assignment-or-html-parsing
/uae/services/tax-vat/customs-penalty-challenge,en,uae,legal matter,Customs penalty challenge,no-direct-query-evidence-in-inputs,,Research same-language queries for this specific purpose; lack of evidence is not lack of demand,not-established-by-assignment-or-html-parsing
/uae/services/tax-vat/tax-audit-and-assessment-objection,en,uae,legal matter,Tax audit and assessment objection,no-direct-query-evidence-in-inputs,,Research same-language queries for this specific purpose; lack of evidence is not lack of demand,not-established-by-assignment-or-html-parsing
/uae/services/tax-vat/vat-invoice-and-tax-correction-dispute,en,uae,legal matter,VAT invoice and tax-correction dispute,no-direct-query-evidence-in-inputs,,Research same-language queries for this specific purpose; lack of evidence is not lack of demand,not-established-by-assignment-or-html-parsing
/uae/services/tax-vat/vat-refund-and-registration-dispute,en,uae,legal matter,VAT refund and registration dispute,no-direct-query-evidence-in-inputs,,Research same-language queries for this specific purpose; lack of evidence is not lack of demand,not-established-by-assignment-or-html-parsing
/uae/services/technology-data-protection,en,uae,service,"Technology, Data Protection & Cybercrime in the United Arab Emirates",dated-observed-query-candidates,cyber crime lawyer,"Monitor changes in purpose, services and observed searches; linked-page work remains separate",currently-reviewed-intents-complete-for-defined-page-purpose
/uae/services/technology-data-protection/hacked-account-and-unauthorized-access,en,uae,legal matter,Hacked account and unauthorized access,no-direct-query-evidence-in-inputs,,Research same-language queries for this specific purpose; lack of evidence is not lack of demand,not-established-by-assignment-or-html-parsing
/uae/services/technology-data-protection/online-defamation-and-removal-request,en,uae,legal matter,Online defamation and removal request,no-direct-query-evidence-in-inputs,,Research same-language queries for this specific purpose; lack of evidence is not lack of demand,not-established-by-assignment-or-html-parsing
/uae/services/technology-data-protection/personal-data-breach-response,en,uae,legal matter,Personal-data breach response,no-direct-query-evidence-in-inputs,,Research same-language queries for this specific purpose; lack of evidence is not lack of demand,not-established-by-assignment-or-html-parsing
/uae/services/wills-estates,en,uae,service,"Wills, Estates & Succession in the United Arab Emirates",no-direct-query-evidence-in-inputs,,"Monitor changes in purpose, services and observed searches; linked-page work remains separate",currently-reviewed-intents-complete-for-defined-page-purpose
/uae/services/wills-estates/estate-administration-and-asset-transfer,en,uae,legal matter,Estate administration and asset transfer,no-direct-query-evidence-in-inputs,,Research same-language queries for this specific purpose; lack of evidence is not lack of demand,not-established-by-assignment-or-html-parsing
/uae/services/wills-estates/foreign-will-recognition-and-probate,en,uae,legal matter,Foreign will recognition and probate,no-direct-query-evidence-in-inputs,,Research same-language queries for this specific purpose; lack of evidence is not lack of demand,not-established-by-assignment-or-html-parsing
/uae/services/wills-estates/inheritance-distribution-dispute,en,uae,legal matter,Inheritance distribution dispute,no-direct-query-evidence-in-inputs,,Research same-language queries for this specific purpose; lack of evidence is not lack of demand,not-established-by-assignment-or-html-parsing
/uae/terms-of-service,en,uae,shared or regional page,Terms of Service,no-direct-query-evidence-in-inputs,,Research same-language queries for this specific purpose; lack of evidence is not lack of demand,not-established-by-assignment-or-html-parsing
/uae/vision,en,uae,shared or regional page,"Law—closer, clearer, and more trustworthy",no-direct-query-evidence-in-inputs,,Research same-language queries for this specific purpose; lack of evidence is not lack of demand,not-established-by-assignment-or-html-parsing
